;FLAVOR:Marlin
;TIME:2392
;Filament used: 2.32619m
;Layer height: 0.28
;MINX:21.228
;MINY:3.817
;MINZ:0.2
;MAXX:83.225
;MAXY:130.817
;MAXZ:4.96
;TARGET_MACHINE.NAME:Creality Ender-3 S1
;Generated with Cura_SteamEngine 5.10.2
; Ender 3 S1 Start G-code
; M413 S0 ; Disable power loss recovery
G92 E0 ; Reset Extruder

; Prep surfaces before auto home for better accuracy
M140 S70
M104 S240.0

G28 ; Home all axes
G1 Z10.0 F3000 ; Move Z Axis up little to prevent scratching of Heat Bed
G1 X0 Y0

M190 S70
M109 S240.0

G1 X0.1 Y20 Z0.3 F5000.0 ; Move to start position
G1 X0.1 Y200.0 Z0.3 F1500.0 E15 ; Draw the first line
G1 X0.4 Y200.0 Z0.3 F5000.0 ; Move to side a little
G1 X0.4 Y20 Z0.3 F1500.0 E30 ; Draw the second line
G92 E0 ; Reset Extruder
G1 Z2.0 F3000 ; Move Z Axis up little to prevent scratching of Heat Bed
G1 X5 Y20 Z0.3 F5000.0 ; Move over to prevent blob squish

M82 ;absolute extrusion mode
G92 E0
G92 E0
G1 F2400 E-0.8
;LAYER_COUNT:18
;LAYER:0
M107
M204 S2000
G0 F6000 X21.409 Y5.782 Z0.2
M204 S500
;TYPE:SKIRT
G1 F2400 E0
G1 F900 X21.819 Y4.989 E0.02969
G1 X22.406 Y4.444 E0.05633
G1 X23.199 Y3.971 E0.08704
G1 X24.03 Y3.833 E0.11506
G1 X34.503 Y3.817 E0.4634
G1 X35.254 Y3.998 E0.48909
G1 X36.044 Y4.408 E0.51869
G1 X36.588 Y4.995 E0.54531
G1 X37.061 Y5.788 E0.57602
G1 X37.199 Y6.619 E0.60404
G1 X37.222 Y99.182 E3.6827
G1 X71.523 Y99.182 E4.82355
G1 X72.261 Y99.363 E4.84883
G1 X73.054 Y99.773 E4.87852
G1 X73.599 Y100.36 E4.90516
G1 X74.072 Y101.153 E4.93587
G1 X74.21 Y101.984 E4.96389
G1 X74.226 Y106.359 E5.1094
G1 X80.523 Y106.359 E5.31884
G1 X81.261 Y106.54 E5.34412
G1 X82.054 Y106.95 E5.37381
G1 X82.599 Y107.537 E5.40045
G1 X83.072 Y108.33 E5.43116
G1 X83.21 Y109.161 E5.45918
G1 X83.225 Y128.115 E6.08959
G1 X83.044 Y128.853 E6.11486
G1 X82.634 Y129.646 E6.14456
G1 X82.047 Y130.191 E6.1712
G1 X81.254 Y130.664 E6.20191
G1 X80.423 Y130.802 E6.22992
G1 X68.93 Y130.817 E6.61218
G1 X68.192 Y130.636 E6.63746
G1 X67.399 Y130.226 E6.66715
G1 X66.854 Y129.639 E6.69379
G1 X66.381 Y128.846 E6.7245
G1 X66.243 Y128.015 E6.75252
G1 X66.228 Y115.435 E7.17093
G1 X23.93 Y115.435 E8.57777
G1 X23.192 Y115.254 E8.60304
G1 X22.399 Y114.844 E8.63273
G1 X21.854 Y114.257 E8.65938
G1 X21.381 Y113.464 E8.69009
G1 X21.243 Y112.633 E8.7181
G1 X21.228 Y6.52 E12.24744
G1 X21.409 Y5.782 E12.27271
M204 S2000
G0 F6000 X21.787 Y5.921
M204 S500
G1 F900 X22.142 Y5.234 E12.29843
G1 X22.645 Y4.768 E12.32124
G1 X23.339 Y4.354 E12.34811
G1 X24.096 Y4.228 E12.37364
G1 X34.455 Y4.217 E12.71818
G1 X35.114 Y4.376 E12.74073
G1 X35.798 Y4.731 E12.76636
G1 X36.264 Y5.234 E12.78917
G1 X36.678 Y5.928 E12.81604
G1 X36.804 Y6.685 E12.84157
G1 X36.822 Y99.582 E15.93133
G1 X71.473 Y99.582 E17.08383
G1 X72.122 Y99.741 E17.10605
G1 X72.809 Y100.096 E17.13178
G1 X73.275 Y100.599 E17.15458
G1 X73.689 Y101.293 E17.18146
G1 X73.815 Y102.05 E17.20698
G1 X73.827 Y106.759 E17.36361
G1 X80.473 Y106.759 E17.58465
G1 X81.122 Y106.918 E17.60688
G1 X81.809 Y107.273 E17.6326
G1 X82.275 Y107.776 E17.6554
G1 X82.689 Y108.47 E17.68228
G1 X82.815 Y109.227 E17.7078
G1 X82.825 Y128.065 E18.33436
G1 X82.666 Y128.714 E18.35658
G1 X82.311 Y129.401 E18.3823
G1 X81.808 Y129.867 E18.40511
G1 X81.114 Y130.281 E18.43199
G1 X80.357 Y130.407 E18.45751
G1 X68.98 Y130.417 E18.83591
G1 X68.331 Y130.258 E18.85814
G1 X67.644 Y129.903 E18.88386
G1 X67.178 Y129.4 E18.90666
G1 X66.764 Y128.706 E18.93354
G1 X66.638 Y127.949 E18.95906
G1 X66.628 Y115.035 E19.38859
G1 X23.98 Y115.035 E20.80706
G1 X23.331 Y114.876 E20.82929
G1 X22.644 Y114.521 E20.85501
G1 X22.178 Y114.018 E20.87781
G1 X21.764 Y113.324 E20.90469
G1 X21.638 Y112.567 E20.93022
G1 X21.628 Y6.57 E24.45569
G1 X21.787 Y5.921 E24.47792
M204 S2000
G0 F6000 X22.165 Y6.06
M204 S500
G1 F900 X22.465 Y5.48 E24.49963
G1 X22.884 Y5.092 E24.51863
G1 X23.479 Y4.737 E24.54167
G1 X24.162 Y4.623 E24.5647
G1 X34.407 Y4.617 E24.90545
G1 X34.974 Y4.754 E24.92485
G1 X35.552 Y5.054 E24.94651
G1 X35.94 Y5.473 E24.96551
G1 X36.295 Y6.068 E24.98855
G1 X36.409 Y6.751 E25.01158
G1 X36.422 Y99.982 E28.11246
G1 X71.423 Y99.982 E29.2766
G1 X71.983 Y100.119 E29.29577
G1 X72.563 Y100.419 E29.31749
G1 X72.951 Y100.838 E29.33648
G1 X73.306 Y101.433 E29.35953
G1 X73.42 Y102.116 E29.38256
G1 X73.428 Y107.159 E29.55029
G1 X80.423 Y107.159 E29.78294
G1 X80.983 Y107.296 E29.80212
G1 X81.563 Y107.596 E29.82384
G1 X81.951 Y108.015 E29.84283
G1 X82.306 Y108.61 E29.86588
G1 X82.42 Y109.293 E29.88891
G1 X82.425 Y128.015 E30.5116
G1 X82.288 Y128.575 E30.53078
G1 X81.988 Y129.155 E30.5525
G1 X81.569 Y129.543 E30.57149
G1 X80.974 Y129.898 E30.59453
G1 X80.291 Y130.012 E30.61757
G1 X69.03 Y130.017 E30.99211
G1 X68.47 Y129.88 E31.01128
G1 X67.89 Y129.58 E31.033
G1 X67.502 Y129.161 E31.05199
G1 X67.147 Y128.566 E31.07504
G1 X67.033 Y127.883 E31.09807
G1 X67.028 Y114.635 E31.5387
G1 X24.03 Y114.635 E32.96882
G1 X23.47 Y114.498 E32.98799
G1 X22.89 Y114.198 E33.00971
G1 X22.502 Y113.779 E33.02871
G1 X22.147 Y113.184 E33.05175
G1 X22.033 Y112.501 E33.07478
G1 X22.028 Y6.62 E36.5964
G1 X22.165 Y6.06 E36.61557
M204 S2000
G0 F6000 X22.543 Y6.199
M204 S500
G1 F900 X22.788 Y5.726 E36.63329
G1 X23.126 Y5.413 E36.64861
G1 X23.617 Y5.12 E36.66763
G1 X24.228 Y5.018 E36.68823
G1 X34.359 Y5.017 E37.02519
G1 X34.834 Y5.132 E37.04145
G1 X35.306 Y5.377 E37.05913
G1 X35.619 Y5.715 E37.07446
G1 X35.912 Y6.206 E37.09347
G1 X36.014 Y6.817 E37.11408
G1 X36.022 Y100.382 E40.22606
G1 X71.373 Y100.382 E41.40184
G1 X71.844 Y100.497 E41.41797
G1 X72.317 Y100.742 E41.43568
G1 X72.63 Y101.08 E41.451
G1 X72.923 Y101.571 E41.47002
G1 X73.025 Y102.182 E41.49063
G1 X73.028 Y107.559 E41.66947
G1 X80.373 Y107.559 E41.91376
G1 X80.844 Y107.674 E41.92989
G1 X81.317 Y107.919 E41.9476
G1 X81.63 Y108.257 E41.96293
G1 X81.923 Y108.748 E41.98194
G1 X82.025 Y109.359 E42.00255
G1 X82.025 Y127.965 E42.62138
G1 X81.91 Y128.436 E42.63751
G1 X81.665 Y128.909 E42.65523
G1 X81.327 Y129.222 E42.67055
G1 X80.836 Y129.515 E42.68957
G1 X80.225 Y129.617 E42.71017
G1 X69.08 Y129.617 E43.08085
G1 X68.609 Y129.502 E43.09698
G1 X68.136 Y129.257 E43.1147
G1 X67.823 Y128.919 E43.13002
G1 X67.53 Y128.428 E43.14904
G1 X67.428 Y127.817 E43.16964
G1 X67.428 Y114.235 E43.62138
G1 X24.08 Y114.235 E45.06314
G1 X23.609 Y114.12 E45.07926
G1 X23.136 Y113.875 E45.09698
G1 X22.823 Y113.537 E45.1123
G1 X22.53 Y113.046 E45.13132
G1 X22.428 Y112.435 E45.15192
G1 X22.428 Y6.67 E48.66968
G1 X22.543 Y6.199 E48.68581
M204 S2000
G0 F6000 X22.921 Y6.338
M204 S500
G1 F900 X23.111 Y5.972 E48.69952
G1 X23.368 Y5.734 E48.71117
G1 X23.755 Y5.503 E48.72616
G1 X24.228 Y5.418 E48.74215
G1 X34.31 Y5.417 E49.07748
G1 X34.694 Y5.51 E49.09062
G1 X35.06 Y5.7 E49.10433
G1 X35.298 Y5.957 E49.11598
G1 X35.529 Y6.344 E49.13097
G1 X35.614 Y6.817 E49.14696
G1 X35.622 Y100.782 E52.27225
G1 X71.323 Y100.782 E53.45967
G1 X71.705 Y100.875 E53.47274
G1 X72.071 Y101.065 E53.48646
G1 X72.309 Y101.322 E53.49811
G1 X72.54 Y101.709 E53.5131
G1 X72.625 Y102.182 E53.52908
G1 X72.628 Y107.959 E53.72123
G1 X80.323 Y107.959 E53.97716
G1 X80.705 Y108.052 E53.99024
G1 X81.071 Y108.242 E54.00396
G1 X81.309 Y108.499 E54.01561
G1 X81.54 Y108.886 E54.0306
G1 X81.625 Y109.359 E54.04658
G1 X81.625 Y127.915 E54.66376
G1 X81.532 Y128.297 E54.67683
G1 X81.342 Y128.663 E54.69055
G1 X81.085 Y128.901 E54.7022
G1 X80.698 Y129.132 E54.71719
G1 X80.225 Y129.217 E54.73317
G1 X69.13 Y129.217 E55.10219
G1 X68.748 Y129.124 E55.11527
G1 X68.382 Y128.934 E55.12899
G1 X68.144 Y128.677 E55.14064
G1 X67.913 Y128.29 E55.15563
G1 X67.828 Y127.817 E55.17161
G1 X67.828 Y113.835 E55.63665
G1 X24.13 Y113.835 E57.09006
G1 X23.748 Y113.742 E57.10313
G1 X23.382 Y113.552 E57.11685
G1 X23.144 Y113.295 E57.1285
G1 X22.913 Y112.908 E57.14349
G1 X22.828 Y112.435 E57.15947
G1 X22.828 Y6.72 E60.67557
G1 X22.921 Y6.338 E60.68864
M204 S2000
G0 F6000 X23.298 Y6.48
M204 S500
G1 F900 X23.435 Y6.217 E60.69851
G1 X23.573 Y6.078 E60.70502
G1 X23.9 Y5.883 E60.71768
G1 X24.228 Y5.818 E60.72881
G1 X34.262 Y5.817 E61.06254
G1 X34.552 Y5.887 E61.07246
G1 X34.815 Y6.024 E61.08232
G1 X34.954 Y6.162 E61.08884
G1 X35.149 Y6.489 E61.1015
G1 X35.214 Y6.817 E61.11262
G1 X35.222 Y101.182 E64.25122
G1 X71.274 Y101.182 E65.45031
G1 X71.563 Y101.252 E65.4602
G1 X71.826 Y101.389 E65.47006
G1 X71.965 Y101.527 E65.47658
G1 X72.16 Y101.854 E65.48924
G1 X72.225 Y102.182 E65.50036
G1 X72.228 Y108.359 E65.70581
G1 X80.274 Y108.359 E65.97342
G1 X80.563 Y108.429 E65.98331
G1 X80.826 Y108.566 E65.99317
G1 X80.965 Y108.704 E65.99969
G1 X81.16 Y109.031 E66.01235
G1 X81.225 Y109.359 E66.02347
G1 X81.225 Y127.866 E66.63902
G1 X81.155 Y128.155 E66.64891
G1 X81.018 Y128.418 E66.65877
G1 X80.88 Y128.557 E66.66529
G1 X80.553 Y128.752 E66.67795
G1 X80.225 Y128.817 E66.68907
G1 X69.179 Y128.817 E67.05646
G1 X68.89 Y128.747 E67.06635
G1 X68.627 Y128.61 E67.07622
G1 X68.488 Y128.472 E67.08273
G1 X68.293 Y128.145 E67.09539
G1 X68.228 Y127.817 E67.10652
G1 X68.228 Y113.435 E67.58486
G1 X24.179 Y113.435 E69.04994
G1 X23.89 Y113.365 E69.05983
G1 X23.627 Y113.228 E69.06969
G1 X23.488 Y113.09 E69.07621
G1 X23.293 Y112.763 E69.08887
G1 X23.228 Y112.435 E69.09999
G1 X23.228 Y6.769 E72.61446
G1 X23.298 Y6.48 E72.62435
M204 S2000
G0 F6000 X24.067 Y6.699
M204 S500
G1 F900 X24.228 Y6.618 E72.63034
G1 X34.214 Y6.617 E72.96248
G1 X34.333 Y6.656 E72.96664
G1 X34.414 Y6.817 E72.97264
G1 X34.422 Y101.982 E76.13784
G1 X71.225 Y101.982 E77.36191
G1 X71.344 Y102.021 E77.36607
G1 X71.425 Y102.182 E77.37207
G1 X71.428 Y109.159 E77.60413
G1 X80.225 Y109.159 E77.89671
G1 X80.344 Y109.198 E77.90088
G1 X80.425 Y109.359 E77.90687
G1 X80.425 Y127.817 E78.52079
G1 X80.386 Y127.936 E78.52495
G1 X80.225 Y128.017 E78.53095
G1 X69.228 Y128.017 E78.89671
G1 X69.109 Y127.978 E78.90088
G1 X69.028 Y127.817 E78.90687
G1 X69.028 Y112.635 E79.41183
G1 X24.228 Y112.635 E80.90188
G1 X24.109 Y112.596 E80.90604
G1 X24.028 Y112.435 E80.91204
G1 X24.028 Y6.818 E84.42487
G1 X24.067 Y6.699 E84.42904
M204 S2000
G0 F6000 X23.687 Y6.574
M204 S500
G1 F900 X23.778 Y6.422 E84.43493
G1 X24.048 Y6.261 E84.44539
G1 X24.228 Y6.218 E84.45154
G1 X34.214 Y6.217 E84.78368
G1 X34.458 Y6.276 E84.79203
G1 X34.61 Y6.367 E84.79792
G1 X34.771 Y6.637 E84.80838
G1 X34.814 Y6.817 E84.81453
G1 X34.822 Y101.582 E87.96643
G1 X71.225 Y101.582 E89.1772
G1 X71.469 Y101.641 E89.18555
G1 X71.621 Y101.732 E89.19144
G1 X71.782 Y102.002 E89.20189
G1 X71.825 Y102.182 E89.20805
G1 X71.828 Y108.759 E89.4268
G1 X80.225 Y108.759 E89.70609
G1 X80.469 Y108.818 E89.71444
G1 X80.621 Y108.909 E89.72033
G1 X80.782 Y109.179 E89.73078
G1 X80.825 Y109.359 E89.73694
G1 X80.825 Y127.817 E90.35085
G1 X80.766 Y128.061 E90.3592
G1 X80.675 Y128.213 E90.3651
G1 X80.405 Y128.374 E90.37555
G1 X80.225 Y128.417 E90.38171
G1 X69.228 Y128.417 E90.74747
G1 X68.984 Y128.358 E90.75582
G1 X68.832 Y128.267 E90.76171
G1 X68.671 Y127.997 E90.77217
G1 X68.628 Y127.817 E90.77832
G1 X68.628 Y113.035 E91.26997
G1 X24.228 Y113.035 E92.74672
G1 X23.984 Y112.976 E92.75507
G1 X23.832 Y112.885 E92.76096
G1 X23.671 Y112.615 E92.77142
G1 X23.628 Y112.435 E92.77758
G1 X23.628 Y6.818 E96.29041
G1 X23.687 Y6.574 E96.29876
M204 S2000
G1 F2400 E95.49876
;MESH:kapaklar (1).stl
G0 F6000 X25.428 Y8.016
G0 X33.04 Y7.988
G0 X33.384 Y103.02
G0 X70.052 Y103.352
G0 X70.39 Y110.197
G0 X79.052 Y110.528
G0 X79.224 Y126.816
M204 S500
;TYPE:WALL-INNER
G1 F2400 E96.29876
G1 F900 X79.224 Y110.356 E96.84622
G1 X71.228 Y110.356 E97.11217
G1 X70.968 Y110.322 E97.12089
G1 X70.757 Y110.239 E97.12843
G1 X70.45 Y109.985 E97.14169
G1 X70.313 Y109.762 E97.15039
G1 X70.228 Y109.357 E97.16415
G1 X70.224 Y103.18 E97.3696
G1 X34.111 Y103.18 E98.57073
G1 X33.77 Y103.074 E98.5826
G1 X33.535 Y102.909 E98.59215
G1 X33.346 Y102.667 E98.60237
G1 X33.22 Y102.311 E98.61493
G1 X33.212 Y7.816 E101.75784
G1 X25.228 Y7.816 E102.02339
G1 X25.229 Y111.431 E105.46964
G1 X69.228 Y111.432 E106.93305
G1 X69.488 Y111.466 E106.94177
G1 X69.844 Y111.643 E106.955
G1 X70.006 Y111.803 E106.96257
G1 X70.143 Y112.026 E106.97128
G1 X70.228 Y112.432 E106.98507
G1 X70.228 Y126.816 E107.46349
G1 X79.224 Y126.816 E107.76269
M204 S2000
G0 F6000 X79.624 Y127.216
M204 S500
G1 F900 X79.624 Y109.956 E108.33676
G1 X71.228 Y109.956 E108.61602
G1 X70.945 Y109.886 E108.62571
G1 X70.761 Y109.734 E108.63365
G1 X70.679 Y109.6 E108.63888
G1 X70.628 Y109.357 E108.64713
G1 X70.624 Y102.78 E108.86589
G1 X34.154 Y102.78 E110.07888
G1 X33.874 Y102.671 E110.08888
G1 X33.748 Y102.551 E110.09466
G1 X33.654 Y102.382 E110.1011
G1 X33.62 Y102.18 E110.10791
G1 X33.612 Y7.416 E113.25977
G1 X24.828 Y7.416 E113.55193
G1 X24.829 Y111.831 E117.02479
G1 X69.228 Y111.832 E118.5015
G1 X69.511 Y111.902 E118.5112
G1 X69.695 Y112.054 E118.51914
G1 X69.777 Y112.188 E118.52436
G1 X69.828 Y112.432 E118.53265
G1 X69.828 Y127.216 E119.02437
G1 X79.624 Y127.216 E119.35019
M204 S2000
G0 F6000 X80.024 Y127.616
M204 S500
;TYPE:WALL-OUTER
G1 F900 X80.024 Y109.556 E119.95086
G1 X71.176 Y109.55 E120.24515
G1 X71.028 Y109.416 E120.25179
G1 X71.024 Y102.38 E120.48581
G1 X34.185 Y102.377 E121.71108
G1 X34.104 Y102.344 E121.71399
G1 X34.02 Y102.234 E121.71859
G1 X34.012 Y7.016 E124.88556
G1 X24.428 Y7.016 E125.20432
G1 X24.429 Y112.231 E128.70379
G1 X69.28 Y112.238 E130.19554
G1 X69.428 Y112.372 E130.20218
G1 X69.428 Y127.616 E130.70919
G1 X80.024 Y127.616 E131.06162
M204 S2000
G0 F6000 X79.745 Y127.337
G0 X79.124 Y126.456
G0 X78.864 Y126.456
M204 S500
;TYPE:SKIN
G1 F900 X70.588 Y126.456 E131.33688
G1 X70.584 Y112.395 E131.80455
G1 X70.472 Y111.875 E131.82224
G1 X70.298 Y111.593 E131.83326
G1 X69.979 Y111.27 E131.84836
G1 X69.556 Y111.113 E131.86337
G1 X69.26 Y111.074 E131.8733
G1 X25.588 Y111.068 E133.32584
G1 X25.588 Y8.176 E136.74804
G1 X32.852 Y8.176 E136.98964
G1 X32.862 Y102.213 E140.11732
G1 X32.935 Y102.635 E140.13157
G1 X33.15 Y103.02 E140.14623
G1 X33.431 Y103.287 E140.15913
G1 X33.768 Y103.462 E140.17176
G1 X34.045 Y103.535 E140.18128
G1 X69.864 Y103.54 E141.37263
G1 X69.871 Y109.392 E141.56727
G1 X69.981 Y109.909 E141.58485
G1 X70.182 Y110.226 E141.59733
G1 X70.474 Y110.51 E141.61088
G1 X70.85 Y110.659 E141.62433
G1 X71.199 Y110.714 E141.63608
G1 X78.864 Y110.716 E141.89102
G1 X78.864 Y126.456 E142.41454
M204 S2000
G1 F2400 E141.61454
G0 F6000 X79.124 Y126.456
G0 X70.4 Y126.644
G0 X70.066 Y111.597
G0 X26.014 Y111.331
G0 X26.015 Y110.868
M204 S500
G1 F2400 E142.41454
G1 F900 X25.787 Y110.64 E142.42526
M204 S2000
G0 F6000 X25.787 Y110.075
M204 S500
G1 F900 X26.581 Y110.868 E142.46258
M204 S2000
G0 F6000 X27.147 Y110.868
M204 S500
G1 F900 X25.787 Y109.509 E142.52653
M204 S2000
G0 F6000 X25.787 Y108.943
M204 S500
G1 F900 X27.712 Y110.868 E142.61708
M204 S2000
G0 F6000 X28.278 Y110.868
M204 S500
G1 F900 X25.787 Y108.378 E142.73422
M204 S2000
G0 F6000 X25.787 Y107.812
M204 S500
G1 F900 X28.844 Y110.868 E142.87799
M204 S2000
G0 F6000 X29.409 Y110.868
M204 S500
G1 F900 X25.787 Y107.246 E143.04836
M204 S2000
G0 F6000 X25.787 Y106.68
M204 S500
G1 F900 X29.976 Y110.869 E143.2454
M204 S2000
G0 F6000 X30.541 Y110.869
M204 S500
G1 F900 X25.787 Y106.115 E143.46901
M204 S2000
G0 F6000 X25.787 Y105.549
M204 S500
G1 F900 X31.107 Y110.869 E143.71925
M204 S2000
G0 F6000 X31.673 Y110.869
M204 S500
G1 F900 X25.787 Y104.983 E143.99611
M204 S2000
G0 F6000 X25.787 Y104.418
M204 S500
G1 F900 X32.238 Y110.869 E144.29954
M204 S2000
G0 F6000 X32.804 Y110.869
M204 S500
G1 F900 X25.787 Y103.852 E144.6296
M204 S2000
G0 F6000 X25.787 Y103.286
M204 S500
G1 F900 X33.37 Y110.869 E144.98628
M204 S2000
G0 F6000 X33.936 Y110.869
M204 S500
G1 F900 X25.787 Y102.721 E145.36956
M204 S2000
G0 F6000 X25.787 Y102.155
M204 S500
G1 F900 X34.502 Y110.869 E145.77946
M204 S2000
G0 F6000 X35.068 Y110.869
M204 S500
G1 F900 X25.787 Y101.589 E146.21599
M204 S2000
G0 F6000 X25.787 Y101.024
M204 S500
G1 F900 X35.633 Y110.869 E146.67909
M204 S2000
G0 F6000 X36.199 Y110.869
M204 S500
G1 F900 X25.787 Y100.458 E147.16882
M204 S2000
G0 F6000 X25.787 Y99.892
M204 S500
G1 F900 X36.765 Y110.87 E147.68519
M204 S2000
G0 F6000 X37.331 Y110.87
M204 S500
G1 F900 X25.787 Y99.327 E148.22816
M204 S2000
G0 F6000 X25.787 Y98.761
M204 S500
G1 F900 X37.897 Y110.87 E148.79775
M204 S2000
G0 F6000 X38.462 Y110.87
M204 S500
G1 F900 X25.787 Y98.195 E149.39395
M204 S2000
G0 F6000 X25.787 Y97.63
M204 S500
G1 F900 X39.028 Y110.87 E150.01674
M204 S2000
G0 F6000 X39.594 Y110.87
M204 S500
G1 F900 X25.787 Y97.064 E150.66615
M204 S2000
G0 F6000 X25.787 Y96.498
M204 S500
G1 F900 X40.159 Y110.87 E151.34217
M204 S2000
G0 F6000 X40.726 Y110.871
M204 S500
G1 F900 X33.11 Y103.255 E151.7004
G1 X32.986 Y103.131
G1 X25.787 Y95.932 E152.03902
M204 S2000
G0 F6000 X25.787 Y95.367
M204 S500
G1 F900 X32.665 Y102.244 E152.36252
M204 S2000
G0 F6000 X32.665 Y101.678
M204 S500
G1 F900 X25.787 Y94.801 E152.68601
M204 S2000
G0 F6000 X25.787 Y94.235
M204 S500
G1 F900 X32.665 Y101.113 E153.00953
M204 S2000
G0 F6000 X32.665 Y100.547
M204 S500
G1 F900 X25.787 Y93.67 E153.33303
M204 S2000
G0 F6000 X25.787 Y93.104
M204 S500
G1 F900 X32.665 Y99.981 E153.65653
M204 S2000
G0 F6000 X32.665 Y99.416
M204 S500
G1 F900 X25.787 Y92.538 E153.98005
M204 S2000
G0 F6000 X25.787 Y91.973
M204 S500
G1 F900 X32.665 Y98.85 E154.30354
M204 S2000
G0 F6000 X32.665 Y98.284
M204 S500
G1 F900 X25.787 Y91.407 E154.62704
M204 S2000
G0 F6000 X25.787 Y90.841
M204 S500
G1 F900 X32.665 Y97.719 E154.95056
M204 S2000
G0 F6000 X32.665 Y97.153
M204 S500
G1 F900 X25.787 Y90.276 E155.27406
M204 S2000
G0 F6000 X25.787 Y89.71
M204 S500
G1 F900 X32.664 Y96.587 E155.59753
M204 S2000
G0 F6000 X32.664 Y96.021
M204 S500
G1 F900 X25.787 Y89.144 E155.921
M204 S2000
G0 F6000 X25.787 Y88.579
M204 S500
G1 F900 X32.664 Y95.455 E156.24445
M204 S2000
G0 F6000 X32.664 Y94.889
M204 S500
G1 F900 X25.787 Y88.013 E156.5679
M204 S2000
G0 F6000 X25.787 Y87.447
M204 S500
G1 F900 X32.664 Y94.324 E156.89137
M204 S2000
G0 F6000 X32.664 Y93.758
M204 S500
G1 F900 X25.787 Y86.882 E157.21482
M204 S2000
G0 F6000 X25.787 Y86.316
M204 S500
G1 F900 X32.664 Y93.192 E157.53827
M204 S2000
G0 F6000 X32.664 Y92.627
M204 S500
G1 F900 X25.787 Y85.75 E157.86175
M204 S2000
G0 F6000 X25.787 Y85.184
M204 S500
G1 F900 X32.664 Y92.061 E158.18522
M204 S2000
G0 F6000 X32.663 Y91.495
M204 S500
G1 F900 X25.787 Y84.619 E158.50865
M204 S2000
G0 F6000 X25.787 Y84.053
M204 S500
G1 F900 X32.663 Y90.929 E158.83207
M204 S2000
G0 F6000 X32.663 Y90.363
M204 S500
G1 F900 X25.787 Y83.487 E159.1555
M204 S2000
G0 F6000 X25.787 Y82.922
M204 S500
G1 F900 X32.663 Y89.798 E159.47892
M204 S2000
G0 F6000 X32.663 Y89.232
M204 S500
G1 F900 X25.787 Y82.356 E159.80235
M204 S2000
G0 F6000 X25.787 Y81.79
M204 S500
G1 F900 X32.663 Y88.666 E160.12578
M204 S2000
G0 F6000 X32.663 Y88.101
M204 S500
G1 F900 X25.787 Y81.225 E160.4492
M204 S2000
G0 F6000 X25.787 Y80.659
M204 S500
G1 F900 X32.663 Y87.535 E160.77263
M204 S2000
G0 F6000 X32.663 Y86.969
M204 S500
G1 F900 X25.787 Y80.093 E161.09605
M204 S2000
G0 F6000 X25.787 Y79.528
M204 S500
G1 F900 X32.663 Y86.403 E161.41946
M204 S2000
G0 F6000 X32.663 Y85.837
M204 S500
G1 F900 X25.787 Y78.962 E161.74286
M204 S2000
G0 F6000 X25.787 Y78.396
M204 S500
G1 F900 X32.663 Y85.271 E162.06626
M204 S2000
G0 F6000 X32.663 Y84.706
M204 S500
G1 F900 X25.787 Y77.831 E162.38966
M204 S2000
G0 F6000 X25.787 Y77.265
M204 S500
G1 F900 X32.663 Y84.14 E162.71307
M204 S2000
G0 F6000 X32.663 Y83.574
M204 S500
G1 F900 X25.787 Y76.699 E163.03647
M204 S2000
G0 F6000 X25.787 Y76.133
M204 S500
G1 F900 X32.663 Y83.009 E163.35989
M204 S2000
G0 F6000 X32.663 Y82.443
M204 S500
G1 F900 X25.787 Y75.568 E163.6833
M204 S2000
G0 F6000 X25.787 Y75.002
M204 S500
G1 F900 X32.663 Y81.877 E164.0067
M204 S2000
G0 F6000 X32.662 Y81.311
M204 S500
G1 F900 X25.787 Y74.436 E164.33008
M204 S2000
G0 F6000 X25.787 Y73.871
M204 S500
G1 F900 X32.662 Y80.745 E164.65343
M204 S2000
G0 F6000 X32.662 Y80.18
M204 S500
G1 F900 X25.787 Y73.305 E164.97681
M204 S2000
G0 F6000 X25.787 Y72.739
M204 S500
G1 F900 X32.662 Y79.614 E165.30019
M204 S2000
G0 F6000 X32.662 Y79.048
M204 S500
G1 F900 X25.787 Y72.174 E165.62355
M204 S2000
G0 F6000 X25.787 Y71.608
M204 S500
G1 F900 X32.662 Y78.482 E165.9469
M204 S2000
G0 F6000 X32.662 Y77.917
M204 S500
G1 F900 X25.787 Y71.042 E166.27028
M204 S2000
G0 F6000 X25.787 Y70.477
M204 S500
G1 F900 X32.662 Y77.351 E166.59364
M204 S2000
G0 F6000 X32.662 Y76.785
M204 S500
G1 F900 X25.787 Y69.911 E166.91699
M204 S2000
G0 F6000 X25.787 Y69.345
M204 S500
G1 F900 X32.662 Y76.22 E167.24037
M204 S2000
G0 F6000 X32.661 Y75.653
M204 S500
G1 F900 X25.787 Y68.78 E167.56368
M204 S2000
G0 F6000 X25.787 Y68.214
M204 S500
G1 F900 X32.661 Y75.088 E167.88701
M204 S2000
G0 F6000 X32.661 Y74.522
M204 S500
G1 F900 X25.787 Y67.648 E168.21034
M204 S2000
G0 F6000 X25.787 Y67.083
M204 S500
G1 F900 X32.661 Y73.956 E168.53365
M204 S2000
G0 F6000 X32.661 Y73.391
M204 S500
G1 F900 X25.787 Y66.517 E168.85698
M204 S2000
G0 F6000 X25.787 Y65.951
M204 S500
G1 F900 X32.661 Y72.825 E169.18031
M204 S2000
G0 F6000 X32.661 Y72.259
M204 S500
G1 F900 X25.787 Y65.385 E169.50365
M204 S2000
G0 F6000 X25.787 Y64.82
M204 S500
G1 F900 X32.661 Y71.694 E169.82698
M204 S2000
G0 F6000 X32.661 Y71.128
M204 S500
G1 F900 X25.787 Y64.254 E170.15031
M204 S2000
G0 F6000 X25.787 Y63.688
M204 S500
G1 F900 X32.661 Y70.561 E170.47362
M204 S2000
G0 F6000 X32.661 Y69.996
M204 S500
G1 F900 X25.787 Y63.123 E170.79693
M204 S2000
G0 F6000 X25.787 Y62.557
M204 S500
G1 F900 X32.661 Y69.43 E171.12024
M204 S2000
G0 F6000 X32.661 Y68.864
M204 S500
G1 F900 X25.787 Y61.991 E171.44354
M204 S2000
G0 F6000 X25.787 Y61.426
M204 S500
G1 F900 X32.661 Y68.299 E171.76685
M204 S2000
G0 F6000 X32.661 Y67.733
M204 S500
G1 F900 X25.787 Y60.86 E172.09016
M204 S2000
G0 F6000 X25.787 Y60.294
M204 S500
G1 F900 X32.661 Y67.167 E172.41347
M204 S2000
G0 F6000 X32.661 Y66.602
M204 S500
G1 F900 X25.787 Y59.729 E172.73678
M204 S2000
G0 F6000 X25.787 Y59.163
M204 S500
G1 F900 X32.661 Y66.036 E173.06009
M204 S2000
G0 F6000 X32.66 Y65.47
M204 S500
G1 F900 X25.787 Y58.597 E173.38337
M204 S2000
G0 F6000 X25.787 Y58.032
M204 S500
G1 F900 X32.66 Y64.904 E173.70663
M204 S2000
G0 F6000 X32.66 Y64.338
M204 S500
G1 F900 X25.787 Y57.466 E174.02989
M204 S2000
G0 F6000 X25.787 Y56.9
M204 S500
G1 F900 X32.66 Y63.773 E174.35318
M204 S2000
G0 F6000 X32.66 Y63.207
M204 S500
G1 F900 X25.787 Y56.334 E174.67646
M204 S2000
G0 F6000 X25.787 Y55.769
M204 S500
G1 F900 X32.66 Y62.641 E174.99972
M204 S2000
G0 F6000 X32.66 Y62.075
M204 S500
G1 F900 X25.787 Y55.203 E175.32299
M204 S2000
G0 F6000 X25.787 Y54.637
M204 S500
G1 F900 X32.66 Y61.51 E175.64627
M204 S2000
G0 F6000 X32.66 Y60.944
M204 S500
G1 F900 X25.787 Y54.072 E175.96953
M204 S2000
G0 F6000 X25.787 Y53.506
M204 S500
G1 F900 X32.659 Y60.378 E176.29277
M204 S2000
G0 F6000 X32.659 Y59.812
M204 S500
G1 F900 X25.787 Y52.94 E176.61601
M204 S2000
G0 F6000 X25.787 Y52.375
M204 S500
G1 F900 X32.659 Y59.246 E176.93922
M204 S2000
G0 F6000 X32.659 Y58.681
M204 S500
G1 F900 X25.787 Y51.809 E177.26246
M204 S2000
G0 F6000 X25.787 Y51.243
M204 S500
G1 F900 X32.659 Y58.115 E177.5857
M204 S2000
G0 F6000 X32.659 Y57.549
M204 S500
G1 F900 X25.787 Y50.678 E177.90891
M204 S2000
G0 F6000 X25.787 Y50.112
M204 S500
G1 F900 X32.659 Y56.984 E178.23215
M204 S2000
G0 F6000 X32.659 Y56.418
M204 S500
G1 F900 X25.787 Y49.546 E178.55539
M204 S2000
G0 F6000 X25.787 Y48.981
M204 S500
G1 F900 X32.659 Y55.852 E178.8786
M204 S2000
G0 F6000 X32.658 Y55.286
M204 S500
G1 F900 X25.787 Y48.415 E179.20179
M204 S2000
G0 F6000 X25.787 Y47.849
M204 S500
G1 F900 X32.658 Y54.72 E179.52498
M204 S2000
G0 F6000 X32.658 Y54.154
M204 S500
G1 F900 X25.787 Y47.284 E179.84815
M204 S2000
G0 F6000 X25.787 Y46.718
M204 S500
G1 F900 X32.658 Y53.589 E180.17134
M204 S2000
G0 F6000 X32.658 Y53.023
M204 S500
G1 F900 X25.787 Y46.152 E180.49453
M204 S2000
G0 F6000 X25.787 Y45.586
M204 S500
G1 F900 X32.658 Y52.457 E180.81772
M204 S2000
G0 F6000 X32.658 Y51.892
M204 S500
G1 F900 X25.787 Y45.021 E181.14091
M204 S2000
G0 F6000 X25.787 Y44.455
M204 S500
G1 F900 X32.658 Y51.326 E181.4641
M204 S2000
G0 F6000 X32.658 Y50.76
M204 S500
G1 F900 X25.787 Y43.889 E181.78729
M204 S2000
G0 F6000 X25.787 Y43.324
M204 S500
G1 F900 X32.658 Y50.195 E182.11049
M204 S2000
G0 F6000 X32.658 Y49.628
M204 S500
G1 F900 X25.787 Y42.758 E182.43365
M204 S2000
G0 F6000 X25.787 Y42.192
M204 S500
G1 F900 X32.658 Y49.063 E182.75684
M204 S2000
G0 F6000 X32.658 Y48.497
M204 S500
G1 F900 X25.787 Y41.627 E183.08001
M204 S2000
G0 F6000 X25.787 Y41.061
M204 S500
G1 F900 X32.658 Y47.931 E183.40318
M204 S2000
G0 F6000 X32.658 Y47.366
M204 S500
G1 F900 X25.787 Y40.495 E183.72637
M204 S2000
G0 F6000 X25.787 Y39.93
M204 S500
G1 F900 X32.658 Y46.8 E184.04954
M204 S2000
G0 F6000 X32.658 Y46.234
M204 S500
G1 F900 X25.787 Y39.364 E184.3727
M204 S2000
G0 F6000 X25.787 Y38.798
M204 S500
G1 F900 X32.658 Y45.668 E184.69587
M204 S2000
G0 F6000 X32.658 Y45.103
M204 S500
G1 F900 X25.787 Y38.233 E185.01904
M204 S2000
G0 F6000 X25.787 Y37.667
M204 S500
G1 F900 X32.657 Y44.536 E185.34216
M204 S2000
G0 F6000 X32.657 Y43.971
M204 S500
G1 F900 X25.787 Y37.101 E185.6653
M204 S2000
G0 F6000 X25.787 Y36.536
M204 S500
G1 F900 X32.657 Y43.405 E185.98842
M204 S2000
G0 F6000 X32.657 Y42.839
M204 S500
G1 F900 X25.787 Y35.97 E186.31154
M204 S2000
G0 F6000 X25.787 Y35.404
M204 S500
G1 F900 X32.657 Y42.274 E186.63469
M204 S2000
G0 F6000 X32.657 Y41.708
M204 S500
G1 F900 X25.787 Y34.838 E186.95783
M204 S2000
G0 F6000 X25.787 Y34.273
M204 S500
G1 F900 X32.657 Y41.142 E187.28095
M204 S2000
G0 F6000 X32.657 Y40.577
M204 S500
G1 F900 X25.787 Y33.707 E187.60409
M204 S2000
G0 F6000 X25.787 Y33.141
M204 S500
G1 F900 X32.657 Y40.011 E187.92724
M204 S2000
G0 F6000 X32.656 Y39.445
M204 S500
G1 F900 X25.787 Y32.576 E188.25033
M204 S2000
G0 F6000 X25.787 Y32.01
M204 S500
G1 F900 X32.656 Y38.879 E188.57343
M204 S2000
G0 F6000 X32.656 Y38.313
M204 S500
G1 F900 X25.787 Y31.444 E188.89653
M204 S2000
G0 F6000 X25.787 Y30.879
M204 S500
G1 F900 X32.656 Y37.747 E189.2196
M204 S2000
G0 F6000 X32.656 Y37.182
M204 S500
G1 F900 X25.787 Y30.313 E189.5427
M204 S2000
G0 F6000 X25.787 Y29.747
M204 S500
G1 F900 X32.656 Y36.616 E189.86579
M204 S2000
G0 F6000 X32.656 Y36.05
M204 S500
G1 F900 X25.787 Y29.182 E190.18887
M204 S2000
G0 F6000 X25.787 Y28.616
M204 S500
G1 F900 X32.656 Y35.485 E190.51196
M204 S2000
G0 F6000 X32.656 Y34.919
M204 S500
G1 F900 X25.787 Y28.05 E190.83506
M204 S2000
G0 F6000 X25.787 Y27.485
M204 S500
G1 F900 X32.656 Y34.353 E191.15813
M204 S2000
G0 F6000 X32.656 Y33.787
M204 S500
G1 F900 X25.787 Y26.919 E191.48121
M204 S2000
G0 F6000 X25.787 Y26.353
M204 S500
G1 F900 X32.656 Y33.221 E191.80428
M204 S2000
G0 F6000 X32.656 Y32.656
M204 S500
G1 F900 X25.787 Y25.787 E192.12738
M204 S2000
G0 F6000 X25.787 Y25.222
M204 S500
G1 F900 X32.656 Y32.09 E192.45045
M204 S2000
G0 F6000 X32.656 Y31.524
M204 S500
G1 F900 X25.787 Y24.656 E192.77352
M204 S2000
G0 F6000 X25.787 Y24.09
M204 S500
G1 F900 X32.656 Y30.959 E193.09662
M204 S2000
G0 F6000 X32.656 Y30.393
M204 S500
G1 F900 X25.787 Y23.525 E193.41969
M204 S2000
G0 F6000 X25.787 Y22.959
M204 S500
G1 F900 X32.656 Y29.827 E193.74277
M204 S2000
G0 F6000 X32.656 Y29.261
M204 S500
G1 F900 X25.787 Y22.393 E194.06584
M204 S2000
G0 F6000 X25.787 Y21.828
M204 S500
G1 F900 X32.655 Y28.695 E194.38887
M204 S2000
G0 F6000 X32.655 Y28.129
M204 S500
G1 F900 X25.787 Y21.262 E194.71189
M204 S2000
G0 F6000 X25.787 Y20.696
M204 S500
G1 F900 X32.655 Y27.564 E195.03494
M204 S2000
G0 F6000 X32.655 Y26.998
M204 S500
G1 F900 X25.787 Y20.131 E195.35797
M204 S2000
G0 F6000 X25.787 Y19.565
M204 S500
G1 F900 X32.655 Y26.432 E195.68099
M204 S2000
G0 F6000 X32.655 Y25.867
M204 S500
G1 F900 X25.787 Y18.999 E196.00404
M204 S2000
G0 F6000 X25.787 Y18.434
M204 S500
G1 F900 X32.655 Y25.301 E196.32707
M204 S2000
G0 F6000 X32.655 Y24.735
M204 S500
G1 F900 X25.787 Y17.868 E196.6501
M204 S2000
G0 F6000 X25.787 Y17.302
M204 S500
G1 F900 X32.655 Y24.17 E196.97315
M204 S2000
G0 F6000 X32.654 Y23.603
M204 S500
G1 F900 X25.787 Y16.737 E197.29612
M204 S2000
G0 F6000 X25.787 Y16.171
M204 S500
G1 F900 X32.654 Y23.038 E197.61913
M204 S2000
G0 F6000 X32.654 Y22.472
M204 S500
G1 F900 X25.787 Y15.605 E197.94213
M204 S2000
G0 F6000 X25.787 Y15.039
M204 S500
G1 F900 X32.654 Y21.906 E198.26513
M204 S2000
G0 F6000 X32.654 Y21.34
M204 S500
G1 F900 X25.787 Y14.474 E198.58811
M204 S2000
G0 F6000 X25.787 Y13.908
M204 S500
G1 F900 X32.654 Y20.775 E198.91111
M204 S2000
G0 F6000 X32.654 Y20.209
M204 S500
G1 F900 X25.787 Y13.342 E199.23412
M204 S2000
G0 F6000 X25.787 Y12.777
M204 S500
G1 F900 X32.654 Y19.643 E199.5571
M204 S2000
G0 F6000 X32.654 Y19.078
M204 S500
G1 F900 X25.787 Y12.211 E199.8801
M204 S2000
G0 F6000 X25.787 Y11.645
M204 S500
G1 F900 X32.653 Y18.511 E200.20305
M204 S2000
G0 F6000 X32.653 Y17.946
M204 S500
G1 F900 X25.787 Y11.08 E200.52601
M204 S2000
G0 F6000 X25.787 Y10.514
M204 S500
G1 F900 X32.653 Y17.38 E200.84897
M204 S2000
G0 F6000 X32.653 Y16.814
M204 S500
G1 F900 X25.787 Y9.948 E201.17192
M204 S2000
G0 F6000 X25.787 Y9.383
M204 S500
G1 F900 X32.653 Y16.249 E201.49488
M204 S2000
G0 F6000 X32.653 Y15.683
M204 S500
G1 F900 X25.787 Y8.817 E201.81783
M204 S2000
G0 F6000 X25.913 Y8.376
M204 S500
G1 F900 X32.653 Y15.117 E202.13488
M204 S2000
G0 F6000 X32.653 Y14.552
M204 S500
G1 F900 X26.478 Y8.376 E202.42536
M204 S2000
G0 F6000 X27.044 Y8.376
M204 S500
G1 F900 X32.653 Y13.986 E202.68921
M204 S2000
G0 F6000 X32.653 Y13.419
M204 S500
G1 F900 X27.61 Y8.376 E202.92642
M204 S2000
G0 F6000 X28.175 Y8.376
M204 S500
G1 F900 X32.653 Y12.854 E203.13705
M204 S2000
G0 F6000 X32.653 Y12.288
M204 S500
G1 F900 X28.741 Y8.376 E203.32106
M204 S2000
G0 F6000 X29.307 Y8.376
M204 S500
G1 F900 X32.653 Y11.722 E203.47845
M204 S2000
G0 F6000 X32.653 Y11.157
M204 S500
G1 F900 X29.872 Y8.376 E203.60926
M204 S2000
G0 F6000 X30.438 Y8.376
M204 S500
G1 F900 X32.653 Y10.591 E203.71344
M204 S2000
G0 F6000 X32.653 Y10.025
M204 S500
G1 F900 X31.004 Y8.376 E203.79101
M204 S2000
G0 F6000 X31.569 Y8.376
M204 S500
G1 F900 X32.653 Y9.46 E203.842
M204 S2000
G0 F6000 X32.653 Y8.894
M204 S500
G1 F900 X32.135 Y8.376 E203.86636
M204 S2000
G1 F2400 E203.06636
G0 F6000 X32.135 Y7.916
G0 X33.04 Y7.988
G0 X33.384 Y103.02
G0 X34.161 Y103.28
G0 X34.161 Y103.74
M204 S500
G1 F2400 E203.86636
G1 F900 X41.292 Y110.871 E204.20178
M204 S2000
G0 F6000 X41.857 Y110.871
M204 S500
G1 F900 X34.727 Y103.74 E204.53718
M204 S2000
G0 F6000 X35.292 Y103.74
M204 S500
G1 F900 X42.423 Y110.871 E204.8726
M204 S2000
G0 F6000 X42.989 Y110.871
M204 S500
G1 F900 X35.858 Y103.74 E205.20802
M204 S2000
G0 F6000 X36.424 Y103.74
M204 S500
G1 F900 X43.554 Y110.871 E205.54342
M204 S2000
G0 F6000 X44.121 Y110.872
M204 S500
G1 F900 X36.989 Y103.74 E205.87888
M204 S2000
G0 F6000 X37.555 Y103.74
M204 S500
G1 F900 X44.686 Y110.872 E206.21433
M204 S2000
G0 F6000 X45.252 Y110.872
M204 S500
G1 F900 X38.121 Y103.74 E206.54977
M204 S2000
G0 F6000 X38.687 Y103.74
M204 S500
G1 F900 X45.818 Y110.872 E206.88522
M204 S2000
G0 F6000 X46.383 Y110.872
M204 S500
G1 F900 X39.252 Y103.74 E207.22066
M204 S2000
G0 F6000 X39.818 Y103.74
M204 S500
G1 F900 X46.949 Y110.872 E207.5561
M204 S2000
G0 F6000 X47.515 Y110.872
M204 S500
G1 F900 X40.384 Y103.74 E207.89155
M204 S2000
G0 F6000 X40.949 Y103.74
M204 S500
G1 F900 X48.081 Y110.872 E208.22701
M204 S2000
G0 F6000 X48.647 Y110.872
M204 S500
G1 F900 X41.515 Y103.74 E208.56248
M204 S2000
G0 F6000 X42.081 Y103.74
M204 S500
G1 F900 X49.213 Y110.872 E208.89795
M204 S2000
G0 F6000 X49.778 Y110.872
M204 S500
G1 F900 X42.646 Y103.74 E209.23342
M204 S2000
G0 F6000 X43.212 Y103.74
M204 S500
G1 F900 X50.344 Y110.872 E209.56888
M204 S2000
G0 F6000 X50.91 Y110.872
M204 S500
G1 F900 X43.778 Y103.74 E209.90435
M204 S2000
G0 F6000 X44.343 Y103.74
M204 S500
G1 F900 X51.476 Y110.873 E210.23987
M204 S2000
G0 F6000 X52.042 Y110.873
M204 S500
G1 F900 X44.909 Y103.74 E210.57538
M204 S2000
G0 F6000 X45.475 Y103.74
M204 S500
G1 F900 X52.607 Y110.873 E210.91087
M204 S2000
G0 F6000 X53.173 Y110.873
M204 S500
G1 F900 X46.04 Y103.74 E211.24639
M204 S2000
G0 F6000 X46.606 Y103.74
M204 S500
G1 F900 X53.739 Y110.873 E211.5819
M204 S2000
G0 F6000 X54.304 Y110.873
M204 S500
G1 F900 X47.172 Y103.74 E211.91739
M204 S2000
G0 F6000 X47.737 Y103.74
M204 S500
G1 F900 X54.871 Y110.874 E212.25295
M204 S2000
G0 F6000 X55.436 Y110.874
M204 S500
G1 F900 X48.303 Y103.74 E212.58849
M204 S2000
G0 F6000 X48.869 Y103.74
M204 S500
G1 F900 X56.002 Y110.874 E212.92403
M204 S2000
G0 F6000 X56.568 Y110.874
M204 S500
G1 F900 X49.435 Y103.74 E213.25957
M204 S2000
G0 F6000 X50 Y103.74
M204 S500
G1 F900 X57.134 Y110.874 E213.59513
M204 S2000
G0 F6000 X57.699 Y110.874
M204 S500
G1 F900 X50.566 Y103.74 E213.93067
M204 S2000
G0 F6000 X51.132 Y103.74
M204 S500
G1 F900 X58.265 Y110.874 E214.2662
M204 S2000
G0 F6000 X58.831 Y110.874
M204 S500
G1 F900 X51.697 Y103.74 E214.60177
M204 S2000
G0 F6000 X52.263 Y103.74
M204 S500
G1 F900 X59.397 Y110.874 E214.93733
M204 S2000
G0 F6000 X59.963 Y110.874
M204 S500
G1 F900 X52.829 Y103.74 E215.27289
M204 S2000
G0 F6000 X53.394 Y103.74
M204 S500
G1 F900 X60.528 Y110.874 E215.60845
M204 S2000
G0 F6000 X61.094 Y110.874
M204 S500
G1 F900 X53.96 Y103.74 E215.94401
M204 S2000
G0 F6000 X54.526 Y103.74
M204 S500
G1 F900 X61.66 Y110.874 E216.27957
M204 S2000
G0 F6000 X62.226 Y110.875
M204 S500
G1 F900 X55.091 Y103.74 E216.61518
M204 S2000
G0 F6000 X55.657 Y103.74
M204 S500
G1 F900 X62.792 Y110.875 E216.95079
M204 S2000
G0 F6000 X63.357 Y110.875
M204 S500
G1 F900 X56.223 Y103.74 E217.28637
M204 S2000
G0 F6000 X56.788 Y103.74
M204 S500
G1 F900 X63.923 Y110.875 E217.62198
M204 S2000
G0 F6000 X64.489 Y110.875
M204 S500
G1 F900 X57.354 Y103.74 E217.95759
M204 S2000
G0 F6000 X57.92 Y103.74
M204 S500
G1 F900 X65.055 Y110.875 E218.2932
M204 S2000
G0 F6000 X65.62 Y110.875
M204 S500
G1 F900 X58.486 Y103.74 E218.62879
M204 S2000
G0 F6000 X59.051 Y103.74
M204 S500
G1 F900 X66.187 Y110.876 E218.96444
M204 S2000
G0 F6000 X66.752 Y110.876
M204 S500
G1 F900 X59.617 Y103.74 E219.30007
M204 S2000
G0 F6000 X60.183 Y103.74
M204 S500
G1 F900 X67.318 Y110.876 E219.63571
M204 S2000
G0 F6000 X67.884 Y110.876
M204 S500
G1 F900 X60.748 Y103.74 E219.97136
M204 S2000
G0 F6000 X61.314 Y103.74
M204 S500
G1 F900 X68.449 Y110.876 E220.30699
M204 S2000
G0 F6000 X69.015 Y110.876
M204 S500
G1 F900 X61.88 Y103.74 E220.64262
M204 S2000
G0 F6000 X62.445 Y103.74
M204 S500
G1 F900 X69.625 Y110.92 E220.98035
M204 S2000
G0 F6000 X69.779 Y109.942
M204 S500
G1 F900 X63.577 Y103.74 E221.27207
M204 S2000
G0 F6000 X64.142 Y103.74
M204 S500
G1 F900 X69.668 Y109.266 E221.532
M204 S2000
G0 F6000 X69.668 Y108.701
M204 S500
G1 F900 X64.708 Y103.74 E221.76533
M204 S2000
G0 F6000 X65.274 Y103.74
M204 S500
G1 F900 X69.668 Y108.134 E221.97201
M204 S2000
G0 F6000 X69.668 Y107.569
M204 S500
G1 F900 X65.839 Y103.74 E222.15211
M204 S2000
G0 F6000 X66.405 Y103.74
M204 S500
G1 F900 X69.667 Y107.002 E222.30555
M204 S2000
G0 F6000 X69.666 Y106.436
M204 S500
G1 F900 X66.971 Y103.74 E222.43233
M204 S2000
G0 F6000 X67.536 Y103.74
M204 S500
G1 F900 X69.666 Y105.87 E222.53252
M204 S2000
G0 F6000 X69.666 Y105.304
M204 S500
G1 F900 X68.102 Y103.74 E222.60609
M204 S2000
G0 F6000 X68.668 Y103.74
M204 S500
G1 F900 X69.666 Y104.738 E222.65303
M204 S2000
G0 F6000 X69.665 Y104.172
M204 S500
G1 F900 X69.234 Y103.74 E222.67333
M204 S2000
G0 F6000 X69.234 Y103.28
G0 X63.011 Y103.28
G0 X63.011 Y103.74
M204 S500
G1 F900 X78.664 Y119.393 E223.4096
M204 S2000
G0 F6000 X78.664 Y119.959
M204 S500
G1 F900 X70.706 Y112.001 E223.78392
M204 S2000
G0 F6000 X70.788 Y112.648
M204 S500
G1 F900 X78.664 Y120.524 E224.15438
M204 S2000
G0 F6000 X78.664 Y121.09
M204 S500
G1 F900 X70.788 Y113.214 E224.52484
M204 S2000
G0 F6000 X70.788 Y113.78
M204 S500
G1 F900 X78.664 Y121.656 E224.8953
M204 S2000
G0 F6000 X78.664 Y122.221
M204 S500
G1 F900 X70.788 Y114.346 E225.26574
M204 S2000
G0 F6000 X70.788 Y114.911
M204 S500
G1 F900 X78.664 Y122.787 E225.63621
M204 S2000
G0 F6000 X78.664 Y123.353
M204 S500
G1 F900 X70.788 Y115.477 E226.00667
M204 S2000
G0 F6000 X70.788 Y116.043
M204 S500
G1 F900 X78.664 Y123.918 E226.37711
M204 S2000
G0 F6000 X78.664 Y124.484
M204 S500
G1 F900 X70.788 Y116.608 E226.74757
M204 S2000
G0 F6000 X70.788 Y117.174
M204 S500
G1 F900 X78.664 Y125.05 E227.11803
M204 S2000
G0 F6000 X78.664 Y125.615
M204 S500
G1 F900 X70.788 Y117.74 E227.48847
M204 S2000
G0 F6000 X70.788 Y118.305
M204 S500
G1 F900 X78.664 Y126.181 E227.85894
M204 S2000
G0 F6000 X78.173 Y126.256
M204 S500
G1 F900 X70.788 Y118.871 E228.2063
M204 S2000
G0 F6000 X70.788 Y119.437
M204 S500
G1 F900 X77.607 Y126.256 E228.52705
M204 S2000
G0 F6000 X77.041 Y126.256
M204 S500
G1 F900 X70.788 Y120.002 E228.8212
M204 S2000
G0 F6000 X70.788 Y120.568
M204 S500
G1 F900 X76.476 Y126.256 E229.08874
M204 S2000
G0 F6000 X75.91 Y126.256
M204 S500
G1 F900 X70.788 Y121.134 E229.32966
M204 S2000
G0 F6000 X70.788 Y121.699
M204 S500
G1 F900 X75.344 Y126.256 E229.54399
M204 S2000
G0 F6000 X74.779 Y126.256
M204 S500
G1 F900 X70.788 Y122.265 E229.73171
M204 S2000
G0 F6000 X70.788 Y122.831
M204 S500
G1 F900 X74.213 Y126.256 E229.89281
M204 S2000
G0 F6000 X73.647 Y126.256
M204 S500
G1 F900 X70.788 Y123.396 E230.02732
M204 S2000
G0 F6000 X70.788 Y123.962
M204 S500
G1 F900 X73.082 Y126.256 E230.13522
M204 S2000
G0 F6000 X72.516 Y126.256
M204 S500
G1 F900 X70.788 Y124.528 E230.2165
M204 S2000
G0 F6000 X70.788 Y125.094
M204 S500
G1 F900 X71.95 Y126.256 E230.27116
M204 S2000
G0 F6000 X71.385 Y126.256
M204 S500
G1 F900 X70.788 Y125.659 E230.29924
M204 S2000
G0 F6000 X70.328 Y125.659
G0 X70.4 Y126.644
G0 X79.052 Y126.644
G0 X79.124 Y118.827
G0 X78.664 Y118.827
M204 S500
G1 F900 X70.617 Y110.78 E230.67774
M204 S2000
G0 F6000 X71.315 Y110.913
M204 S500
G1 F900 X78.664 Y118.261 E231.02339
M204 S2000
G0 F6000 X78.664 Y117.696
M204 S500
G1 F900 X71.88 Y110.913 E231.34247
M204 S2000
G0 F6000 X72.447 Y110.913
M204 S500
G1 F900 X78.664 Y117.13 E231.6349
M204 S2000
G0 F6000 X78.664 Y116.564
M204 S500
G1 F900 X73.012 Y110.913 E231.90073
M204 S2000
G0 F6000 X73.578 Y110.913
M204 S500
G1 F900 X78.664 Y115.999 E232.13996
M204 S2000
G0 F6000 X78.664 Y115.433
M204 S500
G1 F900 X74.144 Y110.914 E232.35254
M204 S2000
G0 F6000 X74.71 Y110.914
M204 S500
G1 F900 X78.664 Y114.867 E232.5385
M204 S2000
G0 F6000 X78.664 Y114.302
M204 S500
G1 F900 X75.276 Y110.915 E232.69784
M204 S2000
G0 F6000 X75.842 Y110.915
M204 S500
G1 F900 X78.664 Y113.736 E232.83055
M204 S2000
G0 F6000 X78.664 Y113.17
M204 S500
G1 F900 X76.409 Y110.915 E232.93662
M204 S2000
G0 F6000 X76.974 Y110.915
M204 S500
G1 F900 X78.664 Y112.605 E233.01611
M204 S2000
G0 F6000 X78.664 Y112.039
M204 S500
G1 F900 X77.541 Y110.916 E233.06894
M204 S2000
G0 F6000 X78.106 Y110.916
M204 S500
G1 F900 X78.664 Y111.473 E233.09516
M104 S240
M204 S2000
;MESH:NONMESH
G0 F300 X78.664 Y111.473 Z0.48
G0 F6000 X79.124 Y111.473
G0 X79.224 Y126.816
;TIME_ELAPSED:498.267239
;LAYER:1
M106 S25.5
M204 S500
;TYPE:WALL-INNER
;MESH:kapaklar (1).stl
G1 F1350 X79.224 Y110.356 E233.86161
G1 X71.228 Y110.356 E234.23393
G1 X70.968 Y110.322 E234.24614
G1 X70.757 Y110.239 E234.2567
G1 X70.45 Y109.985 E234.27525
G1 X70.313 Y109.762 E234.28744
G1 X70.228 Y109.357 E234.30671
G1 X70.224 Y103.18 E234.59434
G1 X34.111 Y103.18 E236.27591
G1 X33.77 Y103.074 E236.29254
G1 X33.535 Y102.909 E236.30591
G1 X33.346 Y102.667 E236.32021
G1 X33.22 Y102.311 E236.33779
G1 X33.216 Y7.816 E240.73787
G1 X25.228 Y7.816 E241.10983
G1 X25.229 Y111.431 E245.93458
G1 X69.228 Y111.432 E247.98335
G1 X69.488 Y111.466 E247.99556
G1 X69.844 Y111.643 E248.01408
G1 X70.006 Y111.803 E248.02468
G1 X70.143 Y112.026 E248.03687
G1 X70.228 Y112.432 E248.05618
G1 X70.228 Y126.816 E248.72596
G1 X79.224 Y126.816 E249.14485
M204 S2000
G0 F7500 X79.624 Y127.216
M204 S500
G1 F1350 X79.624 Y109.956 E249.94855
G1 X71.228 Y109.956 E250.3395
G1 X70.945 Y109.886 E250.35308
G1 X70.761 Y109.734 E250.36419
G1 X70.679 Y109.6 E250.37151
G1 X70.628 Y109.357 E250.38307
G1 X70.624 Y102.78 E250.68932
G1 X34.154 Y102.78 E252.38752
G1 X33.874 Y102.671 E252.40151
G1 X33.748 Y102.551 E252.40961
G1 X33.654 Y102.382 E252.41861
G1 X33.62 Y102.18 E252.42815
G1 X33.616 Y7.416 E256.84076
G1 X24.828 Y7.416 E257.24997
G1 X24.829 Y111.831 E262.11197
G1 X69.228 Y111.832 E264.17937
G1 X69.511 Y111.902 E264.19295
G1 X69.695 Y112.054 E264.20406
G1 X69.777 Y112.188 E264.21137
G1 X69.828 Y112.432 E264.22298
G1 X69.828 Y127.216 E264.91139
G1 X79.624 Y127.216 E265.36753
M204 S2000
G0 F7500 X80.024 Y127.616
M204 S500
;TYPE:WALL-OUTER
G1 F1350 X80.024 Y109.556 E266.20848
G1 X71.176 Y109.55 E266.62048
G1 X71.028 Y109.416 E266.62977
G1 X71.024 Y102.38 E266.9574
G1 X34.185 Y102.377 E268.67278
G1 X34.104 Y102.344 E268.67685
G1 X34.02 Y102.234 E268.6833
G1 X34.016 Y7.016 E273.11704
G1 X24.428 Y7.016 E273.5635
G1 X24.429 Y112.231 E278.46275
G1 X69.28 Y112.238 E280.5512
G1 X69.428 Y112.372 E280.5605
G1 X69.428 Y127.616 E281.27033
G1 X80.024 Y127.616 E281.76372
M204 S2000
G0 F7500 X79.745 Y127.337
G0 X79.124 Y126.456
G0 X78.864 Y126.456
M204 S500
;TYPE:SKIN
G1 F1350 X70.588 Y126.456 E282.14908
G1 X70.584 Y112.395 E282.80382
G1 X70.472 Y111.875 E282.82859
G1 X70.298 Y111.593 E282.84402
G1 X69.979 Y111.27 E282.86516
G1 X69.556 Y111.113 E282.88617
G1 X69.26 Y111.074 E282.90007
G1 X25.588 Y111.068 E284.93362
G1 X25.588 Y8.176 E289.72471
G1 X32.856 Y8.176 E290.06313
G1 X32.862 Y102.213 E294.44189
G1 X32.935 Y102.635 E294.46183
G1 X33.15 Y103.02 E294.48237
G1 X33.431 Y103.287 E294.50042
G1 X33.768 Y103.462 E294.5181
G1 X34.045 Y103.535 E294.53144
G1 X69.864 Y103.54 E296.19932
G1 X69.871 Y109.392 E296.47181
G1 X69.981 Y109.909 E296.49643
G1 X70.182 Y110.226 E296.5139
G1 X70.474 Y110.51 E296.53287
G1 X70.85 Y110.659 E296.5517
G1 X71.199 Y110.714 E296.56815
G1 X78.864 Y110.716 E296.92507
G1 X78.864 Y126.456 E297.65799
M204 S2000
G0 F7500 X78.664 Y126.115
M204 S500
G1 F1350 X78.522 Y126.256 E297.66731
M204 S2000
G0 F7500 X77.956 Y126.256
M204 S500
G1 F1350 X78.664 Y125.549 E297.7139
M204 S2000
G0 F7500 X78.664 Y124.983
M204 S500
G1 F1350 X77.391 Y126.256 E297.79773
M204 S2000
G0 F7500 X76.825 Y126.256
M204 S500
G1 F1350 X78.664 Y124.418 E297.9188
M204 S2000
G0 F7500 X78.664 Y123.852
M204 S500
G1 F1350 X76.259 Y126.256 E298.07714
M204 S2000
G0 F7500 X75.694 Y126.256
M204 S500
G1 F1350 X78.664 Y123.286 E298.27272
M204 S2000
G0 F7500 X78.664 Y122.721
M204 S500
G1 F1350 X75.128 Y126.256 E298.50553
M204 S2000
G0 F7500 X74.562 Y126.256
M204 S500
G1 F1350 X78.664 Y122.155 E298.77562
M204 S2000
G0 F7500 X78.664 Y121.589
M204 S500
G1 F1350 X73.997 Y126.256 E299.08295
M204 S2000
G0 F7500 X73.431 Y126.256
M204 S500
G1 F1350 X78.664 Y121.023 E299.42756
M204 S2000
G0 F7500 X78.664 Y120.458
M204 S500
G1 F1350 X72.865 Y126.256 E299.8094
M204 S2000
G0 F7500 X72.3 Y126.256
M204 S500
G1 F1350 X78.664 Y119.892 E300.22848
M204 S2000
G0 F7500 X78.664 Y119.326
M204 S500
G1 F1350 X71.734 Y126.256 E300.68483
M204 S2000
G0 F7500 X71.168 Y126.256
M204 S500
G1 F1350 X78.664 Y118.761 E301.17842
M204 S2000
G0 F7500 X78.664 Y118.195
M204 S500
G1 F1350 X70.788 Y126.07 E301.69704
M204 S2000
G0 F7500 X70.788 Y125.504
M204 S500
G1 F1350 X78.664 Y117.629 E302.21565
M204 S2000
G0 F7500 X78.664 Y117.064
M204 S500
G1 F1350 X70.788 Y124.939 E302.73427
M204 S2000
G0 F7500 X70.788 Y124.373
M204 S500
G1 F1350 X78.664 Y116.498 E303.25288
M204 S2000
G0 F7500 X78.664 Y115.932
M204 S500
G1 F1350 X70.788 Y123.807 E303.7715
M204 S2000
G0 F7500 X70.788 Y123.242
M204 S500
G1 F1350 X78.664 Y115.367 E304.29011
M204 S2000
G0 F7500 X78.664 Y114.801
M204 S500
G1 F1350 X70.788 Y122.676 E304.80873
M204 S2000
G0 F7500 X70.788 Y122.11
M204 S500
G1 F1350 X78.664 Y114.235 E305.32734
M204 S2000
G0 F7500 X78.664 Y113.67
M204 S500
G1 F1350 X70.788 Y121.545 E305.84596
M204 S2000
G0 F7500 X70.788 Y120.979
M204 S500
G1 F1350 X78.664 Y113.104 E306.36457
M204 S2000
G0 F7500 X78.664 Y112.538
M204 S500
G1 F1350 X70.788 Y120.413 E306.88319
M204 S2000
G0 F7500 X70.788 Y119.848
M204 S500
G1 F1350 X78.664 Y111.972 E307.40184
M204 S2000
G0 F7500 X78.664 Y111.407
M204 S500
G1 F1350 X70.788 Y119.282 E307.92045
M204 S2000
G0 F7500 X70.788 Y118.716
M204 S500
G1 F1350 X78.589 Y110.915 E308.43416
M204 S2000
G0 F7500 X78.024 Y110.915
M204 S500
G1 F1350 X70.788 Y118.15 E308.91063
M204 S2000
G0 F7500 X70.788 Y117.585
M204 S500
G1 F1350 X77.458 Y110.915 E309.34986
M204 S2000
G0 F7500 X76.893 Y110.915
M204 S500
G1 F1350 X70.788 Y117.019 E309.75185
M204 S2000
G0 F7500 X70.788 Y116.453
M204 S500
G1 F1350 X76.327 Y110.915 E310.11657
M204 S2000
G0 F7500 X75.762 Y110.914
M204 S500
G1 F1350 X70.788 Y115.888 E310.44412
M204 S2000
G0 F7500 X70.788 Y115.322
M204 S500
G1 F1350 X75.197 Y110.914 E310.73443
M204 S2000
G0 F7500 X74.632 Y110.913
M204 S500
G1 F1350 X70.788 Y114.756 E310.98753
M204 S2000
G0 F7500 X70.788 Y114.191
M204 S500
G1 F1350 X74.066 Y110.913 E311.20339
M204 S2000
G0 F7500 X73.501 Y110.913
M204 S500
G1 F1350 X70.788 Y113.625 E311.38201
M204 S2000
G0 F7500 X70.788 Y113.059
M204 S500
G1 F1350 X72.935 Y110.913 E311.52336
M204 S2000
G0 F7500 X72.37 Y110.912
M204 S500
G1 F1350 X70.788 Y112.494 E311.62754
M204 S2000
G0 F7500 X70.709 Y112.008
M204 S500
G1 F1350 X71.805 Y110.912 E311.69971
M204 S2000
G0 F7500 X71.239 Y110.912
M204 S500
G1 F1350 X70.542 Y111.608 E311.74558
M204 S2000
G0 F7500 X70.289 Y111.296
M204 S500
G1 F1350 X70.751 Y110.834 E311.776
M204 S2000
G0 F7500 X70.351 Y110.668
M204 S500
G1 F1350 X69.968 Y111.051 E311.80122
M204 S2000
G0 F7500 X69.543 Y110.911
M204 S500
G1 F1350 X70.05 Y110.404 E311.83461
M204 S2000
G0 F7500 X69.835 Y110.053
M204 S500
G1 F1350 X69.012 Y110.876 E311.88881
M204 S2000
G0 F7500 X68.446 Y110.876
M204 S500
G1 F1350 X69.711 Y109.611 E311.97211
M204 S2000
G0 F7500 X69.668 Y109.089
M204 S500
G1 F1350 X67.88 Y110.876 E312.08982
M204 S2000
G0 F7500 X67.314 Y110.876
M204 S500
G1 F1350 X69.668 Y108.523 E312.2448
M204 S2000
G0 F7500 X69.667 Y107.958
M204 S500
G1 F1350 X66.749 Y110.876 E312.43696
M204 S2000
G0 F7500 X66.183 Y110.876
M204 S500
G1 F1350 X69.666 Y107.393 E312.66632
M204 S2000
G0 F7500 X69.666 Y106.828
M204 S500
G1 F1350 X65.618 Y110.876 E312.93289
M204 S2000
G0 F7500 X65.052 Y110.876
M204 S500
G1 F1350 X69.666 Y106.263 E313.23669
M204 S2000
G0 F7500 X69.666 Y105.697
M204 S500
G1 F1350 X64.487 Y110.876 E313.57774
M204 S2000
G0 F7500 X63.921 Y110.876
M204 S500
G1 F1350 X69.665 Y105.132 E313.95599
M204 S2000
G0 F7500 X69.664 Y104.567
M204 S500
G1 F1350 X63.355 Y110.876 E314.37145
M204 S2000
G0 F7500 X62.79 Y110.876
M204 S500
G1 F1350 X69.664 Y104.001 E314.82415
M204 S2000
G0 F7500 X69.36 Y103.74
M204 S500
G1 F1350 X62.224 Y110.876 E315.29406
M204 S2000
G0 F7500 X61.659 Y110.875
M204 S500
G1 F1350 X68.794 Y103.74 E315.76392
M204 S2000
G0 F7500 X68.229 Y103.74
M204 S500
G1 F1350 X61.093 Y110.875 E316.2338
M204 S2000
G0 F7500 X60.528 Y110.875
M204 S500
G1 F1350 X67.663 Y103.74 E316.70365
M204 S2000
G0 F7500 X67.097 Y103.74
M204 S500
G1 F1350 X59.962 Y110.875 E317.17351
M204 S2000
G0 F7500 X59.396 Y110.875
M204 S500
G1 F1350 X66.532 Y103.74 E317.64339
M204 S2000
G0 F7500 X65.966 Y103.74
M204 S500
G1 F1350 X58.831 Y110.875 E318.11324
M204 S2000
G0 F7500 X58.266 Y110.874
M204 S500
G1 F1350 X65.4 Y103.74 E318.58303
M204 S2000
G0 F7500 X64.835 Y103.74
M204 S500
G1 F1350 X57.7 Y110.874 E319.05285
M204 S2000
G0 F7500 X57.134 Y110.874
M204 S500
G1 F1350 X64.269 Y103.74 E319.52267
M204 S2000
G0 F7500 X63.703 Y103.74
M204 S500
G1 F1350 X56.569 Y110.874 E319.99245
M204 S2000
G0 F7500 X56.003 Y110.874
M204 S500
G1 F1350 X63.138 Y103.74 E320.46227
M204 S2000
G0 F7500 X62.572 Y103.74
M204 S500
G1 F1350 X55.437 Y110.874 E320.93209
M204 S2000
G0 F7500 X54.871 Y110.874
M204 S500
G1 F1350 X62.006 Y103.74 E321.40191
M204 S2000
G0 F7500 X61.441 Y103.74
M204 S500
G1 F1350 X54.307 Y110.874 E321.8717
M204 S2000
G0 F7500 X53.741 Y110.874
M204 S500
G1 F1350 X60.875 Y103.74 E322.34148
M204 S2000
G0 F7500 X60.309 Y103.74
M204 S500
G1 F1350 X53.175 Y110.874 E322.81127
M204 S2000
G0 F7500 X52.609 Y110.874
M204 S500
G1 F1350 X59.743 Y103.74 E323.28105
M204 S2000
G0 F7500 X59.178 Y103.74
M204 S500
G1 F1350 X52.044 Y110.874 E323.75084
M204 S2000
G0 F7500 X51.478 Y110.874
M204 S500
G1 F1350 X58.612 Y103.74 E324.22063
M204 S2000
G0 F7500 X58.046 Y103.74
M204 S500
G1 F1350 X50.913 Y110.873 E324.69035
M204 S2000
G0 F7500 X50.347 Y110.873
M204 S500
G1 F1350 X57.481 Y103.74 E325.1601
M204 S2000
G0 F7500 X56.915 Y103.74
M204 S500
G1 F1350 X49.782 Y110.873 E325.62982
M204 S2000
G0 F7500 X49.216 Y110.873
M204 S500
G1 F1350 X56.349 Y103.74 E326.09954
M204 S2000
G0 F7500 X55.784 Y103.74
M204 S500
G1 F1350 X48.65 Y110.873 E326.56929
M204 S2000
G0 F7500 X48.085 Y110.873
M204 S500
G1 F1350 X55.218 Y103.74 E327.03901
M204 S2000
G0 F7500 X54.652 Y103.74
M204 S500
G1 F1350 X47.52 Y110.872 E327.50867
M204 S2000
G0 F7500 X46.954 Y110.872
M204 S500
G1 F1350 X54.087 Y103.74 E327.97835
M204 S2000
G0 F7500 X53.521 Y103.74
M204 S500
G1 F1350 X46.388 Y110.872 E328.44804
M204 S2000
G0 F7500 X45.823 Y110.872
M204 S500
G1 F1350 X52.955 Y103.74 E328.9177
M204 S2000
G0 F7500 X52.39 Y103.74
M204 S500
G1 F1350 X45.257 Y110.872 E329.38738
M204 S2000
G0 F7500 X44.691 Y110.872
M204 S500
G1 F1350 X51.824 Y103.74 E329.85707
M204 S2000
G0 F7500 X51.258 Y103.74
M204 S500
G1 F1350 X44.126 Y110.872 E330.32673
M204 S2000
G0 F7500 X43.561 Y110.872
M204 S500
G1 F1350 X50.692 Y103.74 E330.79635
M204 S2000
G0 F7500 X50.127 Y103.74
M204 S500
G1 F1350 X42.995 Y110.872 E331.266
M204 S2000
G0 F7500 X42.429 Y110.872
M204 S500
G1 F1350 X49.561 Y103.74 E331.73566
M204 S2000
G0 F7500 X48.995 Y103.74
M204 S500
G1 F1350 X41.864 Y110.872 E332.20528
M204 S2000
G0 F7500 X41.298 Y110.872
M204 S500
G1 F1350 X48.43 Y103.74 E332.67493
M204 S2000
G0 F7500 X47.864 Y103.74
M204 S500
G1 F1350 X40.732 Y110.872 E333.14459
M204 S2000
G0 F7500 X40.167 Y110.871
M204 S500
G1 F1350 X47.298 Y103.74 E333.61417
M204 S2000
G0 F7500 X46.733 Y103.74
M204 S500
G1 F1350 X39.602 Y110.871 E334.08376
M204 S2000
G0 F7500 X39.036 Y110.871
M204 S500
G1 F1350 X46.167 Y103.74 E334.55335
M204 S2000
G0 F7500 X45.601 Y103.74
M204 S500
G1 F1350 X38.47 Y110.871 E335.02294
M204 S2000
G0 F7500 X37.904 Y110.871
M204 S500
G1 F1350 X45.036 Y103.74 E335.49256
M204 S2000
G0 F7500 X44.47 Y103.74
M204 S500
G1 F1350 X37.339 Y110.871 E335.96215
M204 S2000
G0 F7500 X36.773 Y110.871
M204 S500
G1 F1350 X43.904 Y103.74 E336.43174
M204 S2000
G0 F7500 X43.339 Y103.74
M204 S500
G1 F1350 X36.208 Y110.87 E336.90129
M204 S2000
G0 F7500 X35.642 Y110.87
M204 S500
G1 F1350 X42.773 Y103.74 E337.37085
M204 S2000
G0 F7500 X42.207 Y103.74
M204 S500
G1 F1350 X35.077 Y110.87 E337.84037
M204 S2000
G0 F7500 X34.511 Y110.87
M204 S500
G1 F1350 X41.642 Y103.74 E338.30993
M204 S2000
G0 F7500 X41.076 Y103.74
M204 S500
G1 F1350 X33.945 Y110.87 E338.77948
M204 S2000
G0 F7500 X33.38 Y110.87
M204 S500
G1 F1350 X40.51 Y103.74 E339.24901
M204 S2000
G0 F7500 X39.944 Y103.74
M204 S500
G1 F1350 X32.815 Y110.869 E339.71846
M204 S2000
G0 F7500 X32.249 Y110.869
M204 S500
G1 F1350 X39.379 Y103.74 E340.18795
M204 S2000
G0 F7500 X38.813 Y103.74
M204 S500
G1 F1350 X31.683 Y110.869 E340.65744
M204 S2000
G0 F7500 X31.118 Y110.869
M204 S500
G1 F1350 X38.247 Y103.74 E341.1269
M204 S2000
G0 F7500 X37.682 Y103.74
M204 S500
G1 F1350 X30.552 Y110.869 E341.59639
M204 S2000
G0 F7500 X29.986 Y110.869
M204 S500
G1 F1350 X37.116 Y103.74 E342.06588
M204 S2000
G0 F7500 X36.55 Y103.74
M204 S500
G1 F1350 X29.421 Y110.869 E342.53534
M204 S2000
G0 F7500 X28.856 Y110.869
M204 S500
G1 F1350 X35.985 Y103.74 E343.00479
M204 S2000
G0 F7500 X35.419 Y103.74
M204 S500
G1 F1350 X28.29 Y110.869 E343.47425
M204 S2000
G0 F7500 X27.724 Y110.869
M204 S500
G1 F1350 X34.853 Y103.74 E343.94371
M204 S2000
G0 F7500 X34.288 Y103.74
M204 S500
G1 F1350 X27.159 Y110.869 E344.41316
M204 S2000
G0 F7500 X26.593 Y110.869
M204 S500
G1 F1350 X33.785 Y103.677 E344.88677
M204 S2000
G0 F7500 X33.401 Y103.495
M204 S500
G1 F1350 X26.027 Y110.869 E345.37236
M204 S2000
G0 F7500 X25.788 Y110.542
M204 S500
G1 F1350 X33.093 Y103.238 E345.85337
M204 S2000
G0 F7500 X32.859 Y102.905
M204 S500
G1 F1350 X25.788 Y109.976 E346.31901
M204 S2000
G0 F7500 X25.788 Y109.411
M204 S500
G1 F1350 X32.708 Y102.491 E346.7747
M204 S2000
G0 F7500 X32.665 Y101.968
M204 S500
G1 F1350 X25.788 Y108.845 E347.22757
M204 S2000
G0 F7500 X25.788 Y108.279
M204 S500
G1 F1350 X32.665 Y101.403 E347.6804
M204 S2000
G0 F7500 X32.665 Y100.837
M204 S500
G1 F1350 X25.788 Y107.714 E348.13326
M204 S2000
G0 F7500 X25.788 Y107.148
M204 S500
G1 F1350 X32.665 Y100.271 E348.58612
M204 S2000
G0 F7500 X32.665 Y99.706
M204 S500
G1 F1350 X25.788 Y106.582 E349.03895
M204 S2000
G0 F7500 X25.788 Y106.017
M204 S500
G1 F1350 X32.665 Y99.14 E349.49181
M204 S2000
G0 F7500 X32.665 Y98.574
M204 S500
G1 F1350 X25.788 Y105.451 E349.94467
M204 S2000
G0 F7500 X25.788 Y104.885
M204 S500
G1 F1350 X32.665 Y98.009 E350.3975
M204 S2000
G0 F7500 X32.665 Y97.443
M204 S500
G1 F1350 X25.788 Y104.319 E350.85033
M204 S2000
G0 F7500 X25.788 Y103.754
M204 S500
G1 F1350 X32.665 Y96.877 E351.30319
M204 S2000
G0 F7500 X32.665 Y96.311
M204 S500
G1 F1350 X25.788 Y103.188 E351.75606
M204 S2000
G0 F7500 X25.788 Y102.622
M204 S500
G1 F1350 X32.665 Y95.746 E352.20889
M204 S2000
G0 F7500 X32.665 Y95.18
M204 S500
G1 F1350 X25.788 Y102.057 E352.66175
M204 S2000
G0 F7500 X25.788 Y101.491
M204 S500
G1 F1350 X32.664 Y94.615 E353.11454
M204 S2000
G0 F7500 X32.664 Y94.049
M204 S500
G1 F1350 X25.788 Y100.925 E353.56734
M204 S2000
G0 F7500 X25.788 Y100.36
M204 S500
G1 F1350 X32.664 Y93.484 E354.02014
M204 S2000
G0 F7500 X32.664 Y92.918
M204 S500
G1 F1350 X25.788 Y99.794 E354.47293
M204 S2000
G0 F7500 X25.788 Y99.228
M204 S500
G1 F1350 X32.664 Y92.352 E354.92573
M204 S2000
G0 F7500 X32.664 Y91.787
M204 S500
G1 F1350 X25.788 Y98.663 E355.37853
M204 S2000
G0 F7500 X25.788 Y98.097
M204 S500
G1 F1350 X32.664 Y91.221 E355.83132
M204 S2000
G0 F7500 X32.664 Y90.655
M204 S500
G1 F1350 X25.788 Y97.531 E356.28412
M204 S2000
G0 F7500 X25.788 Y96.966
M204 S500
G1 F1350 X32.664 Y90.09 E356.73691
M204 S2000
G0 F7500 X32.664 Y89.524
M204 S500
G1 F1350 X25.788 Y96.4 E357.18971
M204 S2000
G0 F7500 X25.788 Y95.834
M204 S500
G1 F1350 X32.664 Y88.958 E357.64251
M204 S2000
G0 F7500 X32.664 Y88.393
M204 S500
G1 F1350 X25.788 Y95.268 E358.09527
M204 S2000
G0 F7500 X25.788 Y94.703
M204 S500
G1 F1350 X32.664 Y87.827 E358.54807
M204 S2000
G0 F7500 X32.663 Y87.262
M204 S500
G1 F1350 X25.788 Y94.137 E359.0008
M204 S2000
G0 F7500 X25.788 Y93.571
M204 S500
G1 F1350 X32.663 Y86.696 E359.45353
M204 S2000
G0 F7500 X32.663 Y86.131
M204 S500
G1 F1350 X25.788 Y93.006 E359.90626
M204 S2000
G0 F7500 X25.788 Y92.44
M204 S500
G1 F1350 X32.663 Y85.565 E360.35899
M204 S2000
G0 F7500 X32.663 Y84.999
M204 S500
G1 F1350 X25.788 Y91.874 E360.81172
M204 S2000
G0 F7500 X25.788 Y91.309
M204 S500
G1 F1350 X32.663 Y84.433 E361.26448
M204 S2000
G0 F7500 X32.663 Y83.868
M204 S500
G1 F1350 X25.788 Y90.743 E361.71721
M204 S2000
G0 F7500 X25.788 Y90.177
M204 S500
G1 F1350 X32.663 Y83.302 E362.16994
M204 S2000
G0 F7500 X32.663 Y82.736
M204 S500
G1 F1350 X25.788 Y89.612 E362.62271
M204 S2000
G0 F7500 X25.788 Y89.046
M204 S500
G1 F1350 X32.663 Y82.171 E363.07544
M204 S2000
G0 F7500 X32.663 Y81.605
M204 S500
G1 F1350 X25.788 Y88.48 E363.52817
M204 S2000
G0 F7500 X25.788 Y87.915
M204 S500
G1 F1350 X32.663 Y81.039 E363.98093
M204 S2000
G0 F7500 X32.663 Y80.474
M204 S500
G1 F1350 X25.788 Y87.349 E364.43366
M204 S2000
G0 F7500 X25.788 Y86.783
M204 S500
G1 F1350 X32.663 Y79.909 E364.88636
M204 S2000
G0 F7500 X32.663 Y79.343
M204 S500
G1 F1350 X25.788 Y86.218 E365.33909
M204 S2000
G0 F7500 X25.788 Y85.652
M204 S500
G1 F1350 X32.663 Y78.777 E365.79182
M204 S2000
G0 F7500 X32.663 Y78.212
M204 S500
G1 F1350 X25.788 Y85.086 E366.24452
M204 S2000
G0 F7500 X25.788 Y84.52
M204 S500
G1 F1350 X32.663 Y77.646 E366.69722
M204 S2000
G0 F7500 X32.663 Y77.08
M204 S500
G1 F1350 X25.788 Y83.955 E367.14995
M204 S2000
G0 F7500 X25.788 Y83.389
M204 S500
G1 F1350 X32.663 Y76.515 E367.60264
M204 S2000
G0 F7500 X32.663 Y75.949
M204 S500
G1 F1350 X25.788 Y82.823 E368.05534
M204 S2000
G0 F7500 X25.788 Y82.258
M204 S500
G1 F1350 X32.663 Y75.383 E368.50807
M204 S2000
G0 F7500 X32.663 Y74.818
M204 S500
G1 F1350 X25.788 Y81.692 E368.96077
M204 S2000
G0 F7500 X25.788 Y81.126
M204 S500
G1 F1350 X32.663 Y74.252 E369.41347
M204 S2000
G0 F7500 X32.663 Y73.686
M204 S500
G1 F1350 X25.788 Y80.561 E369.8662
M204 S2000
G0 F7500 X25.788 Y79.995
M204 S500
G1 F1350 X32.662 Y73.121 E370.31886
M204 S2000
G0 F7500 X32.662 Y72.556
M204 S500
G1 F1350 X25.788 Y79.429 E370.77149
M204 S2000
G0 F7500 X25.788 Y78.864
M204 S500
G1 F1350 X32.662 Y71.99 E371.22416
M204 S2000
G0 F7500 X32.662 Y71.424
M204 S500
G1 F1350 X25.788 Y78.298 E371.67682
M204 S2000
G0 F7500 X25.788 Y77.732
M204 S500
G1 F1350 X32.662 Y70.858 E372.12949
M204 S2000
G0 F7500 X32.662 Y70.293
M204 S500
G1 F1350 X25.788 Y77.167 E372.58215
M204 S2000
G0 F7500 X25.788 Y76.601
M204 S500
G1 F1350 X32.662 Y69.727 E373.03482
M204 S2000
G0 F7500 X32.662 Y69.161
M204 S500
G1 F1350 X25.788 Y76.035 E373.48748
M204 S2000
G0 F7500 X25.788 Y75.47
M204 S500
G1 F1350 X32.662 Y68.596 E373.94015
M204 S2000
G0 F7500 X32.662 Y68.03
M204 S500
G1 F1350 X25.788 Y74.904 E374.39281
M204 S2000
G0 F7500 X25.788 Y74.338
M204 S500
G1 F1350 X32.662 Y67.464 E374.84548
M204 S2000
G0 F7500 X32.662 Y66.899
M204 S500
G1 F1350 X25.788 Y73.772 E375.29811
M204 S2000
G0 F7500 X25.788 Y73.207
M204 S500
G1 F1350 X32.662 Y66.333 E375.75077
M204 S2000
G0 F7500 X32.661 Y65.768
M204 S500
G1 F1350 X25.788 Y72.641 E376.20337
M204 S2000
G0 F7500 X25.788 Y72.075
M204 S500
G1 F1350 X32.661 Y65.202 E376.65597
M204 S2000
G0 F7500 X32.661 Y64.637
M204 S500
G1 F1350 X25.788 Y71.51 E377.10857
M204 S2000
G0 F7500 X25.788 Y70.944
M204 S500
G1 F1350 X32.661 Y64.071 E377.56117
M204 S2000
G0 F7500 X32.661 Y63.505
M204 S500
G1 F1350 X25.788 Y70.378 E378.01377
M204 S2000
G0 F7500 X25.788 Y69.813
M204 S500
G1 F1350 X32.661 Y62.94 E378.46637
M204 S2000
G0 F7500 X32.661 Y62.374
M204 S500
G1 F1350 X25.788 Y69.247 E378.91896
M204 S2000
G0 F7500 X25.788 Y68.681
M204 S500
G1 F1350 X32.661 Y61.808 E379.37156
M204 S2000
G0 F7500 X32.661 Y61.243
M204 S500
G1 F1350 X25.788 Y68.116 E379.82416
M204 S2000
G0 F7500 X25.788 Y67.55
M204 S500
G1 F1350 X32.661 Y60.677 E380.27676
M204 S2000
G0 F7500 X32.661 Y60.111
M204 S500
G1 F1350 X25.788 Y66.984 E380.72936
M204 S2000
G0 F7500 X25.788 Y66.419
M204 S500
G1 F1350 X32.661 Y59.545 E381.18199
M204 S2000
G0 F7500 X32.661 Y58.98
M204 S500
G1 F1350 X25.788 Y65.853 E381.63459
M204 S2000
G0 F7500 X25.788 Y65.287
M204 S500
G1 F1350 X32.661 Y58.415 E382.08716
M204 S2000
G0 F7500 X32.661 Y57.849
M204 S500
G1 F1350 X25.788 Y64.721 E382.53972
M204 S2000
G0 F7500 X25.788 Y64.156
M204 S500
G1 F1350 X32.661 Y57.283 E382.99232
M204 S2000
G0 F7500 X32.661 Y56.718
M204 S500
G1 F1350 X25.788 Y63.59 E383.44489
M204 S2000
G0 F7500 X25.788 Y63.024
M204 S500
G1 F1350 X32.661 Y56.152 E383.89745
M204 S2000
G0 F7500 X32.661 Y55.586
M204 S500
G1 F1350 X25.788 Y62.459 E384.35005
M204 S2000
G0 F7500 X25.788 Y61.893
M204 S500
G1 F1350 X32.661 Y55.021 E384.80262
M204 S2000
G0 F7500 X32.661 Y54.455
M204 S500
G1 F1350 X25.788 Y61.327 E385.25518
M204 S2000
G0 F7500 X25.788 Y60.762
M204 S500
G1 F1350 X32.661 Y53.889 E385.70778
M204 S2000
G0 F7500 X32.661 Y53.324
M204 S500
G1 F1350 X25.788 Y60.196 E386.16035
M204 S2000
G0 F7500 X25.788 Y59.63
M204 S500
G1 F1350 X32.661 Y52.758 E386.61291
M204 S2000
G0 F7500 X32.661 Y52.192
M204 S500
G1 F1350 X25.788 Y59.065 E387.06551
M204 S2000
G0 F7500 X25.788 Y58.499
M204 S500
G1 F1350 X32.66 Y51.627 E387.51804
M204 S2000
G0 F7500 X32.66 Y51.062
M204 S500
G1 F1350 X25.788 Y57.933 E387.97054
M204 S2000
G0 F7500 X25.788 Y57.368
M204 S500
G1 F1350 X32.66 Y50.496 E388.42308
M204 S2000
G0 F7500 X32.66 Y49.93
M204 S500
G1 F1350 X25.788 Y56.802 E388.87561
M204 S2000
G0 F7500 X25.788 Y56.236
M204 S500
G1 F1350 X32.66 Y49.365 E389.32811
M204 S2000
G0 F7500 X32.66 Y48.799
M204 S500
G1 F1350 X25.788 Y55.671 E389.78064
M204 S2000
G0 F7500 X25.788 Y55.105
M204 S500
G1 F1350 X32.66 Y48.233 E390.23318
M204 S2000
G0 F7500 X32.66 Y47.667
M204 S500
G1 F1350 X25.788 Y54.539 E390.68571
M204 S2000
G0 F7500 X25.788 Y53.973
M204 S500
G1 F1350 X32.66 Y47.102 E391.13821
M204 S2000
G0 F7500 X32.66 Y46.536
M204 S500
G1 F1350 X25.788 Y53.408 E391.59074
M204 S2000
G0 F7500 X25.788 Y52.842
M204 S500
G1 F1350 X32.66 Y45.97 E392.04328
M204 S2000
G0 F7500 X32.66 Y45.405
M204 S500
G1 F1350 X25.788 Y52.276 E392.49578
M204 S2000
G0 F7500 X25.788 Y51.711
M204 S500
G1 F1350 X32.66 Y44.839 E392.94831
M204 S2000
G0 F7500 X32.659 Y44.274
M204 S500
G1 F1350 X25.788 Y51.145 E393.40078
M204 S2000
G0 F7500 X25.788 Y50.579
M204 S500
G1 F1350 X32.659 Y43.708 E393.85324
M204 S2000
G0 F7500 X32.659 Y43.143
M204 S500
G1 F1350 X25.788 Y50.014 E394.30571
M204 S2000
G0 F7500 X25.788 Y49.448
M204 S500
G1 F1350 X32.659 Y42.577 E394.75818
M204 S2000
G0 F7500 X32.659 Y42.011
M204 S500
G1 F1350 X25.788 Y48.882 E395.21064
M204 S2000
G0 F7500 X25.788 Y48.317
M204 S500
G1 F1350 X32.659 Y41.446 E395.66311
M204 S2000
G0 F7500 X32.659 Y40.88
M204 S500
G1 F1350 X25.788 Y47.751 E396.11558
M204 S2000
G0 F7500 X25.788 Y47.185
M204 S500
G1 F1350 X32.659 Y40.314 E396.56804
M204 S2000
G0 F7500 X32.659 Y39.749
M204 S500
G1 F1350 X25.788 Y46.62 E397.02051
M204 S2000
G0 F7500 X25.788 Y46.054
M204 S500
G1 F1350 X32.659 Y39.183 E397.47298
M204 S2000
G0 F7500 X32.659 Y38.617
M204 S500
G1 F1350 X25.788 Y45.488 E397.92545
M204 S2000
G0 F7500 X25.788 Y44.922
M204 S500
G1 F1350 X32.659 Y38.052 E398.37788
M204 S2000
G0 F7500 X32.659 Y37.486
M204 S500
G1 F1350 X25.788 Y44.357 E398.83035
M204 S2000
G0 F7500 X25.788 Y43.791
M204 S500
G1 F1350 X32.658 Y36.921 E399.28275
M204 S2000
G0 F7500 X32.658 Y36.355
M204 S500
G1 F1350 X25.788 Y43.225 E399.73515
M204 S2000
G0 F7500 X25.788 Y42.66
M204 S500
G1 F1350 X32.658 Y35.79 E400.18755
M204 S2000
G0 F7500 X32.658 Y35.224
M204 S500
G1 F1350 X25.788 Y42.094 E400.63995
M204 S2000
G0 F7500 X25.788 Y41.528
M204 S500
G1 F1350 X32.658 Y34.658 E401.09235
M204 S2000
G0 F7500 X32.658 Y34.092
M204 S500
G1 F1350 X25.788 Y40.963 E401.54479
M204 S2000
G0 F7500 X25.788 Y40.397
M204 S500
G1 F1350 X32.658 Y33.527 E401.99719
M204 S2000
G0 F7500 X32.658 Y32.961
M204 S500
G1 F1350 X25.788 Y39.831 E402.44959
M204 S2000
G0 F7500 X25.788 Y39.266
M204 S500
G1 F1350 X32.658 Y32.395 E402.90202
M204 S2000
G0 F7500 X32.658 Y31.83
M204 S500
G1 F1350 X25.788 Y38.7 E403.35443
M204 S2000
G0 F7500 X25.788 Y38.134
M204 S500
G1 F1350 X32.658 Y31.264 E403.80683
M204 S2000
G0 F7500 X32.658 Y30.698
M204 S500
G1 F1350 X25.788 Y37.569 E404.25926
M204 S2000
G0 F7500 X25.788 Y37.003
M204 S500
G1 F1350 X32.658 Y30.133 E404.71166
M204 S2000
G0 F7500 X32.658 Y29.568
M204 S500
G1 F1350 X25.788 Y36.437 E405.16403
M204 S2000
G0 F7500 X25.788 Y35.872
M204 S500
G1 F1350 X32.658 Y29.002 E405.61643
M204 S2000
G0 F7500 X32.658 Y28.436
M204 S500
G1 F1350 X25.788 Y35.306 E406.06883
M204 S2000
G0 F7500 X25.788 Y34.74
M204 S500
G1 F1350 X32.658 Y27.871 E406.5212
M204 S2000
G0 F7500 X32.658 Y27.305
M204 S500
G1 F1350 X25.788 Y34.174 E406.97357
M204 S2000
G0 F7500 X25.788 Y33.609
M204 S500
G1 F1350 X32.658 Y26.739 E407.42597
M204 S2000
G0 F7500 X32.658 Y26.174
M204 S500
G1 F1350 X25.788 Y33.043 E407.87834
M204 S2000
G0 F7500 X25.788 Y32.477
M204 S500
G1 F1350 X32.658 Y25.608 E408.33071
M204 S2000
G0 F7500 X32.658 Y25.042
M204 S500
G1 F1350 X25.788 Y31.912 E408.78311
M204 S2000
G0 F7500 X25.788 Y31.346
M204 S500
G1 F1350 X32.658 Y24.477 E409.23548
M204 S2000
G0 F7500 X32.658 Y23.911
M204 S500
G1 F1350 X25.788 Y30.78 E409.68785
M204 S2000
G0 F7500 X25.788 Y30.215
M204 S500
G1 F1350 X32.658 Y23.345 E410.14025
M204 S2000
G0 F7500 X32.657 Y22.78
M204 S500
G1 F1350 X25.788 Y29.649 E410.59258
M204 S2000
G0 F7500 X25.788 Y29.083
M204 S500
G1 F1350 X32.657 Y22.214 E411.04492
M204 S2000
G0 F7500 X32.657 Y21.649
M204 S500
G1 F1350 X25.788 Y28.518 E411.49725
M204 S2000
G0 F7500 X25.788 Y27.952
M204 S500
G1 F1350 X32.657 Y21.083 E411.94959
M204 S2000
G0 F7500 X32.657 Y20.517
M204 S500
G1 F1350 X25.788 Y27.386 E412.40192
M204 S2000
G0 F7500 X25.788 Y26.821
M204 S500
G1 F1350 X32.657 Y19.952 E412.85426
M204 S2000
G0 F7500 X32.657 Y19.386
M204 S500
G1 F1350 X25.788 Y26.255 E413.30659
M204 S2000
G0 F7500 X25.788 Y25.689
M204 S500
G1 F1350 X32.657 Y18.82 E413.75893
M204 S2000
G0 F7500 X32.657 Y18.255
M204 S500
G1 F1350 X25.788 Y25.124 E414.21126
M204 S2000
G0 F7500 X25.788 Y24.558
M204 S500
G1 F1350 X32.657 Y17.689 E414.6636
M204 S2000
G0 F7500 X32.657 Y17.123
M204 S500
G1 F1350 X25.788 Y23.992 E415.11594
M204 S2000
G0 F7500 X25.788 Y23.426
M204 S500
G1 F1350 X32.657 Y16.558 E415.56824
M204 S2000
G0 F7500 X32.657 Y15.992
M204 S500
G1 F1350 X25.788 Y22.861 E416.02057
M204 S2000
G0 F7500 X25.788 Y22.295
M204 S500
G1 F1350 X32.656 Y15.427 E416.47284
M204 S2000
G0 F7500 X32.656 Y14.861
M204 S500
G1 F1350 X25.788 Y21.729 E416.92511
M204 S2000
G0 F7500 X25.788 Y21.164
M204 S500
G1 F1350 X32.656 Y14.296 E417.37738
M204 S2000
G0 F7500 X32.656 Y13.73
M204 S500
G1 F1350 X25.788 Y20.598 E417.82965
M204 S2000
G0 F7500 X25.788 Y20.032
M204 S500
G1 F1350 X32.656 Y13.164 E418.28192
M204 S2000
G0 F7500 X32.656 Y12.599
M204 S500
G1 F1350 X25.788 Y19.467 E418.73419
M204 S2000
G0 F7500 X25.788 Y18.901
M204 S500
G1 F1350 X32.656 Y12.033 E419.18646
M204 S2000
G0 F7500 X32.656 Y11.467
M204 S500
G1 F1350 X25.788 Y18.335 E419.63873
M204 S2000
G0 F7500 X25.788 Y17.77
M204 S500
G1 F1350 X32.656 Y10.901 E420.09103
M204 S2000
G0 F7500 X32.656 Y10.336
M204 S500
G1 F1350 X25.788 Y17.204 E420.5433
M204 S2000
G0 F7500 X25.788 Y16.638
M204 S500
G1 F1350 X32.656 Y9.77 E420.99557
M204 S2000
G0 F7500 X32.656 Y9.204
M204 S500
G1 F1350 X25.788 Y16.073 E421.44787
M204 S2000
G0 F7500 X25.788 Y15.507
M204 S500
G1 F1350 X32.656 Y8.639 E421.90014
M204 S2000
G0 F7500 X32.354 Y8.376
M204 S500
G1 F1350 X25.788 Y14.941 E422.33249
M204 S2000
G0 F7500 X25.788 Y14.375
M204 S500
G1 F1350 X31.788 Y8.376 E422.72757
M204 S2000
G0 F7500 X31.222 Y8.376
M204 S500
G1 F1350 X25.788 Y13.81 E423.08541
M204 S2000
G0 F7500 X25.788 Y13.244
M204 S500
G1 F1350 X30.657 Y8.376 E423.40601
M204 S2000
G0 F7500 X30.091 Y8.376
M204 S500
G1 F1350 X25.788 Y12.678 E423.68933
M204 S2000
G0 F7500 X25.788 Y12.113
M204 S500
G1 F1350 X29.525 Y8.376 E423.93542
M204 S2000
G0 F7500 X28.96 Y8.376
M204 S500
G1 F1350 X25.788 Y11.547 E424.14427
M204 S2000
G0 F7500 X25.788 Y10.981
M204 S500
G1 F1350 X28.394 Y8.376 E424.31585
M204 S2000
G0 F7500 X27.828 Y8.376
M204 S500
G1 F1350 X25.788 Y10.416 E424.45018
M204 S2000
G0 F7500 X25.788 Y9.85
M204 S500
G1 F1350 X27.263 Y8.376 E424.54728
M204 S2000
G0 F7500 X26.697 Y8.376
M204 S500
G1 F1350 X25.788 Y9.284 E424.60711
M204 S2000
G0 F7500 X25.788 Y8.719
M204 S500
G1 F1350 X26.131 Y8.376 E424.6297
M204 S2000
G1 F2400 E423.8297
;MESH:NONMESH
G0 F300 X26.131 Y8.376 Z0.76
G0 F7500 X26.131 Y7.916
G0 X33.044 Y7.988
G0 X33.385 Y103.02
G0 X70.052 Y103.352
G0 X70.39 Y110.197
G0 X79.052 Y110.528
G0 X79.224 Y126.816
;TIME_ELAPSED:707.270021
;LAYER:2
M106 S51
M204 S500
;TYPE:WALL-INNER
;MESH:kapaklar (1).stl
G1 F2400 E424.6297
G1 F1800 X79.224 Y110.356 E425.39614
G1 X71.228 Y110.356 E425.76847
G1 X70.968 Y110.322 E425.78068
G1 X70.757 Y110.239 E425.79124
G1 X70.45 Y109.985 E425.80979
G1 X70.313 Y109.762 E425.82198
G1 X70.228 Y109.357 E425.84125
G1 X70.224 Y103.18 E426.12887
G1 X34.115 Y103.18 E427.81026
G1 X33.914 Y103.131 E427.81989
G1 X33.647 Y102.998 E427.83378
G1 X33.437 Y102.798 E427.84729
G1 X33.282 Y102.516 E427.86227
G1 X33.224 Y102.3 E427.87269
G1 X33.22 Y7.816 E432.27226
G1 X25.228 Y7.816 E432.6444
G1 X25.229 Y111.431 E437.46915
G1 X69.228 Y111.432 E439.51792
G1 X69.488 Y111.466 E439.53013
G1 X69.844 Y111.643 E439.54865
G1 X70.006 Y111.803 E439.55925
G1 X70.143 Y112.026 E439.57144
G1 X70.228 Y112.432 E439.59075
G1 X70.228 Y126.816 E440.26053
G1 X79.224 Y126.816 E440.67942
M204 S2000
G0 F9000 X79.624 Y127.216
M204 S500
G1 F1800 X79.624 Y109.956 E441.48312
G1 X71.228 Y109.956 E441.87407
G1 X70.945 Y109.886 E441.88765
G1 X70.761 Y109.734 E441.89876
G1 X70.679 Y109.6 E441.90608
G1 X70.628 Y109.357 E441.91764
G1 X70.624 Y102.78 E442.22389
G1 X34.158 Y102.78 E443.9219
G1 X33.953 Y102.716 E443.9319
G1 X33.812 Y102.618 E443.93989
G1 X33.699 Y102.472 E443.94849
G1 X33.624 Y102.253 E443.95927
G1 X33.62 Y7.416 E448.37528
G1 X24.828 Y7.416 E448.78467
G1 X24.829 Y111.831 E453.64667
G1 X69.228 Y111.832 E455.71407
G1 X69.511 Y111.902 E455.72765
G1 X69.695 Y112.054 E455.73876
G1 X69.777 Y112.188 E455.74608
G1 X69.828 Y112.432 E455.75768
G1 X69.828 Y127.216 E456.44609
G1 X79.624 Y127.216 E456.90223
M204 S2000
G0 F9000 X80.024 Y127.616
M204 S500
;TYPE:WALL-OUTER
G1 F1800 X80.024 Y109.556 E457.74318
G1 X71.176 Y109.55 E458.15518
G1 X71.028 Y109.416 E458.16448
G1 X71.024 Y102.38 E458.4921
G1 X34.189 Y102.377 E460.2073
G1 X34.086 Y102.326 E460.21265
G1 X34.026 Y102.215 E460.21852
G1 X34.02 Y7.016 E464.65139
G1 X24.428 Y7.016 E465.09803
G1 X24.429 Y112.231 E469.99728
G1 X69.28 Y112.238 E472.08573
G1 X69.428 Y112.372 E472.09503
G1 X69.428 Y127.616 E472.80485
G1 X80.024 Y127.616 E473.29825
M204 S2000
G0 F9000 X79.745 Y127.337
G0 X79.124 Y126.456
G0 X78.864 Y126.456
M204 S500
;TYPE:SKIN
G1 F1800 X70.588 Y126.456 E473.68361
G1 X70.584 Y112.395 E474.33835
G1 X70.472 Y111.875 E474.36312
G1 X70.298 Y111.593 E474.37855
G1 X69.979 Y111.27 E474.39969
G1 X69.556 Y111.113 E474.4207
G1 X69.26 Y111.074 E474.4346
G1 X25.589 Y111.068 E476.46811
G1 X25.588 Y8.176 E481.25919
G1 X32.86 Y8.176 E481.5978
G1 X32.866 Y102.362 E485.9835
G1 X33.032 Y102.837 E486.00693
G1 X33.29 Y103.17 E486.02654
G1 X33.61 Y103.396 E486.04478
G1 X34.061 Y103.537 E486.06679
G1 X69.864 Y103.54 E487.73392
G1 X69.871 Y109.392 E488.00642
G1 X69.981 Y109.909 E488.03103
G1 X70.182 Y110.226 E488.04851
G1 X70.474 Y110.51 E488.06748
G1 X70.852 Y110.659 E488.0864
G1 X71.199 Y110.714 E488.10276
G1 X78.864 Y110.716 E488.45967
G1 X78.864 Y126.456 E489.19259
M204 S2000
G1 F2400 E488.39259
G0 F9000 X79.124 Y126.456
G0 X70.4 Y126.644
G0 X70.066 Y111.597
G0 X26.014 Y111.331
G0 X26.015 Y110.868
M204 S500
G1 F2400 E489.19259
G1 F1800 X25.788 Y110.641 E489.20754
M204 S2000
G0 F9000 X25.788 Y110.075
M204 S500
G1 F1800 X26.581 Y110.868 E489.25976
M204 S2000
G0 F9000 X27.147 Y110.868
M204 S500
G1 F1800 X25.788 Y109.51 E489.34922
M204 S2000
G0 F9000 X25.788 Y108.944
M204 S500
G1 F1800 X27.712 Y110.868 E489.47592
M204 S2000
G0 F9000 X28.278 Y110.868
M204 S500
G1 F1800 X25.788 Y108.378 E489.63989
M204 S2000
G0 F9000 X25.788 Y107.813
M204 S500
G1 F1800 X28.844 Y110.868 E489.8411
M204 S2000
G0 F9000 X29.409 Y110.868
M204 S500
G1 F1800 X25.788 Y107.247 E490.07955
M204 S2000
G0 F9000 X25.788 Y106.681
M204 S500
G1 F1800 X29.976 Y110.869 E490.35533
M204 S2000
G0 F9000 X30.541 Y110.869
M204 S500
G1 F1800 X25.788 Y106.116 E490.66833
M204 S2000
G0 F9000 X25.788 Y105.55
M204 S500
G1 F1800 X31.107 Y110.869 E491.01859
M204 S2000
G0 F9000 X31.673 Y110.869
M204 S500
G1 F1800 X25.788 Y104.984 E491.40613
M204 S2000
G0 F9000 X25.788 Y104.418
M204 S500
G1 F1800 X32.238 Y110.869 E491.83091
M204 S2000
G0 F9000 X32.804 Y110.869
M204 S500
G1 F1800 X25.788 Y103.853 E492.29292
M204 S2000
G0 F9000 X25.788 Y103.287
M204 S500
G1 F1800 X33.37 Y110.869 E492.79221
M204 S2000
G0 F9000 X33.936 Y110.869
M204 S500
G1 F1800 X25.788 Y102.721 E493.32877
M204 S2000
G0 F9000 X25.788 Y102.156
M204 S500
G1 F1800 X34.502 Y110.869 E493.90257
M204 S2000
G0 F9000 X35.068 Y110.869
M204 S500
G1 F1800 X25.788 Y101.59 E494.51364
M204 S2000
G0 F9000 X25.788 Y101.024
M204 S500
G1 F1800 X35.633 Y110.869 E495.16195
M204 S2000
G0 F9000 X36.199 Y110.869
M204 S500
G1 F1800 X25.788 Y100.459 E495.8475
M204 S2000
G0 F9000 X25.788 Y99.893
M204 S500
G1 F1800 X36.765 Y110.87 E496.57035
M204 S2000
G0 F9000 X37.331 Y110.87
M204 S500
G1 F1800 X25.788 Y99.327 E497.33048
M204 S2000
G0 F9000 X25.788 Y98.762
M204 S500
G1 F1800 X37.897 Y110.87 E498.12784
M204 S2000
G0 F9000 X38.462 Y110.87
M204 S500
G1 F1800 X25.788 Y98.196 E498.96245
M204 S2000
G0 F9000 X25.788 Y97.63
M204 S500
G1 F1800 X39.028 Y110.87 E499.83432
M204 S2000
G0 F9000 X39.594 Y110.87
M204 S500
G1 F1800 X25.788 Y97.065 E500.74344
M204 S2000
G0 F9000 X25.788 Y96.499
M204 S500
G1 F1800 X40.159 Y110.87 E501.6898
M204 S2000
G0 F9000 X40.726 Y110.871
M204 S500
G1 F1800 X33.215 Y103.36 E502.18441
G1 X33.091 Y103.236
G1 X25.788 Y95.933 E502.66532
M204 S2000
G0 F9000 X25.788 Y95.367
M204 S500
G1 F1800 X32.669 Y102.248 E503.11845
M204 S2000
G0 F9000 X32.669 Y101.683
M204 S500
G1 F1800 X25.788 Y94.802 E503.57157
M204 S2000
G0 F9000 X25.788 Y94.236
M204 S500
G1 F1800 X32.669 Y101.117 E504.0247
M204 S2000
G0 F9000 X32.669 Y100.551
M204 S500
G1 F1800 X25.788 Y93.67 E504.47783
M204 S2000
G0 F9000 X25.788 Y93.105
M204 S500
G1 F1800 X32.669 Y99.986 E504.93095
M204 S2000
G0 F9000 X32.669 Y99.42
M204 S500
G1 F1800 X25.788 Y92.539 E505.38408
M204 S2000
G0 F9000 X25.788 Y91.973
M204 S500
G1 F1800 X32.669 Y98.854 E505.8372
M204 S2000
G0 F9000 X32.669 Y98.289
M204 S500
G1 F1800 X25.788 Y91.408 E506.29033
M204 S2000
G0 F9000 X25.788 Y90.842
M204 S500
G1 F1800 X32.669 Y97.723 E506.74345
M204 S2000
G0 F9000 X32.669 Y97.157
M204 S500
G1 F1800 X25.788 Y90.276 E507.19658
M204 S2000
G0 F9000 X25.788 Y89.711
M204 S500
G1 F1800 X32.669 Y96.591 E507.64967
M204 S2000
G0 F9000 X32.669 Y96.026
M204 S500
G1 F1800 X25.788 Y89.145 E508.1028
M204 S2000
G0 F9000 X25.788 Y88.579
M204 S500
G1 F1800 X32.669 Y95.46 E508.55592
M204 S2000
G0 F9000 X32.668 Y94.894
M204 S500
G1 F1800 X25.788 Y88.014 E509.00898
M204 S2000
G0 F9000 X25.788 Y87.448
M204 S500
G1 F1800 X32.668 Y94.328 E509.46204
M204 S2000
G0 F9000 X32.668 Y93.762
M204 S500
G1 F1800 X25.788 Y86.882 E509.9151
M204 S2000
G0 F9000 X25.788 Y86.317
M204 S500
G1 F1800 X32.668 Y93.197 E510.36816
M204 S2000
G0 F9000 X32.668 Y92.631
M204 S500
G1 F1800 X25.788 Y85.751 E510.82122
M204 S2000
G0 F9000 X25.788 Y85.185
M204 S500
G1 F1800 X32.668 Y92.065 E511.27428
M204 S2000
G0 F9000 X32.668 Y91.5
M204 S500
G1 F1800 X25.788 Y84.619 E511.72737
M204 S2000
G0 F9000 X25.788 Y84.054
M204 S500
G1 F1800 X32.668 Y90.934 E512.18043
M204 S2000
G0 F9000 X32.668 Y90.368
M204 S500
G1 F1800 X25.788 Y83.488 E512.63349
M204 S2000
G0 F9000 X25.788 Y82.922
M204 S500
G1 F1800 X32.668 Y89.803 E513.08659
M204 S2000
G0 F9000 X32.668 Y89.237
M204 S500
G1 F1800 X25.788 Y82.357 E513.53965
M204 S2000
G0 F9000 X25.788 Y81.791
M204 S500
G1 F1800 X32.668 Y88.671 E513.99271
M204 S2000
G0 F9000 X32.668 Y88.106
M204 S500
G1 F1800 X25.788 Y81.225 E514.4458
M204 S2000
G0 F9000 X25.788 Y80.66
M204 S500
G1 F1800 X32.668 Y87.539 E514.89882
M204 S2000
G0 F9000 X32.668 Y86.973
M204 S500
G1 F1800 X25.788 Y80.094 E515.35185
M204 S2000
G0 F9000 X25.788 Y79.528
M204 S500
G1 F1800 X32.668 Y86.408 E515.80491
M204 S2000
G0 F9000 X32.668 Y85.842
M204 S500
G1 F1800 X25.788 Y78.963 E516.25794
M204 S2000
G0 F9000 X25.788 Y78.397
M204 S500
G1 F1800 X32.668 Y85.276 E516.71097
M204 S2000
G0 F9000 X32.668 Y84.711
M204 S500
G1 F1800 X25.788 Y77.831 E517.16402
M204 S2000
G0 F9000 X25.788 Y77.266
M204 S500
G1 F1800 X32.668 Y84.145 E517.61705
M204 S2000
G0 F9000 X32.668 Y83.579
M204 S500
G1 F1800 X25.788 Y76.7 E518.07008
M204 S2000
G0 F9000 X25.788 Y76.134
M204 S500
G1 F1800 X32.668 Y83.014 E518.52314
M204 S2000
G0 F9000 X32.668 Y82.448
M204 S500
G1 F1800 X25.788 Y75.569 E518.97617
M204 S2000
G0 F9000 X25.788 Y75.003
M204 S500
G1 F1800 X32.668 Y81.882 E519.42919
M204 S2000
G0 F9000 X32.668 Y81.317
M204 S500
G1 F1800 X25.788 Y74.437 E519.88225
M204 S2000
G0 F9000 X25.788 Y73.871
M204 S500
G1 F1800 X32.668 Y80.751 E520.33531
M204 S2000
G0 F9000 X32.667 Y80.184
M204 S500
G1 F1800 X25.788 Y73.306 E520.78827
M204 S2000
G0 F9000 X25.788 Y72.74
M204 S500
G1 F1800 X32.667 Y79.619 E521.24127
M204 S2000
G0 F9000 X32.667 Y79.053
M204 S500
G1 F1800 X25.788 Y72.174 E521.69426
M204 S2000
G0 F9000 X25.788 Y71.609
M204 S500
G1 F1800 X32.667 Y78.487 E522.14722
M204 S2000
G0 F9000 X32.667 Y77.922
M204 S500
G1 F1800 X25.788 Y71.043 E522.60022
M204 S2000
G0 F9000 X25.788 Y70.477
M204 S500
G1 F1800 X32.667 Y77.356 E523.05321
M204 S2000
G0 F9000 X32.667 Y76.79
M204 S500
G1 F1800 X25.788 Y69.912 E523.50617
M204 S2000
G0 F9000 X25.788 Y69.346
M204 S500
G1 F1800 X32.667 Y76.225 E523.95916
M204 S2000
G0 F9000 X32.667 Y75.659
M204 S500
G1 F1800 X25.788 Y68.78 E524.41216
M204 S2000
G0 F9000 X25.788 Y68.215
M204 S500
G1 F1800 X32.667 Y75.093 E524.86512
M204 S2000
G0 F9000 X32.667 Y74.528
M204 S500
G1 F1800 X25.788 Y67.649 E525.31811
M204 S2000
G0 F9000 X25.788 Y67.083
M204 S500
G1 F1800 X32.667 Y73.962 E525.77111
M204 S2000
G0 F9000 X32.666 Y73.396
M204 S500
G1 F1800 X25.788 Y66.518 E526.22403
M204 S2000
G0 F9000 X25.788 Y65.952
M204 S500
G1 F1800 X32.666 Y72.83 E526.67696
M204 S2000
G0 F9000 X32.666 Y72.264
M204 S500
G1 F1800 X25.788 Y65.386 E527.12989
M204 S2000
G0 F9000 X25.788 Y64.82
M204 S500
G1 F1800 X32.666 Y71.699 E527.58285
M204 S2000
G0 F9000 X32.666 Y71.133
M204 S500
G1 F1800 X25.788 Y64.255 E528.03578
M204 S2000
G0 F9000 X25.788 Y63.689
M204 S500
G1 F1800 X32.666 Y70.567 E528.48871
M204 S2000
G0 F9000 X32.666 Y70.001
M204 S500
G1 F1800 X25.788 Y63.123 E528.94164
M204 S2000
G0 F9000 X25.788 Y62.558
M204 S500
G1 F1800 X32.666 Y69.436 E529.39456
M204 S2000
G0 F9000 X32.666 Y68.87
M204 S500
G1 F1800 X25.788 Y61.992 E529.84749
M204 S2000
G0 F9000 X25.788 Y61.426
M204 S500
G1 F1800 X32.666 Y68.304 E530.30042
M204 S2000
G0 F9000 X32.666 Y67.739
M204 S500
G1 F1800 X25.788 Y60.861 E530.75335
M204 S2000
G0 F9000 X25.788 Y60.295
M204 S500
G1 F1800 X32.666 Y67.173 E531.20628
M204 S2000
G0 F9000 X32.666 Y66.607
M204 S500
G1 F1800 X25.788 Y59.729 E531.6592
M204 S2000
G0 F9000 X25.788 Y59.164
M204 S500
G1 F1800 X32.666 Y66.041 E532.1121
M204 S2000
G0 F9000 X32.666 Y65.475
M204 S500
G1 F1800 X25.788 Y58.598 E532.56499
M204 S2000
G0 F9000 X25.788 Y58.032
M204 S500
G1 F1800 X32.666 Y64.91 E533.01792
M204 S2000
G0 F9000 X32.666 Y64.344
M204 S500
G1 F1800 X25.788 Y57.467 E533.47082
M204 S2000
G0 F9000 X25.788 Y56.901
M204 S500
G1 F1800 X32.666 Y63.778 E533.92371
M204 S2000
G0 F9000 X32.666 Y63.213
M204 S500
G1 F1800 X25.788 Y56.335 E534.37664
M204 S2000
G0 F9000 X25.788 Y55.77
M204 S500
G1 F1800 X32.666 Y62.647 E534.82954
M204 S2000
G0 F9000 X32.666 Y62.081
M204 S500
G1 F1800 X25.788 Y55.204 E535.28243
M204 S2000
G0 F9000 X25.788 Y54.638
M204 S500
G1 F1800 X32.666 Y61.515 E535.73533
M204 S2000
G0 F9000 X32.666 Y60.95
M204 S500
G1 F1800 X25.788 Y54.072 E536.18825
M204 S2000
G0 F9000 X25.788 Y53.507
M204 S500
G1 F1800 X32.666 Y60.384 E536.64115
M204 S2000
G0 F9000 X32.666 Y59.818
M204 S500
G1 F1800 X25.788 Y52.941 E537.09404
M204 S2000
G0 F9000 X25.788 Y52.375
M204 S500
G1 F1800 X32.666 Y59.253 E537.54697
M204 S2000
G0 F9000 X32.665 Y58.686
M204 S500
G1 F1800 X25.788 Y51.81 E537.9998
M204 S2000
G0 F9000 X25.788 Y51.244
M204 S500
G1 F1800 X32.665 Y58.121 E538.45266
M204 S2000
G0 F9000 X32.665 Y57.555
M204 S500
G1 F1800 X25.788 Y50.678 E538.90553
M204 S2000
G0 F9000 X25.788 Y50.113
M204 S500
G1 F1800 X32.665 Y56.989 E539.35836
M204 S2000
G0 F9000 X32.665 Y56.424
M204 S500
G1 F1800 X25.788 Y49.547 E539.81122
M204 S2000
G0 F9000 X25.788 Y48.981
M204 S500
G1 F1800 X32.665 Y55.858 E540.26408
M204 S2000
G0 F9000 X32.665 Y55.292
M204 S500
G1 F1800 X25.788 Y48.416 E540.71691
M204 S2000
G0 F9000 X25.788 Y47.85
M204 S500
G1 F1800 X32.665 Y54.727 E541.16977
M204 S2000
G0 F9000 X32.665 Y54.161
M204 S500
G1 F1800 X25.788 Y47.284 E541.62263
M204 S2000
G0 F9000 X25.788 Y46.719
M204 S500
G1 F1800 X32.665 Y53.595 E542.07546
M204 S2000
G0 F9000 X32.665 Y53.029
M204 S500
G1 F1800 X25.788 Y46.153 E542.52829
M204 S2000
G0 F9000 X25.788 Y45.587
M204 S500
G1 F1800 X32.665 Y52.464 E542.98115
M204 S2000
G0 F9000 X32.665 Y51.898
M204 S500
G1 F1800 X25.788 Y45.021 E543.43402
M204 S2000
G0 F9000 X25.788 Y44.456
M204 S500
G1 F1800 X32.664 Y51.332 E543.88681
M204 S2000
G0 F9000 X32.664 Y50.766
M204 S500
G1 F1800 X25.788 Y43.89 E544.33961
M204 S2000
G0 F9000 X25.788 Y43.324
M204 S500
G1 F1800 X32.664 Y50.2 E544.79241
M204 S2000
G0 F9000 X32.664 Y49.635
M204 S500
G1 F1800 X25.788 Y42.759 E545.2452
M204 S2000
G0 F9000 X25.788 Y42.193
M204 S500
G1 F1800 X32.664 Y49.069 E545.698
M204 S2000
G0 F9000 X32.664 Y48.503
M204 S500
G1 F1800 X25.788 Y41.627 E546.15079
M204 S2000
G0 F9000 X25.788 Y41.062
M204 S500
G1 F1800 X32.664 Y47.938 E546.60359
M204 S2000
G0 F9000 X32.664 Y47.372
M204 S500
G1 F1800 X25.788 Y40.496 E547.05639
M204 S2000
G0 F9000 X25.788 Y39.93
M204 S500
G1 F1800 X32.664 Y46.806 E547.50918
M204 S2000
G0 F9000 X32.664 Y46.241
M204 S500
G1 F1800 X25.788 Y39.365 E547.96198
M204 S2000
G0 F9000 X25.788 Y38.799
M204 S500
G1 F1800 X32.664 Y45.675 E548.41478
M204 S2000
G0 F9000 X32.664 Y45.109
M204 S500
G1 F1800 X25.788 Y38.233 E548.86757
M204 S2000
G0 F9000 X25.788 Y37.668
M204 S500
G1 F1800 X32.664 Y44.543 E549.32034
M204 S2000
G0 F9000 X32.663 Y43.977
M204 S500
G1 F1800 X25.788 Y37.102 E549.77307
M204 S2000
G0 F9000 X25.788 Y36.536
M204 S500
G1 F1800 X32.663 Y43.411 E550.2258
M204 S2000
G0 F9000 X32.663 Y42.846
M204 S500
G1 F1800 X25.788 Y35.971 E550.67853
M204 S2000
G0 F9000 X25.788 Y35.405
M204 S500
G1 F1800 X32.663 Y42.28 E551.13126
M204 S2000
G0 F9000 X32.663 Y41.714
M204 S500
G1 F1800 X25.788 Y34.839 E551.58399
M204 S2000
G0 F9000 X25.788 Y34.273
M204 S500
G1 F1800 X32.663 Y41.149 E552.03675
M204 S2000
G0 F9000 X32.663 Y40.583
M204 S500
G1 F1800 X25.788 Y33.708 E552.48948
M204 S2000
G0 F9000 X25.788 Y33.142
M204 S500
G1 F1800 X32.663 Y40.017 E552.94221
M204 S2000
G0 F9000 X32.663 Y39.452
M204 S500
G1 F1800 X25.788 Y32.576 E553.39498
M204 S2000
G0 F9000 X25.788 Y32.011
M204 S500
G1 F1800 X32.663 Y38.886 E553.84771
M204 S2000
G0 F9000 X32.663 Y38.32
M204 S500
G1 F1800 X25.788 Y31.445 E554.30044
M204 S2000
G0 F9000 X25.788 Y30.879
M204 S500
G1 F1800 X32.663 Y37.755 E554.7532
M204 S2000
G0 F9000 X32.663 Y37.188
M204 S500
G1 F1800 X25.788 Y30.314 E555.2059
M204 S2000
G0 F9000 X25.788 Y29.748
M204 S500
G1 F1800 X32.663 Y36.622 E555.6586
M204 S2000
G0 F9000 X32.663 Y36.057
M204 S500
G1 F1800 X25.788 Y29.182 E556.11133
M204 S2000
G0 F9000 X25.788 Y28.617
M204 S500
G1 F1800 X32.663 Y35.491 E556.56402
M204 S2000
G0 F9000 X32.663 Y34.925
M204 S500
G1 F1800 X25.788 Y28.051 E557.01672
M204 S2000
G0 F9000 X25.788 Y27.485
M204 S500
G1 F1800 X32.663 Y34.36 E557.46945
M204 S2000
G0 F9000 X32.663 Y33.794
M204 S500
G1 F1800 X25.788 Y26.92 E557.92215
M204 S2000
G0 F9000 X25.788 Y26.354
M204 S500
G1 F1800 X32.663 Y33.228 E558.37485
M204 S2000
G0 F9000 X32.663 Y32.663
M204 S500
G1 F1800 X25.788 Y25.788 E558.82758
M204 S2000
G0 F9000 X25.788 Y25.222
M204 S500
G1 F1800 X32.663 Y32.097 E559.28031
M204 S2000
G0 F9000 X32.663 Y31.531
M204 S500
G1 F1800 X25.788 Y24.657 E559.73301
M204 S2000
G0 F9000 X25.788 Y24.091
M204 S500
G1 F1800 X32.663 Y30.966 E560.18574
M204 S2000
G0 F9000 X32.663 Y30.4
M204 S500
G1 F1800 X25.788 Y23.525 E560.63847
M204 S2000
G0 F9000 X25.788 Y22.96
M204 S500
G1 F1800 X32.662 Y29.834 E561.09113
M204 S2000
G0 F9000 X32.662 Y29.268
M204 S500
G1 F1800 X25.788 Y22.394 E561.5438
M204 S2000
G0 F9000 X25.788 Y21.828
M204 S500
G1 F1800 X32.662 Y28.702 E561.99646
M204 S2000
G0 F9000 X32.662 Y28.136
M204 S500
G1 F1800 X25.788 Y21.263 E562.44909
M204 S2000
G0 F9000 X25.788 Y20.697
M204 S500
G1 F1800 X32.662 Y27.571 E562.90176
M204 S2000
G0 F9000 X32.662 Y27.005
M204 S500
G1 F1800 X25.788 Y20.131 E563.35442
M204 S2000
G0 F9000 X25.788 Y19.566
M204 S500
G1 F1800 X32.662 Y26.439 E563.80705
M204 S2000
G0 F9000 X32.662 Y25.874
M204 S500
G1 F1800 X25.788 Y19 E564.25972
M204 S2000
G0 F9000 X25.788 Y18.434
M204 S500
G1 F1800 X32.662 Y25.308 E564.71238
M204 S2000
G0 F9000 X32.662 Y24.742
M204 S500
G1 F1800 X25.788 Y17.869 E565.16501
M204 S2000
G0 F9000 X25.788 Y17.303
M204 S500
G1 F1800 X32.662 Y24.177 E565.61768
M204 S2000
G0 F9000 X32.662 Y23.611
M204 S500
G1 F1800 X25.788 Y16.737 E566.07034
M204 S2000
G0 F9000 X25.788 Y16.172
M204 S500
G1 F1800 X32.662 Y23.045 E566.52297
M204 S2000
G0 F9000 X32.661 Y22.479
M204 S500
G1 F1800 X25.788 Y15.606 E566.97557
M204 S2000
G0 F9000 X25.788 Y15.04
M204 S500
G1 F1800 X32.661 Y21.913 E567.42817
M204 S2000
G0 F9000 X32.661 Y21.348
M204 S500
G1 F1800 X25.788 Y14.474 E567.8808
M204 S2000
G0 F9000 X25.788 Y13.909
M204 S500
G1 F1800 X32.661 Y20.782 E568.3334
M204 S2000
G0 F9000 X32.661 Y20.216
M204 S500
G1 F1800 X25.788 Y13.343 E568.786
M204 S2000
G0 F9000 X25.788 Y12.777
M204 S500
G1 F1800 X32.661 Y19.65 E569.2386
M204 S2000
G0 F9000 X32.661 Y19.085
M204 S500
G1 F1800 X25.788 Y12.212 E569.6912
M204 S2000
G0 F9000 X25.788 Y11.646
M204 S500
G1 F1800 X32.661 Y18.519 E570.1438
M204 S2000
G0 F9000 X32.661 Y17.953
M204 S500
G1 F1800 X25.788 Y11.08 E570.5964
M204 S2000
G0 F9000 X25.788 Y10.515
M204 S500
G1 F1800 X32.661 Y17.388 E571.049
M204 S2000
G0 F9000 X32.661 Y16.822
M204 S500
G1 F1800 X25.788 Y9.949 E571.50159
M204 S2000
G0 F9000 X25.788 Y9.383
M204 S500
G1 F1800 X32.661 Y16.256 E571.95419
M204 S2000
G0 F9000 X32.661 Y15.691
M204 S500
G1 F1800 X25.788 Y8.818 E572.40679
M204 S2000
G0 F9000 X25.913 Y8.376
M204 S500
G1 F1800 X32.661 Y15.124 E572.85116
M204 S2000
G0 F9000 X32.661 Y14.559
M204 S500
G1 F1800 X26.478 Y8.376 E573.25832
M204 S2000
G0 F9000 X27.044 Y8.376
M204 S500
G1 F1800 X32.661 Y13.993 E573.62821
M204 S2000
G0 F9000 X32.661 Y13.427
M204 S500
G1 F1800 X27.61 Y8.376 E573.96083
M204 S2000
G0 F9000 X28.175 Y8.376
M204 S500
G1 F1800 X32.661 Y12.862 E574.25624
M204 S2000
G0 F9000 X32.661 Y12.296
M204 S500
G1 F1800 X28.741 Y8.376 E574.51438
M204 S2000
G0 F9000 X29.307 Y8.376
M204 S500
G1 F1800 X32.661 Y11.73 E574.73524
M204 S2000
G0 F9000 X32.661 Y11.165
M204 S500
G1 F1800 X29.872 Y8.376 E574.9189
M204 S2000
G0 F9000 X30.438 Y8.376
M204 S500
G1 F1800 X32.661 Y10.599 E575.06529
M204 S2000
G0 F9000 X32.661 Y10.033
M204 S500
G1 F1800 X31.004 Y8.376 E575.17441
M204 S2000
G0 F9000 X31.569 Y8.376
M204 S500
G1 F1800 X32.661 Y9.467 E575.24628
M204 S2000
G0 F9000 X32.661 Y8.902
M204 S500
G1 F1800 X32.135 Y8.376 E575.28092
M204 S2000
G1 F2400 E574.48092
G0 F9000 X32.135 Y7.916
G0 X33.048 Y7.988
G0 X33.386 Y103.02
G0 X34.158 Y103.28
G0 X34.158 Y103.737
M204 S500
G1 F2400 E575.28092
G1 F1800 X41.292 Y110.871 E575.75071
M204 S2000
G0 F9000 X41.857 Y110.871
M204 S500
G1 F1800 X34.723 Y103.737 E576.22049
M204 S2000
G0 F9000 X35.289 Y103.737
M204 S500
G1 F1800 X42.423 Y110.871 E576.69028
M204 S2000
G0 F9000 X42.989 Y110.871
M204 S500
G1 F1800 X35.855 Y103.737 E577.16007
M204 S2000
G0 F9000 X36.42 Y103.737
M204 S500
G1 F1800 X43.554 Y110.871 E577.62985
M204 S2000
G0 F9000 X44.121 Y110.872
M204 S500
G1 F1800 X36.986 Y103.737 E578.09971
M204 S2000
G0 F9000 X37.552 Y103.737
M204 S500
G1 F1800 X44.686 Y110.872 E578.56952
M204 S2000
G0 F9000 X45.252 Y110.872
M204 S500
G1 F1800 X38.117 Y103.737 E579.03938
M204 S2000
G0 F9000 X38.683 Y103.737
M204 S500
G1 F1800 X45.818 Y110.872 E579.50923
M204 S2000
G0 F9000 X46.383 Y110.872
M204 S500
G1 F1800 X39.249 Y103.737 E579.97905
M204 S2000
G0 F9000 X39.814 Y103.737
M204 S500
G1 F1800 X46.949 Y110.872 E580.4489
M204 S2000
G0 F9000 X47.515 Y110.872
M204 S500
G1 F1800 X40.38 Y103.737 E580.91875
M204 S2000
G0 F9000 X40.946 Y103.737
M204 S500
G1 F1800 X48.081 Y110.872 E581.3886
M204 S2000
G0 F9000 X48.647 Y110.872
M204 S500
G1 F1800 X41.512 Y103.738 E581.85842
M204 S2000
G0 F9000 X42.078 Y103.738
M204 S500
G1 F1800 X49.213 Y110.872 E582.32824
M204 S2000
G0 F9000 X49.778 Y110.872
M204 S500
G1 F1800 X42.643 Y103.738 E582.79806
M204 S2000
G0 F9000 X43.209 Y103.738
M204 S500
G1 F1800 X50.344 Y110.872 E583.26788
M204 S2000
G0 F9000 X50.91 Y110.872
M204 S500
G1 F1800 X43.775 Y103.738 E583.7377
M204 S2000
G0 F9000 X44.341 Y103.738
M204 S500
G1 F1800 X51.476 Y110.873 E584.20755
M204 S2000
G0 F9000 X52.042 Y110.873
M204 S500
G1 F1800 X44.906 Y103.738 E584.67743
M204 S2000
G0 F9000 X45.472 Y103.738
M204 S500
G1 F1800 X52.607 Y110.873 E585.14729
M204 S2000
G0 F9000 X53.173 Y110.873
M204 S500
G1 F1800 X46.038 Y103.738 E585.61714
M204 S2000
G0 F9000 X46.603 Y103.738
M204 S500
G1 F1800 X53.739 Y110.873 E586.08702
M204 S2000
G0 F9000 X54.304 Y110.873
M204 S500
G1 F1800 X47.169 Y103.738 E586.55688
M204 S2000
G0 F9000 X47.735 Y103.738
M204 S500
G1 F1800 X54.871 Y110.874 E587.02679
M204 S2000
G0 F9000 X55.436 Y110.874
M204 S500
G1 F1800 X48.301 Y103.738 E587.49668
M204 S2000
G0 F9000 X48.867 Y103.738
M204 S500
G1 F1800 X56.002 Y110.874 E587.96656
M204 S2000
G0 F9000 X56.568 Y110.874
M204 S500
G1 F1800 X49.432 Y103.738 E588.43648
M204 S2000
G0 F9000 X49.998 Y103.738
M204 S500
G1 F1800 X57.134 Y110.874 E588.9064
M204 S2000
G0 F9000 X57.699 Y110.874
M204 S500
G1 F1800 X50.564 Y103.738 E589.37628
M204 S2000
G0 F9000 X51.129 Y103.738
M204 S500
G1 F1800 X58.265 Y110.874 E589.8462
M204 S2000
G0 F9000 X58.831 Y110.874
M204 S500
G1 F1800 X51.695 Y103.738 E590.31612
M204 S2000
G0 F9000 X52.261 Y103.738
M204 S500
G1 F1800 X59.397 Y110.874 E590.78604
M204 S2000
G0 F9000 X59.963 Y110.874
M204 S500
G1 F1800 X52.827 Y103.738 E591.25595
M204 S2000
G0 F9000 X53.392 Y103.738
M204 S500
G1 F1800 X60.528 Y110.874 E591.72587
M204 S2000
G0 F9000 X61.094 Y110.874
M204 S500
G1 F1800 X53.958 Y103.738 E592.19579
M204 S2000
G0 F9000 X54.524 Y103.738
M204 S500
G1 F1800 X61.66 Y110.874 E592.66571
M204 S2000
G0 F9000 X62.226 Y110.875
M204 S500
G1 F1800 X55.089 Y103.738 E593.13569
M204 S2000
G0 F9000 X55.656 Y103.739
M204 S500
G1 F1800 X62.792 Y110.875 E593.60561
M204 S2000
G0 F9000 X63.357 Y110.875
M204 S500
G1 F1800 X56.221 Y103.739 E594.07553
M204 S2000
G0 F9000 X56.787 Y103.739
M204 S500
G1 F1800 X63.923 Y110.875 E594.54544
M204 S2000
G0 F9000 X64.489 Y110.875
M204 S500
G1 F1800 X57.353 Y103.739 E595.01536
M204 S2000
G0 F9000 X57.918 Y103.739
M204 S500
G1 F1800 X65.055 Y110.875 E595.48531
M204 S2000
G0 F9000 X65.62 Y110.875
M204 S500
G1 F1800 X58.484 Y103.739 E595.95523
M204 S2000
G0 F9000 X59.05 Y103.739
M204 S500
G1 F1800 X66.187 Y110.876 E596.42521
M204 S2000
G0 F9000 X66.752 Y110.876
M204 S500
G1 F1800 X59.615 Y103.739 E596.8952
M204 S2000
G0 F9000 X60.181 Y103.739
M204 S500
G1 F1800 X67.318 Y110.876 E597.36518
M204 S2000
G0 F9000 X67.884 Y110.876
M204 S500
G1 F1800 X60.747 Y103.739 E597.83517
M204 S2000
G0 F9000 X61.313 Y103.739
M204 S500
G1 F1800 X68.449 Y110.876 E598.30512
M204 S2000
G0 F9000 X69.015 Y110.876
M204 S500
G1 F1800 X61.878 Y103.739 E598.7751
M204 S2000
G0 F9000 X62.444 Y103.739
M204 S500
G1 F1800 X69.627 Y110.922 E599.24811
M204 S2000
G0 F9000 X69.779 Y109.942
M204 S500
G1 F1800 X63.576 Y103.74 E599.65656
M204 S2000
G0 F9000 X63.01 Y103.74
M204 S500
G1 F1800 X78.664 Y119.393 E600.68737
M204 S2000
G0 F9000 X78.664 Y119.959
M204 S500
G1 F1800 X70.706 Y112.001 E601.21142
M204 S2000
G0 F9000 X70.788 Y112.648
M204 S500
G1 F1800 X78.664 Y120.524 E601.73006
M204 S2000
G0 F9000 X78.664 Y121.09
M204 S500
G1 F1800 X70.788 Y113.214 E602.24871
M204 S2000
G0 F9000 X70.788 Y113.78
M204 S500
G1 F1800 X78.664 Y121.656 E602.76736
M204 S2000
G0 F9000 X78.664 Y122.221
M204 S500
G1 F1800 X70.788 Y114.346 E603.28597
M204 S2000
G0 F9000 X70.788 Y114.911
M204 S500
G1 F1800 X78.664 Y122.787 E603.80462
M204 S2000
G0 F9000 X78.664 Y123.353
M204 S500
G1 F1800 X70.788 Y115.477 E604.32327
M204 S2000
G0 F9000 X70.788 Y116.043
M204 S500
G1 F1800 X78.664 Y123.918 E604.84189
M204 S2000
G0 F9000 X78.664 Y124.484
M204 S500
G1 F1800 X70.788 Y116.608 E605.36053
M204 S2000
G0 F9000 X70.788 Y117.174
M204 S500
G1 F1800 X78.664 Y125.05 E605.87918
M204 S2000
G0 F9000 X78.664 Y125.615
M204 S500
G1 F1800 X70.788 Y117.74 E606.3978
M204 S2000
G0 F9000 X70.788 Y118.305
M204 S500
G1 F1800 X78.664 Y126.181 E606.91645
M204 S2000
G0 F9000 X78.173 Y126.256
M204 S500
G1 F1800 X70.788 Y118.871 E607.40276
M204 S2000
G0 F9000 X70.788 Y119.437
M204 S500
G1 F1800 X77.607 Y126.256 E607.8518
M204 S2000
G0 F9000 X77.041 Y126.256
M204 S500
G1 F1800 X70.788 Y120.002 E608.26361
M204 S2000
G0 F9000 X70.788 Y120.568
M204 S500
G1 F1800 X76.476 Y126.256 E608.63817
M204 S2000
G0 F9000 X75.91 Y126.256
M204 S500
G1 F1800 X70.788 Y121.134 E608.97546
M204 S2000
G0 F9000 X70.788 Y121.699
M204 S500
G1 F1800 X75.344 Y126.256 E609.27552
M204 S2000
G0 F9000 X74.779 Y126.256
M204 S500
G1 F1800 X70.788 Y122.265 E609.53833
M204 S2000
G0 F9000 X70.788 Y122.831
M204 S500
G1 F1800 X74.213 Y126.256 E609.76387
M204 S2000
G0 F9000 X73.647 Y126.256
M204 S500
G1 F1800 X70.788 Y123.396 E609.95218
M204 S2000
G0 F9000 X70.788 Y123.962
M204 S500
G1 F1800 X73.082 Y126.256 E610.10324
M204 S2000
G0 F9000 X72.516 Y126.256
M204 S500
G1 F1800 X70.788 Y124.528 E610.21703
M204 S2000
G0 F9000 X70.788 Y125.094
M204 S500
G1 F1800 X71.95 Y126.256 E610.29355
M204 S2000
G0 F9000 X71.385 Y126.256
M204 S500
G1 F1800 X70.788 Y125.659 E610.33286
M204 S2000
G0 F9000 X70.328 Y125.659
G0 X70.4 Y126.644
G0 X79.052 Y126.644
G0 X79.124 Y118.827
G0 X78.664 Y118.827
M204 S500
G1 F1800 X70.616 Y110.78 E610.86281
M204 S2000
G0 F9000 X71.315 Y110.913
M204 S500
G1 F1800 X78.664 Y118.261 E611.34672
M204 S2000
G0 F9000 X78.664 Y117.696
M204 S500
G1 F1800 X71.88 Y110.913 E611.79342
M204 S2000
G0 F9000 X72.447 Y110.913
M204 S500
G1 F1800 X78.664 Y117.13 E612.20282
M204 S2000
G0 F9000 X78.664 Y116.564
M204 S500
G1 F1800 X73.012 Y110.913 E612.57498
M204 S2000
G0 F9000 X73.578 Y110.913
M204 S500
G1 F1800 X78.664 Y115.999 E612.90991
M204 S2000
G0 F9000 X78.664 Y115.433
M204 S500
G1 F1800 X74.144 Y110.914 E613.20752
M204 S2000
G0 F9000 X74.71 Y110.914
M204 S500
G1 F1800 X78.664 Y114.867 E613.46787
M204 S2000
G0 F9000 X78.664 Y114.302
M204 S500
G1 F1800 X75.276 Y110.915 E613.69094
M204 S2000
G0 F9000 X75.842 Y110.915
M204 S500
G1 F1800 X78.664 Y113.736 E613.87674
M204 S2000
G0 F9000 X78.664 Y113.17
M204 S500
G1 F1800 X76.409 Y110.915 E614.02524
M204 S2000
G0 F9000 X76.974 Y110.915
M204 S500
G1 F1800 X78.664 Y112.605 E614.13653
M204 S2000
G0 F9000 X78.664 Y112.039
M204 S500
G1 F1800 X77.541 Y110.916 E614.21048
M204 S2000
G0 F9000 X78.106 Y110.916
M204 S500
G1 F1800 X78.664 Y111.473 E614.24719
M204 S2000
G0 F9000 X79.124 Y111.473
G0 X79.052 Y110.528
G0 X70.39 Y110.197
G0 X70.128 Y109.266
G0 X69.668 Y109.266
M204 S500
G1 F1800 X64.142 Y103.74 E614.61109
M204 S2000
G0 F9000 X64.707 Y103.74
M204 S500
G1 F1800 X69.668 Y108.701 E614.93778
M204 S2000
G0 F9000 X69.668 Y108.134
M204 S500
G1 F1800 X65.273 Y103.74 E615.22716
M204 S2000
G0 F9000 X65.839 Y103.74
M204 S500
G1 F1800 X69.668 Y107.569 E615.47931
M204 S2000
G0 F9000 X69.667 Y107.002
M204 S500
G1 F1800 X66.404 Y103.74 E615.69415
M204 S2000
G0 F9000 X66.97 Y103.74
M204 S500
G1 F1800 X69.666 Y106.436 E615.87169
M204 S2000
G0 F9000 X69.666 Y105.87
M204 S500
G1 F1800 X67.536 Y103.74 E616.01195
M204 S2000
G0 F9000 X68.101 Y103.74
M204 S500
G1 F1800 X69.666 Y105.304 E616.11497
M204 S2000
G0 F9000 X69.666 Y104.738
M204 S500
G1 F1800 X68.667 Y103.74 E616.18073
M204 S2000
G0 F9000 X69.233 Y103.74
M204 S500
G1 F1800 X69.665 Y104.172 E616.20918
M204 S2000
G1 F2400 E615.40918
;MESH:NONMESH
G0 F300 X69.665 Y104.172 Z1.04
G0 F9000 X70.125 Y104.172
G0 X70.39 Y110.197
G0 X79.052 Y110.528
G0 X79.224 Y126.816
;TIME_ELAPSED:876.186768
;LAYER:3
M106 S76.5
M204 S500
;TYPE:WALL-INNER
;MESH:kapaklar (1).stl
G1 F2400 E616.20918
G1 F1800 X79.224 Y110.356 E616.97562
G1 X71.228 Y110.356 E617.34795
G1 X70.968 Y110.322 E617.36016
G1 X70.757 Y110.239 E617.37072
G1 X70.45 Y109.985 E617.38927
G1 X70.313 Y109.762 E617.40146
G1 X70.228 Y109.357 E617.42073
G1 X70.224 Y103.18 E617.70835
G1 X34.115 Y103.18 E619.38974
G1 X33.914 Y103.131 E619.39937
G1 X33.647 Y102.998 E619.41326
G1 X33.437 Y102.798 E619.42677
G1 X33.282 Y102.516 E619.44175
G1 X33.224 Y102.3 E619.45216
G1 X33.22 Y7.816 E623.85174
G1 X25.228 Y7.816 E624.22388
G1 X25.229 Y111.431 E629.04862
G1 X69.228 Y111.432 E631.0974
G1 X69.488 Y111.466 E631.10961
G1 X69.844 Y111.643 E631.12813
G1 X70.006 Y111.803 E631.13873
G1 X70.143 Y112.026 E631.15091
G1 X70.228 Y112.432 E631.17023
G1 X70.228 Y126.816 E631.84001
G1 X79.224 Y126.816 E632.2589
M204 S2000
G0 F9000 X79.624 Y127.216
M204 S500
G1 F1800 X79.624 Y109.956 E633.0626
G1 X71.228 Y109.956 E633.45355
G1 X70.945 Y109.886 E633.46713
G1 X70.761 Y109.734 E633.47824
G1 X70.679 Y109.6 E633.48555
G1 X70.628 Y109.357 E633.49712
G1 X70.624 Y102.78 E633.80337
G1 X34.158 Y102.78 E635.50138
G1 X33.953 Y102.716 E635.51138
G1 X33.812 Y102.618 E635.51937
G1 X33.699 Y102.472 E635.52797
G1 X33.624 Y102.253 E635.53875
G1 X33.62 Y7.416 E639.95476
G1 X24.828 Y7.416 E640.36415
G1 X24.829 Y111.831 E645.22615
G1 X69.228 Y111.832 E647.29355
G1 X69.511 Y111.902 E647.30713
G1 X69.695 Y112.054 E647.31824
G1 X69.777 Y112.188 E647.32556
G1 X69.828 Y112.432 E647.33716
G1 X69.828 Y127.216 E648.02557
G1 X79.624 Y127.216 E648.48171
M204 S2000
G0 F9000 X80.024 Y127.616
M204 S500
;TYPE:WALL-OUTER
G1 F1800 X80.024 Y109.556 E649.32266
G1 X71.176 Y109.55 E649.73466
G1 X71.028 Y109.416 E649.74396
G1 X71.024 Y102.38 E650.07158
G1 X34.189 Y102.377 E651.78677
G1 X34.086 Y102.326 E651.79213
G1 X34.026 Y102.215 E651.798
G1 X34.02 Y7.016 E656.23087
G1 X24.428 Y7.016 E656.67751
G1 X24.429 Y112.231 E661.57676
G1 X69.28 Y112.238 E663.66521
G1 X69.428 Y112.372 E663.67451
G1 X69.428 Y127.616 E664.38433
G1 X80.024 Y127.616 E664.87773
M204 S2000
G0 F9000 X79.745 Y127.337
G0 X79.124 Y126.456
G0 X78.864 Y126.456
M204 S500
;TYPE:SKIN
G1 F1800 X70.588 Y126.456 E665.26309
G1 X70.584 Y112.395 E665.91783
G1 X70.472 Y111.875 E665.9426
G1 X70.298 Y111.593 E665.95803
G1 X69.979 Y111.27 E665.97917
G1 X69.556 Y111.113 E666.00018
G1 X69.26 Y111.074 E666.01408
G1 X25.589 Y111.068 E668.04758
G1 X25.588 Y8.176 E672.83867
G1 X32.86 Y8.176 E673.17728
G1 X32.866 Y102.362 E677.56298
G1 X33.032 Y102.837 E677.58641
G1 X33.29 Y103.17 E677.60602
G1 X33.61 Y103.396 E677.62426
G1 X34.061 Y103.537 E677.64627
G1 X69.864 Y103.54 E679.3134
G1 X69.871 Y109.392 E679.5859
G1 X69.981 Y109.909 E679.61051
G1 X70.182 Y110.226 E679.62799
G1 X70.474 Y110.51 E679.64696
G1 X70.85 Y110.659 E679.66579
G1 X71.199 Y110.714 E679.68224
G1 X78.864 Y110.716 E680.03915
G1 X78.864 Y126.456 E680.77207
M204 S2000
G0 F9000 X78.664 Y126.115
M204 S500
G1 F1800 X78.522 Y126.256 E680.78139
M204 S2000
G0 F9000 X77.956 Y126.256
M204 S500
G1 F1800 X78.664 Y125.549 E680.82798
M204 S2000
G0 F9000 X78.664 Y124.983
M204 S500
G1 F1800 X77.391 Y126.256 E680.91181
M204 S2000
G0 F9000 X76.825 Y126.256
M204 S500
G1 F1800 X78.664 Y124.418 E681.03288
M204 S2000
G0 F9000 X78.664 Y123.852
M204 S500
G1 F1800 X76.259 Y126.256 E681.19122
M204 S2000
G0 F9000 X75.694 Y126.256
M204 S500
G1 F1800 X78.664 Y123.286 E681.3868
M204 S2000
G0 F9000 X78.664 Y122.721
M204 S500
G1 F1800 X75.128 Y126.256 E681.61962
M204 S2000
G0 F9000 X74.562 Y126.256
M204 S500
G1 F1800 X78.664 Y122.155 E681.88971
M204 S2000
G0 F9000 X78.664 Y121.589
M204 S500
G1 F1800 X73.997 Y126.256 E682.19704
M204 S2000
G0 F9000 X73.431 Y126.256
M204 S500
G1 F1800 X78.664 Y121.023 E682.54164
M204 S2000
G0 F9000 X78.664 Y120.458
M204 S500
G1 F1800 X72.865 Y126.256 E682.92348
M204 S2000
G0 F9000 X72.3 Y126.256
M204 S500
G1 F1800 X78.664 Y119.892 E683.34256
M204 S2000
G0 F9000 X78.664 Y119.326
M204 S500
G1 F1800 X71.734 Y126.256 E683.79892
M204 S2000
G0 F9000 X71.168 Y126.256
M204 S500
G1 F1800 X78.664 Y118.761 E684.29251
M204 S2000
G0 F9000 X78.664 Y118.195
M204 S500
G1 F1800 X70.788 Y126.07 E684.81112
M204 S2000
G0 F9000 X70.788 Y125.504
M204 S500
G1 F1800 X78.664 Y117.629 E685.32974
M204 S2000
G0 F9000 X78.664 Y117.064
M204 S500
G1 F1800 X70.788 Y124.939 E685.84835
M204 S2000
G0 F9000 X70.788 Y124.373
M204 S500
G1 F1800 X78.664 Y116.498 E686.36697
M204 S2000
G0 F9000 X78.664 Y115.932
M204 S500
G1 F1800 X70.788 Y123.807 E686.88558
M204 S2000
G0 F9000 X70.788 Y123.242
M204 S500
G1 F1800 X78.664 Y115.367 E687.4042
M204 S2000
G0 F9000 X78.664 Y114.801
M204 S500
G1 F1800 X70.788 Y122.676 E687.92281
M204 S2000
G0 F9000 X70.788 Y122.11
M204 S500
G1 F1800 X78.664 Y114.235 E688.44143
M204 S2000
G0 F9000 X78.664 Y113.67
M204 S500
G1 F1800 X70.788 Y121.545 E688.96004
M204 S2000
G0 F9000 X70.788 Y120.979
M204 S500
G1 F1800 X78.664 Y113.104 E689.47866
M204 S2000
G0 F9000 X78.664 Y112.538
M204 S500
G1 F1800 X70.788 Y120.413 E689.99727
M204 S2000
G0 F9000 X70.788 Y119.848
M204 S500
G1 F1800 X78.664 Y111.972 E690.51592
M204 S2000
G0 F9000 X78.664 Y111.407
M204 S500
G1 F1800 X70.788 Y119.282 E691.03454
M204 S2000
G0 F9000 X70.788 Y118.716
M204 S500
G1 F1800 X78.589 Y110.915 E691.54825
M204 S2000
G0 F9000 X78.024 Y110.915
M204 S500
G1 F1800 X70.788 Y118.15 E692.02472
M204 S2000
G0 F9000 X70.788 Y117.585
M204 S500
G1 F1800 X77.458 Y110.915 E692.46395
M204 S2000
G0 F9000 X76.893 Y110.915
M204 S500
G1 F1800 X70.788 Y117.019 E692.86594
M204 S2000
G0 F9000 X70.788 Y116.453
M204 S500
G1 F1800 X76.327 Y110.915 E693.23066
M204 S2000
G0 F9000 X75.762 Y110.914
M204 S500
G1 F1800 X70.788 Y115.888 E693.5582
M204 S2000
G0 F9000 X70.788 Y115.322
M204 S500
G1 F1800 X75.197 Y110.914 E693.84851
M204 S2000
G0 F9000 X74.632 Y110.913
M204 S500
G1 F1800 X70.788 Y114.756 E694.10161
M204 S2000
G0 F9000 X70.788 Y114.191
M204 S500
G1 F1800 X74.066 Y110.913 E694.31747
M204 S2000
G0 F9000 X73.501 Y110.913
M204 S500
G1 F1800 X70.788 Y113.625 E694.4961
M204 S2000
G0 F9000 X70.788 Y113.059
M204 S500
G1 F1800 X72.935 Y110.913 E694.63745
M204 S2000
G0 F9000 X72.37 Y110.912
M204 S500
G1 F1800 X70.788 Y112.494 E694.74163
M204 S2000
G0 F9000 X70.709 Y112.008
M204 S500
G1 F1800 X71.805 Y110.912 E694.8138
M204 S2000
G0 F9000 X71.239 Y110.912
M204 S500
G1 F1800 X70.542 Y111.608 E694.85966
M204 S2000
G0 F9000 X70.289 Y111.296
M204 S500
G1 F1800 X70.751 Y110.834 E694.89009
M204 S2000
G0 F9000 X70.351 Y110.668
M204 S500
G1 F1800 X69.968 Y111.051 E694.91531
M204 S2000
G0 F9000 X69.543 Y110.911
M204 S500
G1 F1800 X70.05 Y110.404 E694.9487
M204 S2000
G0 F9000 X69.835 Y110.053
M204 S500
G1 F1800 X69.012 Y110.876 E695.00289
M204 S2000
G0 F9000 X68.446 Y110.876
M204 S500
G1 F1800 X69.711 Y109.611 E695.08619
M204 S2000
G0 F9000 X69.668 Y109.089
M204 S500
G1 F1800 X67.88 Y110.876 E695.2039
M204 S2000
G0 F9000 X67.314 Y110.876
M204 S500
G1 F1800 X69.668 Y108.523 E695.35889
M204 S2000
G0 F9000 X69.667 Y107.958
M204 S500
G1 F1800 X66.749 Y110.876 E695.55104
M204 S2000
G0 F9000 X66.183 Y110.876
M204 S500
G1 F1800 X69.666 Y107.393 E695.7804
M204 S2000
G0 F9000 X69.666 Y106.828
M204 S500
G1 F1800 X65.618 Y110.876 E696.04697
M204 S2000
G0 F9000 X65.052 Y110.876
M204 S500
G1 F1800 X69.666 Y106.263 E696.35078
M204 S2000
G0 F9000 X69.666 Y105.697
M204 S500
G1 F1800 X64.487 Y110.876 E696.69182
M204 S2000
G0 F9000 X63.921 Y110.876
M204 S500
G1 F1800 X69.665 Y105.132 E697.07008
M204 S2000
G0 F9000 X69.664 Y104.567
M204 S500
G1 F1800 X63.355 Y110.876 E697.48553
M204 S2000
G0 F9000 X62.79 Y110.876
M204 S500
G1 F1800 X69.664 Y104.001 E697.93823
M204 S2000
G0 F9000 X69.361 Y103.739
M204 S500
G1 F1800 X62.224 Y110.876 E698.40822
M204 S2000
G0 F9000 X61.659 Y110.875
M204 S500
G1 F1800 X68.795 Y103.739 E698.87813
M204 S2000
G0 F9000 X68.229 Y103.739
M204 S500
G1 F1800 X61.093 Y110.875 E699.34805
M204 S2000
G0 F9000 X60.528 Y110.875
M204 S500
G1 F1800 X67.664 Y103.739 E699.81797
M204 S2000
G0 F9000 X67.098 Y103.739
M204 S500
G1 F1800 X59.962 Y110.875 E700.28789
M204 S2000
G0 F9000 X59.396 Y110.875
M204 S500
G1 F1800 X66.532 Y103.739 E700.7578
M204 S2000
G0 F9000 X65.967 Y103.739
M204 S500
G1 F1800 X58.831 Y110.875 E701.22772
M204 S2000
G0 F9000 X58.266 Y110.874
M204 S500
G1 F1800 X65.401 Y103.739 E701.69757
M204 S2000
G0 F9000 X64.835 Y103.739
M204 S500
G1 F1800 X57.7 Y110.874 E702.16743
M204 S2000
G0 F9000 X57.134 Y110.874
M204 S500
G1 F1800 X64.27 Y103.739 E702.63731
M204 S2000
G0 F9000 X63.704 Y103.739
M204 S500
G1 F1800 X56.569 Y110.874 E703.10716
M204 S2000
G0 F9000 X56.003 Y110.874
M204 S500
G1 F1800 X63.138 Y103.739 E703.57701
M204 S2000
G0 F9000 X62.573 Y103.739
M204 S500
G1 F1800 X55.437 Y110.874 E704.0469
M204 S2000
G0 F9000 X54.871 Y110.874
M204 S500
G1 F1800 X62.008 Y103.738 E704.51685
M204 S2000
G0 F9000 X61.442 Y103.738
M204 S500
G1 F1800 X54.307 Y110.874 E704.98674
M204 S2000
G0 F9000 X53.741 Y110.874
M204 S500
G1 F1800 X60.876 Y103.738 E705.45662
M204 S2000
G0 F9000 X60.311 Y103.738
M204 S500
G1 F1800 X53.175 Y110.874 E705.92654
M204 S2000
G0 F9000 X52.609 Y110.874
M204 S500
G1 F1800 X59.745 Y103.738 E706.39646
M204 S2000
G0 F9000 X59.179 Y103.738
M204 S500
G1 F1800 X52.044 Y110.874 E706.86634
M204 S2000
G0 F9000 X51.478 Y110.874
M204 S500
G1 F1800 X58.613 Y103.738 E707.33623
M204 S2000
G0 F9000 X58.048 Y103.738
M204 S500
G1 F1800 X50.913 Y110.873 E707.80608
M204 S2000
G0 F9000 X50.347 Y110.873
M204 S500
G1 F1800 X57.482 Y103.738 E708.27593
M204 S2000
G0 F9000 X56.916 Y103.738
M204 S500
G1 F1800 X49.782 Y110.873 E708.74575
M204 S2000
G0 F9000 X49.216 Y110.873
M204 S500
G1 F1800 X56.351 Y103.738 E709.2156
M204 S2000
G0 F9000 X55.785 Y103.738
M204 S500
G1 F1800 X48.65 Y110.873 E709.68545
M204 S2000
G0 F9000 X48.085 Y110.873
M204 S500
G1 F1800 X55.22 Y103.738 E710.1553
M204 S2000
G0 F9000 X54.654 Y103.738
M204 S500
G1 F1800 X47.52 Y110.872 E710.62509
M204 S2000
G0 F9000 X46.954 Y110.872
M204 S500
G1 F1800 X54.089 Y103.738 E711.09491
M204 S2000
G0 F9000 X53.523 Y103.738
M204 S500
G1 F1800 X46.388 Y110.872 E711.56473
M204 S2000
G0 F9000 X45.823 Y110.872
M204 S500
G1 F1800 X52.957 Y103.738 E712.03451
M204 S2000
G0 F9000 X52.392 Y103.738
M204 S500
G1 F1800 X45.257 Y110.872 E712.50433
M204 S2000
G0 F9000 X44.691 Y110.872
M204 S500
G1 F1800 X51.826 Y103.738 E712.97415
M204 S2000
G0 F9000 X51.26 Y103.738
M204 S500
G1 F1800 X44.126 Y110.872 E713.44394
M204 S2000
G0 F9000 X43.561 Y110.872
M204 S500
G1 F1800 X50.695 Y103.738 E713.91372
M204 S2000
G0 F9000 X50.129 Y103.738
M204 S500
G1 F1800 X42.995 Y110.872 E714.38351
M204 S2000
G0 F9000 X42.429 Y110.872
M204 S500
G1 F1800 X49.563 Y103.738 E714.8533
M204 S2000
G0 F9000 X48.998 Y103.738
M204 S500
G1 F1800 X41.864 Y110.872 E715.32308
M204 S2000
G0 F9000 X41.298 Y110.872
M204 S500
G1 F1800 X48.432 Y103.738 E715.79287
M204 S2000
G0 F9000 X47.867 Y103.737
M204 S500
G1 F1800 X40.732 Y110.872 E716.26272
M204 S2000
G0 F9000 X40.167 Y110.871
M204 S500
G1 F1800 X47.301 Y103.737 E716.73251
M204 S2000
G0 F9000 X46.736 Y103.737
M204 S500
G1 F1800 X39.602 Y110.871 E717.20229
M204 S2000
G0 F9000 X39.036 Y110.871
M204 S500
G1 F1800 X46.17 Y103.737 E717.67208
M204 S2000
G0 F9000 X45.604 Y103.737
M204 S500
G1 F1800 X38.47 Y110.871 E718.14186
M204 S2000
G0 F9000 X37.904 Y110.871
M204 S500
G1 F1800 X45.038 Y103.737 E718.61165
M204 S2000
G0 F9000 X44.473 Y103.737
M204 S500
G1 F1800 X37.339 Y110.871 E719.08144
M204 S2000
G0 F9000 X36.773 Y110.871
M204 S500
G1 F1800 X43.907 Y103.737 E719.55122
M204 S2000
G0 F9000 X43.341 Y103.737
M204 S500
G1 F1800 X36.208 Y110.87 E720.02094
M204 S2000
G0 F9000 X35.642 Y110.87
M204 S500
G1 F1800 X42.776 Y103.737 E720.4907
M204 S2000
G0 F9000 X42.21 Y103.737
M204 S500
G1 F1800 X35.077 Y110.87 E720.96042
M204 S2000
G0 F9000 X34.511 Y110.87
M204 S500
G1 F1800 X41.644 Y103.737 E721.43014
M204 S2000
G0 F9000 X41.079 Y103.736
M204 S500
G1 F1800 X33.945 Y110.87 E721.89992
M204 S2000
G0 F9000 X33.38 Y110.87
M204 S500
G1 F1800 X40.514 Y103.736 E722.36971
M204 S2000
G0 F9000 X39.948 Y103.736
M204 S500
G1 F1800 X32.815 Y110.869 E722.83943
M204 S2000
G0 F9000 X32.249 Y110.869
M204 S500
G1 F1800 X39.382 Y103.736 E723.30915
M204 S2000
G0 F9000 X38.817 Y103.736
M204 S500
G1 F1800 X31.683 Y110.869 E723.7789
M204 S2000
G0 F9000 X31.118 Y110.869
M204 S500
G1 F1800 X38.251 Y103.736 E724.24862
M204 S2000
G0 F9000 X37.685 Y103.736
M204 S500
G1 F1800 X30.552 Y110.869 E724.71834
M204 S2000
G0 F9000 X29.986 Y110.869
M204 S500
G1 F1800 X37.12 Y103.736 E725.1881
M204 S2000
G0 F9000 X36.554 Y103.736
M204 S500
G1 F1800 X29.421 Y110.869 E725.65782
M204 S2000
G0 F9000 X28.856 Y110.869
M204 S500
G1 F1800 X35.988 Y103.736 E726.1275
M204 S2000
G0 F9000 X35.423 Y103.736
M204 S500
G1 F1800 X28.29 Y110.869 E726.59722
M204 S2000
G0 F9000 X27.724 Y110.869
M204 S500
G1 F1800 X34.857 Y103.736 E727.06694
M204 S2000
G0 F9000 X34.291 Y103.736
M204 S500
G1 F1800 X27.159 Y110.869 E727.53663
M204 S2000
G0 F9000 X26.593 Y110.869
M204 S500
G1 F1800 X33.8 Y103.662 E728.01122
M204 S2000
G0 F9000 X33.404 Y103.492
M204 S500
G1 F1800 X26.027 Y110.869 E728.49701
M204 S2000
G0 F9000 X25.789 Y110.541
M204 S500
G1 F1800 X33.092 Y103.238 E728.97793
M204 S2000
G0 F9000 X32.85 Y102.914
M204 S500
G1 F1800 X25.789 Y109.976 E729.44294
M204 S2000
G0 F9000 X25.789 Y109.41
M204 S500
G1 F1800 X32.704 Y102.495 E729.8983
M204 S2000
G0 F9000 X32.668 Y101.965
M204 S500
G1 F1800 X25.789 Y108.844 E730.3513
M204 S2000
G0 F9000 X25.789 Y108.279
M204 S500
G1 F1800 X32.668 Y101.399 E730.80433
M204 S2000
G0 F9000 X32.668 Y100.833
M204 S500
G1 F1800 X25.789 Y107.713 E731.25735
M204 S2000
G0 F9000 X25.789 Y107.147
M204 S500
G1 F1800 X32.668 Y100.268 E731.71035
M204 S2000
G0 F9000 X32.668 Y99.702
M204 S500
G1 F1800 X25.789 Y106.581 E732.16334
M204 S2000
G0 F9000 X25.789 Y106.016
M204 S500
G1 F1800 X32.668 Y99.136 E732.61637
M204 S2000
G0 F9000 X32.668 Y98.571
M204 S500
G1 F1800 X25.789 Y105.45 E733.06936
M204 S2000
G0 F9000 X25.789 Y104.884
M204 S500
G1 F1800 X32.668 Y98.005 E733.52235
M204 S2000
G0 F9000 X32.668 Y97.439
M204 S500
G1 F1800 X25.789 Y104.319 E733.97538
M204 S2000
G0 F9000 X25.789 Y103.753
M204 S500
G1 F1800 X32.668 Y96.874 E734.42838
M204 S2000
G0 F9000 X32.668 Y96.308
M204 S500
G1 F1800 X25.789 Y103.187 E734.88137
M204 S2000
G0 F9000 X25.789 Y102.622
M204 S500
G1 F1800 X32.668 Y95.742 E735.3344
M204 S2000
G0 F9000 X32.668 Y95.177
M204 S500
G1 F1800 X25.789 Y102.056 E735.78739
M204 S2000
G0 F9000 X25.789 Y101.49
M204 S500
G1 F1800 X32.668 Y94.612 E736.24035
M204 S2000
G0 F9000 X32.668 Y94.046
M204 S500
G1 F1800 X25.789 Y100.925 E736.69334
M204 S2000
G0 F9000 X25.789 Y100.359
M204 S500
G1 F1800 X32.668 Y93.48 E737.14634
M204 S2000
G0 F9000 X32.668 Y92.915
M204 S500
G1 F1800 X25.789 Y99.793 E737.5993
M204 S2000
G0 F9000 X25.789 Y99.228
M204 S500
G1 F1800 X32.668 Y92.349 E738.05229
M204 S2000
G0 F9000 X32.668 Y91.783
M204 S500
G1 F1800 X25.789 Y98.662 E738.50529
M204 S2000
G0 F9000 X25.789 Y98.096
M204 S500
G1 F1800 X32.668 Y91.217 E738.95828
M204 S2000
G0 F9000 X32.668 Y90.652
M204 S500
G1 F1800 X25.789 Y97.531 E739.41128
M204 S2000
G0 F9000 X25.789 Y96.965
M204 S500
G1 F1800 X32.668 Y90.086 E739.86427
M204 S2000
G0 F9000 X32.668 Y89.52
M204 S500
G1 F1800 X25.789 Y96.399 E740.31726
M204 S2000
G0 F9000 X25.789 Y95.833
M204 S500
G1 F1800 X32.668 Y88.955 E740.77022
M204 S2000
G0 F9000 X32.668 Y88.389
M204 S500
G1 F1800 X25.789 Y95.268 E741.22322
M204 S2000
G0 F9000 X25.789 Y94.702
M204 S500
G1 F1800 X32.667 Y87.824 E741.67615
M204 S2000
G0 F9000 X32.667 Y87.258
M204 S500
G1 F1800 X25.789 Y94.136 E742.12907
M204 S2000
G0 F9000 X25.789 Y93.571
M204 S500
G1 F1800 X32.667 Y86.693 E742.582
M204 S2000
G0 F9000 X32.667 Y86.127
M204 S500
G1 F1800 X25.789 Y93.005 E743.03493
M204 S2000
G0 F9000 X25.789 Y92.439
M204 S500
G1 F1800 X32.667 Y85.561 E743.48786
M204 S2000
G0 F9000 X32.667 Y84.996
M204 S500
G1 F1800 X25.789 Y91.874 E743.94079
M204 S2000
G0 F9000 X25.789 Y91.308
M204 S500
G1 F1800 X32.667 Y84.43 E744.39371
M204 S2000
G0 F9000 X32.667 Y83.864
M204 S500
G1 F1800 X25.789 Y90.742 E744.84664
M204 S2000
G0 F9000 X25.789 Y90.177
M204 S500
G1 F1800 X32.667 Y83.299 E745.29957
M204 S2000
G0 F9000 X32.667 Y82.733
M204 S500
G1 F1800 X25.789 Y89.611 E745.7525
M204 S2000
G0 F9000 X25.789 Y89.045
M204 S500
G1 F1800 X32.667 Y82.167 E746.20543
M204 S2000
G0 F9000 X32.667 Y81.602
M204 S500
G1 F1800 X25.789 Y88.48 E746.65835
M204 S2000
G0 F9000 X25.789 Y87.914
M204 S500
G1 F1800 X32.667 Y81.036 E747.11128
M204 S2000
G0 F9000 X32.666 Y80.471
M204 S500
G1 F1800 X25.789 Y87.348 E747.56414
M204 S2000
G0 F9000 X25.789 Y86.783
M204 S500
G1 F1800 X32.666 Y79.905 E748.01704
M204 S2000
G0 F9000 X32.666 Y79.34
M204 S500
G1 F1800 X25.789 Y86.217 E748.4699
M204 S2000
G0 F9000 X25.789 Y85.651
M204 S500
G1 F1800 X32.666 Y78.774 E748.92276
M204 S2000
G0 F9000 X32.666 Y78.208
M204 S500
G1 F1800 X25.789 Y85.085 E749.37563
M204 S2000
G0 F9000 X25.789 Y84.52
M204 S500
G1 F1800 X32.666 Y77.642 E749.82852
M204 S2000
G0 F9000 X32.666 Y77.077
M204 S500
G1 F1800 X25.789 Y83.954 E750.28138
M204 S2000
G0 F9000 X25.789 Y83.388
M204 S500
G1 F1800 X32.666 Y76.511 E750.73425
M204 S2000
G0 F9000 X32.666 Y75.945
M204 S500
G1 F1800 X25.789 Y82.823 E751.18714
M204 S2000
G0 F9000 X25.789 Y82.257
M204 S500
G1 F1800 X32.666 Y75.38 E751.64
M204 S2000
G0 F9000 X32.666 Y74.814
M204 S500
G1 F1800 X25.789 Y81.691 E752.09287
M204 S2000
G0 F9000 X25.789 Y81.126
M204 S500
G1 F1800 X32.666 Y74.248 E752.54576
M204 S2000
G0 F9000 X32.666 Y73.683
M204 S500
G1 F1800 X25.789 Y80.56 E752.99862
M204 S2000
G0 F9000 X25.789 Y79.994
M204 S500
G1 F1800 X32.666 Y73.118 E753.45145
M204 S2000
G0 F9000 X32.666 Y72.552
M204 S500
G1 F1800 X25.789 Y79.429 E753.90431
M204 S2000
G0 F9000 X25.789 Y78.863
M204 S500
G1 F1800 X32.666 Y71.986 E754.35718
M204 S2000
G0 F9000 X32.666 Y71.421
M204 S500
G1 F1800 X25.789 Y78.297 E754.81001
M204 S2000
G0 F9000 X25.789 Y77.732
M204 S500
G1 F1800 X32.666 Y70.855 E755.26287
M204 S2000
G0 F9000 X32.666 Y70.289
M204 S500
G1 F1800 X25.789 Y77.166 E755.71573
M204 S2000
G0 F9000 X25.789 Y76.6
M204 S500
G1 F1800 X32.666 Y69.724 E756.16856
M204 S2000
G0 F9000 X32.666 Y69.158
M204 S500
G1 F1800 X25.789 Y76.034 E756.62139
M204 S2000
G0 F9000 X25.789 Y75.469
M204 S500
G1 F1800 X32.666 Y68.592 E757.07425
M204 S2000
G0 F9000 X32.666 Y68.027
M204 S500
G1 F1800 X25.789 Y74.903 E757.52708
M204 S2000
G0 F9000 X25.789 Y74.337
M204 S500
G1 F1800 X32.666 Y67.461 E757.97991
M204 S2000
G0 F9000 X32.666 Y66.895
M204 S500
G1 F1800 X25.789 Y73.772 E758.43277
M204 S2000
G0 F9000 X25.789 Y73.206
M204 S500
G1 F1800 X32.666 Y66.329 E758.88563
M204 S2000
G0 F9000 X32.665 Y65.764
M204 S500
G1 F1800 X25.789 Y72.64 E759.33843
M204 S2000
G0 F9000 X25.789 Y72.075
M204 S500
G1 F1800 X32.665 Y65.199 E759.79123
M204 S2000
G0 F9000 X32.665 Y64.633
M204 S500
G1 F1800 X25.789 Y71.509 E760.24402
M204 S2000
G0 F9000 X25.789 Y70.943
M204 S500
G1 F1800 X32.665 Y64.067 E760.69682
M204 S2000
G0 F9000 X32.665 Y63.502
M204 S500
G1 F1800 X25.789 Y70.378 E761.14962
M204 S2000
G0 F9000 X25.789 Y69.812
M204 S500
G1 F1800 X32.665 Y62.936 E761.60241
M204 S2000
G0 F9000 X32.665 Y62.37
M204 S500
G1 F1800 X25.789 Y69.246 E762.05521
M204 S2000
G0 F9000 X25.789 Y68.681
M204 S500
G1 F1800 X32.665 Y61.805 E762.508
M204 S2000
G0 F9000 X32.665 Y61.239
M204 S500
G1 F1800 X25.789 Y68.115 E762.9608
M204 S2000
G0 F9000 X25.789 Y67.549
M204 S500
G1 F1800 X32.665 Y60.673 E763.4136
M204 S2000
G0 F9000 X32.665 Y60.108
M204 S500
G1 F1800 X25.789 Y66.984 E763.86639
M204 S2000
G0 F9000 X25.789 Y66.418
M204 S500
G1 F1800 X32.665 Y59.542 E764.31919
M204 S2000
G0 F9000 X32.664 Y58.977
M204 S500
G1 F1800 X25.789 Y65.852 E764.77192
M204 S2000
G0 F9000 X25.789 Y65.286
M204 S500
G1 F1800 X32.664 Y58.411 E765.22465
M204 S2000
G0 F9000 X32.664 Y57.846
M204 S500
G1 F1800 X25.789 Y64.721 E765.67738
M204 S2000
G0 F9000 X25.789 Y64.155
M204 S500
G1 F1800 X32.664 Y57.28 E766.13011
M204 S2000
G0 F9000 X32.664 Y56.714
M204 S500
G1 F1800 X25.789 Y63.589 E766.58284
M204 S2000
G0 F9000 X25.789 Y63.024
M204 S500
G1 F1800 X32.664 Y56.149 E767.03557
M204 S2000
G0 F9000 X32.664 Y55.583
M204 S500
G1 F1800 X25.789 Y62.458 E767.4883
M204 S2000
G0 F9000 X25.789 Y61.892
M204 S500
G1 F1800 X32.664 Y55.017 E767.94103
M204 S2000
G0 F9000 X32.664 Y54.451
M204 S500
G1 F1800 X25.789 Y61.327 E768.3938
M204 S2000
G0 F9000 X25.789 Y60.761
M204 S500
G1 F1800 X32.664 Y53.886 E768.84653
M204 S2000
G0 F9000 X32.664 Y53.32
M204 S500
G1 F1800 X25.789 Y60.195 E769.29926
M204 S2000
G0 F9000 X25.789 Y59.63
M204 S500
G1 F1800 X32.664 Y52.754 E769.75202
M204 S2000
G0 F9000 X32.664 Y52.189
M204 S500
G1 F1800 X25.789 Y59.064 E770.20475
M204 S2000
G0 F9000 X25.789 Y58.498
M204 S500
G1 F1800 X32.663 Y51.624 E770.65742
M204 S2000
G0 F9000 X32.663 Y51.058
M204 S500
G1 F1800 X25.789 Y57.933 E771.11011
M204 S2000
G0 F9000 X25.789 Y57.367
M204 S500
G1 F1800 X32.663 Y50.492 E771.56281
M204 S2000
G0 F9000 X32.663 Y49.927
M204 S500
G1 F1800 X25.789 Y56.801 E772.01548
M204 S2000
G0 F9000 X25.789 Y56.235
M204 S500
G1 F1800 X32.663 Y49.361 E772.46814
M204 S2000
G0 F9000 X32.663 Y48.795
M204 S500
G1 F1800 X25.789 Y55.67 E772.92084
M204 S2000
G0 F9000 X25.789 Y55.104
M204 S500
G1 F1800 X32.663 Y48.23 E773.3735
M204 S2000
G0 F9000 X32.663 Y47.664
M204 S500
G1 F1800 X25.789 Y54.538 E773.82617
M204 S2000
G0 F9000 X25.789 Y53.973
M204 S500
G1 F1800 X32.663 Y47.098 E774.27887
M204 S2000
G0 F9000 X32.663 Y46.533
M204 S500
G1 F1800 X25.789 Y53.407 E774.73153
M204 S2000
G0 F9000 X25.789 Y52.841
M204 S500
G1 F1800 X32.663 Y45.967 E775.18419
M204 S2000
G0 F9000 X32.663 Y45.401
M204 S500
G1 F1800 X25.789 Y52.276 E775.63689
M204 S2000
G0 F9000 X25.789 Y51.71
M204 S500
G1 F1800 X32.663 Y44.836 E776.08956
M204 S2000
G0 F9000 X32.663 Y44.271
M204 S500
G1 F1800 X25.789 Y51.144 E776.54219
M204 S2000
G0 F9000 X25.789 Y50.579
M204 S500
G1 F1800 X32.663 Y43.705 E776.99485
M204 S2000
G0 F9000 X32.663 Y43.139
M204 S500
G1 F1800 X25.789 Y50.013 E777.44752
M204 S2000
G0 F9000 X25.789 Y49.447
M204 S500
G1 F1800 X32.663 Y42.573 E777.90018
M204 S2000
G0 F9000 X32.663 Y42.008
M204 S500
G1 F1800 X25.789 Y48.882 E778.35285
M204 S2000
G0 F9000 X25.789 Y48.316
M204 S500
G1 F1800 X32.663 Y41.442 E778.80551
M204 S2000
G0 F9000 X32.663 Y40.876
M204 S500
G1 F1800 X25.789 Y47.75 E779.25818
M204 S2000
G0 F9000 X25.789 Y47.185
M204 S500
G1 F1800 X32.663 Y40.311 E779.71084
M204 S2000
G0 F9000 X32.663 Y39.745
M204 S500
G1 F1800 X25.789 Y46.619 E780.16351
M204 S2000
G0 F9000 X25.789 Y46.053
M204 S500
G1 F1800 X32.663 Y39.179 E780.61617
M204 S2000
G0 F9000 X32.663 Y38.614
M204 S500
G1 F1800 X25.789 Y45.487 E781.0688
M204 S2000
G0 F9000 X25.789 Y44.922
M204 S500
G1 F1800 X32.663 Y38.048 E781.52147
M204 S2000
G0 F9000 X32.663 Y37.482
M204 S500
G1 F1800 X25.789 Y44.356 E781.97413
M204 S2000
G0 F9000 X25.789 Y43.79
M204 S500
G1 F1800 X32.662 Y36.917 E782.42673
M204 S2000
G0 F9000 X32.662 Y36.352
M204 S500
G1 F1800 X25.789 Y43.225 E782.87933
M204 S2000
G0 F9000 X25.789 Y42.659
M204 S500
G1 F1800 X32.662 Y35.786 E783.33193
M204 S2000
G0 F9000 X32.662 Y35.22
M204 S500
G1 F1800 X25.789 Y42.093 E783.78453
M204 S2000
G0 F9000 X25.789 Y41.528
M204 S500
G1 F1800 X32.662 Y34.655 E784.23713
M204 S2000
G0 F9000 X32.662 Y34.089
M204 S500
G1 F1800 X25.789 Y40.962 E784.68972
M204 S2000
G0 F9000 X25.789 Y40.396
M204 S500
G1 F1800 X32.662 Y33.523 E785.14232
M204 S2000
G0 F9000 X32.662 Y32.958
M204 S500
G1 F1800 X25.789 Y39.831 E785.59492
M204 S2000
G0 F9000 X25.789 Y39.265
M204 S500
G1 F1800 X32.662 Y32.392 E786.04752
M204 S2000
G0 F9000 X32.662 Y31.826
M204 S500
G1 F1800 X25.789 Y38.699 E786.50012
M204 S2000
G0 F9000 X25.789 Y38.134
M204 S500
G1 F1800 X32.662 Y31.26 E786.95275
M204 S2000
G0 F9000 X32.662 Y30.695
M204 S500
G1 F1800 X25.789 Y37.568 E787.40535
M204 S2000
G0 F9000 X25.789 Y37.002
M204 S500
G1 F1800 X32.662 Y30.129 E787.85795
M204 S2000
G0 F9000 X32.661 Y29.564
M204 S500
G1 F1800 X25.789 Y36.437 E788.31051
M204 S2000
G0 F9000 X25.789 Y35.871
M204 S500
G1 F1800 X32.661 Y28.998 E788.76308
M204 S2000
G0 F9000 X32.661 Y28.433
M204 S500
G1 F1800 X25.789 Y35.305 E789.21561
M204 S2000
G0 F9000 X25.789 Y34.739
M204 S500
G1 F1800 X32.661 Y27.867 E789.66815
M204 S2000
G0 F9000 X32.661 Y27.301
M204 S500
G1 F1800 X25.789 Y34.174 E790.12071
M204 S2000
G0 F9000 X25.789 Y33.608
M204 S500
G1 F1800 X32.661 Y26.736 E790.57324
M204 S2000
G0 F9000 X32.661 Y26.17
M204 S500
G1 F1800 X25.789 Y33.042 E791.02578
M204 S2000
G0 F9000 X25.789 Y32.477
M204 S500
G1 F1800 X32.661 Y25.604 E791.47834
M204 S2000
G0 F9000 X32.661 Y25.039
M204 S500
G1 F1800 X25.789 Y31.911 E791.93088
M204 S2000
G0 F9000 X25.789 Y31.345
M204 S500
G1 F1800 X32.661 Y24.473 E792.38341
M204 S2000
G0 F9000 X32.661 Y23.907
M204 S500
G1 F1800 X25.789 Y30.78 E792.83598
M204 S2000
G0 F9000 X25.789 Y30.214
M204 S500
G1 F1800 X32.661 Y23.342 E793.28851
M204 S2000
G0 F9000 X32.661 Y22.777
M204 S500
G1 F1800 X25.789 Y29.648 E793.74101
M204 S2000
G0 F9000 X25.789 Y29.083
M204 S500
G1 F1800 X32.661 Y22.211 E794.19354
M204 S2000
G0 F9000 X32.661 Y21.645
M204 S500
G1 F1800 X25.789 Y28.517 E794.64607
M204 S2000
G0 F9000 X25.789 Y27.951
M204 S500
G1 F1800 X32.661 Y21.08 E795.09857
M204 S2000
G0 F9000 X32.661 Y20.514
M204 S500
G1 F1800 X25.789 Y27.386 E795.55111
M204 S2000
G0 F9000 X25.789 Y26.82
M204 S500
G1 F1800 X32.661 Y19.948 E796.00364
M204 S2000
G0 F9000 X32.661 Y19.383
M204 S500
G1 F1800 X25.789 Y26.254 E796.45614
M204 S2000
G0 F9000 X25.789 Y25.688
M204 S500
G1 F1800 X32.661 Y18.817 E796.90864
M204 S2000
G0 F9000 X32.661 Y18.251
M204 S500
G1 F1800 X25.789 Y25.123 E797.36117
M204 S2000
G0 F9000 X25.789 Y24.557
M204 S500
G1 F1800 X32.661 Y17.685 E797.81371
M204 S2000
G0 F9000 X32.661 Y17.12
M204 S500
G1 F1800 X25.789 Y23.991 E798.26621
M204 S2000
G0 F9000 X25.789 Y23.426
M204 S500
G1 F1800 X32.661 Y16.554 E798.71874
M204 S2000
G0 F9000 X32.661 Y15.988
M204 S500
G1 F1800 X25.789 Y22.86 E799.17127
M204 S2000
G0 F9000 X25.789 Y22.294
M204 S500
G1 F1800 X32.66 Y15.423 E799.62374
M204 S2000
G0 F9000 X32.66 Y14.858
M204 S500
G1 F1800 X25.789 Y21.729 E800.07621
M204 S2000
G0 F9000 X25.789 Y21.163
M204 S500
G1 F1800 X32.66 Y14.292 E800.52867
M204 S2000
G0 F9000 X32.66 Y13.726
M204 S500
G1 F1800 X25.789 Y20.597 E800.98114
M204 S2000
G0 F9000 X25.789 Y20.032
M204 S500
G1 F1800 X32.66 Y13.161 E801.43361
M204 S2000
G0 F9000 X32.66 Y12.595
M204 S500
G1 F1800 X25.789 Y19.466 E801.88607
M204 S2000
G0 F9000 X25.789 Y18.9
M204 S500
G1 F1800 X32.66 Y12.029 E802.33854
M204 S2000
G0 F9000 X32.66 Y11.464
M204 S500
G1 F1800 X25.789 Y18.335 E802.79101
M204 S2000
G0 F9000 X25.789 Y17.769
M204 S500
G1 F1800 X32.66 Y10.898 E803.24348
M204 S2000
G0 F9000 X32.66 Y10.332
M204 S500
G1 F1800 X25.789 Y17.203 E803.69594
M204 S2000
G0 F9000 X25.789 Y16.638
M204 S500
G1 F1800 X32.66 Y9.767 E804.14841
M204 S2000
G0 F9000 X32.66 Y9.201
M204 S500
G1 F1800 X25.789 Y16.072 E804.60088
M204 S2000
G0 F9000 X25.789 Y15.506
M204 S500
G1 F1800 X32.66 Y8.635 E805.05334
M204 S2000
G0 F9000 X32.353 Y8.376
M204 S500
G1 F1800 X25.789 Y14.94 E805.48559
M204 S2000
G0 F9000 X25.789 Y14.375
M204 S500
G1 F1800 X31.787 Y8.376 E805.88061
M204 S2000
G0 F9000 X31.222 Y8.376
M204 S500
G1 F1800 X25.789 Y13.809 E806.23838
M204 S2000
G0 F9000 X25.789 Y13.243
M204 S500
G1 F1800 X30.656 Y8.376 E806.55888
M204 S2000
G0 F9000 X30.09 Y8.376
M204 S500
G1 F1800 X25.789 Y12.678 E806.84214
M204 S2000
G0 F9000 X25.789 Y12.112
M204 S500
G1 F1800 X29.525 Y8.376 E807.08816
M204 S2000
G0 F9000 X28.959 Y8.376
M204 S500
G1 F1800 X25.789 Y11.546 E807.29691
M204 S2000
G0 F9000 X25.789 Y10.981
M204 S500
G1 F1800 X28.393 Y8.376 E807.46842
M204 S2000
G0 F9000 X27.827 Y8.376
M204 S500
G1 F1800 X25.789 Y10.415 E807.60266
M204 S2000
G0 F9000 X25.789 Y9.849
M204 S500
G1 F1800 X27.262 Y8.376 E807.69966
M204 S2000
G0 F9000 X26.696 Y8.376
M204 S500
G1 F1800 X25.789 Y9.284 E807.75942
M204 S2000
G0 F9000 X25.789 Y8.718
M204 S500
G1 F1800 X26.13 Y8.376 E807.78191
M204 S2000
G1 F2400 E806.98191
;MESH:NONMESH
G0 F300 X26.13 Y8.376 Z1.32
G0 F9000 X26.13 Y7.916
G0 X33.048 Y7.988
G0 X33.388 Y103.02
G0 X70.052 Y103.352
G0 X70.325 Y110.087
G0 X70.588 Y110.345
G0 X79.052 Y110.528
G0 X79.052 Y126.644
G0 X70.4 Y126.644
G0 X70.228 Y117.344
;TIME_ELAPSED:1044.314534
;LAYER:4
M204 S500
;TYPE:WALL-INNER
;MESH:kapaklar (1).stl
G1 F2400 E807.78191
G1 F1800 X70.228 Y118.804 E807.84989
G1 F1764.7 X70.235 Y118.978 E807.85816
M204 S2000
G0 F9000 X70.228 Y117.344
M204 S500
G1 F1800 X70.427 Y116.743 E807.88764
G1 X70.843 Y116.42 E807.91217
G1 X71.228 Y116.344 E807.93044
G1 X79.224 Y116.344 E808.30277
G1 X79.224 Y110.356 E808.58159
G1 X71.228 Y110.356 E808.95392
G1 X70.968 Y110.322 E808.96613
G1 X70.757 Y110.239 E808.97669
G1 X70.45 Y109.985 E808.99524
G1 X70.313 Y109.762 E809.00743
G1 X70.228 Y109.357 E809.0267
G1 X70.224 Y103.18 E809.31433
G1 X34.115 Y103.18 E810.99571
G1 X33.914 Y103.131 E811.00535
G1 X33.647 Y102.998 E811.01924
G1 X33.437 Y102.798 E811.03274
G1 X33.282 Y102.516 E811.04772
G1 X33.224 Y102.3 E811.05814
G1 X33.224 Y7.816 E815.45771
G1 X25.228 Y7.816 E815.83004
G1 X25.229 Y111.431 E820.65478
G1 X69.228 Y111.432 E822.70356
G1 X69.488 Y111.466 E822.71577
G1 X69.844 Y111.643 E822.73428
G1 X70.006 Y111.803 E822.74489
G1 X70.143 Y112.026 E822.75707
G1 X70.228 Y112.432 E822.77639
G1 X70.228 Y117.344 E823.00511
M204 S2000
G0 F9000 X70.39 Y119.644
G0 X79.224 Y126.816
M204 S500
G1 F1800 X79.224 Y119.804 E823.33162
G1 X71.228 Y119.804 E823.70395
G1 X70.842 Y119.728 E823.72227
G1 X70.427 Y119.403 E823.74681
G1 F1764.7 X70.235 Y118.978 E823.76896
G1 X70.227 Y119.47 E823.79233
G1 F1800 X70.228 Y126.816 E824.13439
G1 X79.224 Y126.816 E824.55328
M204 S2000
G0 F9000 X79.624 Y127.216
M204 S500
G1 F1800 X79.624 Y119.404 E824.91704
G1 X71.228 Y119.404 E825.308
G1 X70.996 Y119.358 E825.31901
G1 X70.747 Y119.164 E825.33371
G1 X70.628 Y118.89 E825.34762
G1 X70.628 Y117.344 E825.4196
G1 X70.747 Y116.983 E825.4373
G1 X70.997 Y116.79 E825.45201
G1 X71.228 Y116.744 E825.46298
G1 X79.624 Y116.744 E825.85393
G1 X79.624 Y109.956 E826.17001
G1 X71.228 Y109.956 E826.56096
G1 X70.945 Y109.886 E826.57454
G1 X70.761 Y109.734 E826.58565
G1 X70.679 Y109.6 E826.59296
G1 X70.628 Y109.357 E826.60453
G1 X70.624 Y102.78 E826.91078
G1 X34.158 Y102.78 E828.60879
G1 X33.953 Y102.716 E828.61879
G1 X33.812 Y102.618 E828.62678
G1 X33.699 Y102.472 E828.63538
G1 X33.624 Y102.253 E828.64616
G1 X33.624 Y7.416 E833.06217
G1 X24.828 Y7.416 E833.47175
G1 X24.829 Y111.831 E838.33375
G1 X69.228 Y111.832 E840.40115
G1 X69.511 Y111.902 E840.41472
G1 X69.695 Y112.054 E840.42584
G1 X69.777 Y112.188 E840.43315
G1 X69.828 Y112.432 E840.44476
G1 X69.828 Y127.216 E841.13317
G1 X79.624 Y127.216 E841.58931
M204 S2000
G0 F9000 X80.024 Y127.616
M204 S500
;TYPE:WALL-OUTER
G1 F1800 X80.024 Y119.004 E841.99032
G1 X71.169 Y119.004 E842.40264
G1 X71.067 Y118.924 E842.40868
G1 X71.03 Y118.839 E842.413
G1 X71.028 Y117.344 E842.48261
G1 X71.067 Y117.223 E842.48853
G1 X71.171 Y117.144 E842.49461
G1 X80.024 Y117.144 E842.90685
G1 X80.024 Y109.556 E843.26017
G1 X71.176 Y109.55 E843.67217
G1 X71.028 Y109.416 E843.68147
G1 X71.024 Y102.38 E844.0091
G1 X34.189 Y102.377 E845.72429
G1 X34.086 Y102.326 E845.72964
G1 X34.026 Y102.215 E845.73552
G1 X34.024 Y7.016 E850.16838
G1 X24.428 Y7.016 E850.61521
G1 X24.429 Y112.231 E855.51446
G1 X69.28 Y112.238 E857.60291
G1 X69.428 Y112.372 E857.61221
G1 X69.428 Y127.616 E858.32203
G1 X80.024 Y127.616 E858.81543
M204 S2000
G0 F9000 X79.745 Y127.337
G0 X79.144 Y123.17
M204 S500
;TYPE:FILL
G1 F3600 X75.858 Y119.884 E859.03182
G1 X75.759 Y119.884
G1 X70.308 Y121.345 E859.2946
M204 S2000
G0 F9000 X72.933 Y119.884
M204 S500
G1 F3600 X71.097 Y126.737 E859.62495
M204 S2000
G0 F9000 X71.397 Y126.736
M204 S500
G1 F3600 X70.307 Y125.647 E859.6967
M204 S2000
G0 F9000 X70.39 Y116.507
G0 X72.238 Y116.264
M204 S500
G1 F3600 X70.308 Y114.334 E859.82379
M204 S2000
G0 F9000 X70.308 Y113.062
M204 S500
G1 F3600 X79.144 Y110.695 E860.24974
M204 S2000
G0 F9000 X79.144 Y111.856
M204 S500
G1 F3600 X77.724 Y110.437 E860.34322
M204 S2000
G0 F9000 X75.465 Y110.436
M204 S500
G1 F3600 X73.903 Y116.264 E860.62417
M204 S2000
G0 F9000 X70.066 Y111.597
G0 X67.326 Y111.352
M204 S500
G1 F3600 X62.083 Y106.109 E860.96943
M204 S2000
G0 F9000 X62.083 Y106.329
G0 X60.06 Y106.329
G0 X60.06 Y106.108
M204 S500
G1 F3600 X58.655 Y111.352 E861.22223
M204 S2000
G0 F9000 X56.012 Y111.352
M204 S500
G1 F3600 X50.77 Y106.109 E861.56745
M204 S2000
G0 F9000 X50.77 Y106.329
G0 X51.777 Y106.329
G0 X51.777 Y106.109
M204 S500
G1 F3600 X50.372 Y111.352 E861.8202
M204 S2000
G0 F9000 X45.784 Y111.351
M204 S500
G1 F3600 X65.348 Y106.109 E862.76332
M204 S2000
G0 F9000 X65.348 Y106.329
G0 X68.342 Y106.329
G0 X68.342 Y106.109
M204 S500
G1 F3600 X66.937 Y111.352 E863.01607
M204 S2000
G0 F9000 X44.698 Y111.351
M204 S500
G1 F3600 X39.456 Y106.109 E863.36126
M204 S2000
G0 F9000 X39.456 Y106.329
G0 X43.495 Y106.329
G0 X43.495 Y106.109
M204 S500
G1 F3600 X42.09 Y111.351 E863.61397
M204 S2000
G0 F9000 X33.808 Y111.351
M204 S500
G1 F3600 X35.213 Y106.108 E863.86672
M204 S2000
G0 F9000 X34.44 Y106.109
M204 S500
G1 F3600 X25.31 Y108.555 E864.30684
M204 S2000
G0 F9000 X25.526 Y111.351
M204 S500
G1 F3600 X30.371 Y93.271 E865.17843
M204 S2000
G0 F9000 X30.151 Y93.271
G0 X30.151 Y90.635
G0 X30.37 Y90.635
M204 S500
G1 F3600 X25.309 Y91.991 E865.4224
G1 X25.308 Y91.961
G1 X30.371 Y97.024 E865.75581
M204 S2000
G0 F9000 X30.151 Y97.024
G0 X30.151 Y98.917
G0 X30.37 Y98.917
M204 S500
G1 F3600 X25.309 Y100.273 E865.99978
M204 S2000
G0 F9000 X25.308 Y103.275
M204 S500
G1 F3600 X33.384 Y111.351 E866.5316
M204 S2000
G0 F9000 X30.223 Y106.257
G0 X30.151 Y85.711
G0 X30.371 Y85.711
M204 S500
G1 F3600 X25.308 Y80.648 E866.86501
M204 S2000
G0 F9000 X25.309 Y81.253
M204 S500
G1 F3600 X30.371 Y62.36 E867.77577
M204 S2000
G0 F9000 X30.371 Y63.083
M204 S500
G1 F3600 X25.308 Y58.02 E868.10918
M204 S2000
G0 F9000 X25.309 Y58.862
M204 S500
G1 F3600 X30.37 Y57.506 E868.35315
M204 S2000
G0 F9000 X30.151 Y57.506
G0 X30.151 Y51.769
G0 X30.371 Y51.769
M204 S500
G1 F3600 X25.308 Y46.707 E868.68653
M204 S2000
G0 F9000 X25.308 Y50.345
M204 S500
G1 F3600 X30.371 Y31.45 E869.5974
M204 S2000
G0 F9000 X30.151 Y31.45
G0 X30.151 Y32.66
G0 X30.37 Y32.66
M204 S500
G1 F3600 X25.308 Y34.016 E869.84142
M204 S2000
G0 F9000 X25.308 Y35.393
M204 S500
G1 F3600 X30.371 Y40.456 E870.17482
M204 S2000
G0 F9000 X30.37 Y40.942
M204 S500
G1 F3600 X25.309 Y42.298 E870.4188
M204 S2000
G0 F9000 X25.308 Y50.58
M204 S500
G1 F3600 X30.37 Y49.224 E870.66282
M204 S2000
G0 F9000 X30.151 Y49.224
G0 X30.151 Y65.788
G0 X30.37 Y65.788
M204 S500
G1 F3600 X25.309 Y67.145 E870.9068
M204 S2000
G0 F9000 X25.308 Y69.334
M204 S500
G1 F3600 X30.371 Y74.397 E871.24021
M204 S2000
G0 F9000 X30.371 Y74.07
M204 S500
G1 F3600 X25.309 Y75.427 E871.48424
M204 S2000
G0 F9000 X25.309 Y83.709
M204 S500
G1 F3600 X30.37 Y82.353 E871.72821
M204 S2000
G1 F2400 E870.92821
G0 F9000 X30.151 Y82.353
G0 X30.151 Y29.142
G0 X30.371 Y29.142
M204 S500
G1 F2400 E871.72821
G1 F3600 X25.308 Y24.079 E872.06162
M204 S2000
G0 F9000 X25.309 Y25.733
M204 S500
G1 F3600 X30.37 Y24.377 E872.30559
M204 S2000
G0 F9000 X30.151 Y24.377
G0 X30.151 Y17.828
G0 X30.371 Y17.828
M204 S500
G1 F3600 X25.308 Y12.765 E872.639
M204 S2000
G0 F9000 X25.309 Y9.169
M204 S500
G1 F3600 X30.058 Y7.896 E872.86794
M204 S2000
G0 F9000 X28.4 Y7.896
M204 S500
G1 F3600 X25.308 Y19.436 E873.42424
M204 S2000
G0 F9000 X25.308 Y17.451
M204 S500
G1 F3600 X30.371 Y16.095 E873.66831
M204 S2000
G1 F2400 E872.86831
G0 F9000 X30.151 Y16.095
G0 X30.223 Y7.988
G0 X33.052 Y7.988
G0 X33.389 Y103.02
G0 X70.052 Y103.352
G0 X70.054 Y106.257
G0 X69.864 Y106.068
M204 S500
;TYPE:SKIN
G1 F2400 E873.66831
G1 F1800 X30.408 Y106.068 E875.50555
G1 X30.408 Y8.176 E880.06381
G1 X32.864 Y8.176 E880.17817
G1 X32.867 Y102.363 E884.56391
G1 X33.03 Y102.839 E884.58734
G1 X33.287 Y103.167 E884.60674
G1 X33.607 Y103.397 E884.62509
G1 X34.065 Y103.54 E884.64743
G1 X69.864 Y103.54 E886.31438
G1 X69.864 Y106.068 E886.4321
M204 S2000
G1 F2400 E885.6321
G0 F9000 X69.864 Y106.329
G0 X31.198 Y106.329
G0 X31.198 Y105.868
M204 S500
G1 F2400 E886.4321
G1 F1800 X30.608 Y105.278 E886.47095
M204 S2000
G0 F9000 X30.608 Y104.713
M204 S500
G1 F1800 X31.763 Y105.868 E886.54701
M204 S2000
G0 F9000 X32.329 Y105.868
M204 S500
G1 F1800 X30.608 Y104.147 E886.66034
M204 S2000
G0 F9000 X30.608 Y103.581
M204 S500
G1 F1800 X32.895 Y105.868 E886.81094
M204 S2000
G0 F9000 X33.46 Y105.868
M204 S500
G1 F1800 X30.608 Y103.016 E886.99875
M204 S2000
G0 F9000 X30.608 Y102.45
M204 S500
G1 F1800 X34.026 Y105.868 E887.22383
M204 S2000
G0 F9000 X34.592 Y105.868
M204 S500
G1 F1800 X30.608 Y101.884 E887.48619
M204 S2000
G0 F9000 X30.608 Y101.319
M204 S500
G1 F1800 X35.157 Y105.868 E887.78575
M204 S2000
G0 F9000 X35.723 Y105.868
M204 S500
G1 F1800 X33.214 Y103.359 E887.95097
G1 X33.08 Y103.225
G1 X30.608 Y100.753 E888.11375
M204 S2000
G0 F9000 X30.608 Y100.187
M204 S500
G1 F1800 X32.67 Y102.25 E888.24957
M204 S2000
G0 F9000 X32.67 Y101.684
M204 S500
G1 F1800 X30.608 Y99.621 E888.38539
M204 S2000
G0 F9000 X30.608 Y99.056
M204 S500
G1 F1800 X32.67 Y101.118 E888.52118
M204 S2000
G0 F9000 X32.67 Y100.553
M204 S500
G1 F1800 X30.608 Y98.49 E888.657
M204 S2000
G0 F9000 X30.608 Y97.924
M204 S500
G1 F1800 X32.67 Y99.987 E888.79282
M204 S2000
G0 F9000 X32.67 Y99.421
M204 S500
G1 F1800 X30.608 Y97.359 E888.9286
M204 S2000
G0 F9000 X30.608 Y96.793
M204 S500
G1 F1800 X32.67 Y98.856 E889.06442
M204 S2000
G0 F9000 X32.67 Y98.29
M204 S500
G1 F1800 X30.608 Y96.227 E889.20024
M204 S2000
G0 F9000 X30.608 Y95.662
M204 S500
G1 F1800 X32.67 Y97.724 E889.33603
M204 S2000
G0 F9000 X32.67 Y97.159
M204 S500
G1 F1800 X30.608 Y95.096 E889.47185
M204 S2000
G0 F9000 X30.608 Y94.53
M204 S500
G1 F1800 X32.67 Y96.593 E889.60767
M204 S2000
G0 F9000 X32.67 Y96.027
M204 S500
G1 F1800 X30.608 Y93.965 E889.74345
M204 S2000
G0 F9000 X30.608 Y93.399
M204 S500
G1 F1800 X32.67 Y95.462 E889.87927
M204 S2000
G0 F9000 X32.67 Y94.896
M204 S500
G1 F1800 X30.608 Y92.833 E890.01509
M204 S2000
G0 F9000 X30.608 Y92.268
M204 S500
G1 F1800 X32.67 Y94.33 E890.15088
M204 S2000
G0 F9000 X32.67 Y93.764
M204 S500
G1 F1800 X30.608 Y91.702 E890.28666
M204 S2000
G0 F9000 X30.608 Y91.136
M204 S500
G1 F1800 X32.67 Y93.199 E890.42248
M204 S2000
G0 F9000 X32.67 Y92.633
M204 S500
G1 F1800 X30.608 Y90.57 E890.5583
M204 S2000
G0 F9000 X30.608 Y90.005
M204 S500
G1 F1800 X32.67 Y92.067 E890.69409
M204 S2000
G0 F9000 X32.67 Y91.501
M204 S500
G1 F1800 X30.608 Y89.439 E890.82987
M204 S2000
G0 F9000 X30.608 Y88.873
M204 S500
G1 F1800 X32.67 Y90.935 E890.96566
M204 S2000
G0 F9000 X32.67 Y90.37
M204 S500
G1 F1800 X30.608 Y88.308 E891.10145
M204 S2000
G0 F9000 X30.608 Y87.742
M204 S500
G1 F1800 X32.67 Y89.804 E891.23723
M204 S2000
G0 F9000 X32.67 Y89.238
M204 S500
G1 F1800 X30.608 Y87.176 E891.37302
M204 S2000
G0 F9000 X30.608 Y86.611
M204 S500
G1 F1800 X32.67 Y88.673 E891.5088
M204 S2000
G0 F9000 X32.67 Y88.107
M204 S500
G1 F1800 X30.608 Y86.045 E891.64459
M204 S2000
G0 F9000 X30.608 Y85.479
M204 S500
G1 F1800 X32.67 Y87.541 E891.78038
M204 S2000
G0 F9000 X32.67 Y86.976
M204 S500
G1 F1800 X30.608 Y84.914 E891.91616
M204 S2000
G0 F9000 X30.608 Y84.348
M204 S500
G1 F1800 X32.67 Y86.41 E892.05195
M204 S2000
G0 F9000 X32.67 Y85.844
M204 S500
G1 F1800 X30.608 Y83.782 E892.18773
M204 S2000
G0 F9000 X30.608 Y83.217
M204 S500
G1 F1800 X32.67 Y85.278 E892.32349
M204 S2000
G0 F9000 X32.67 Y84.713
M204 S500
G1 F1800 X30.608 Y82.651 E892.45927
M204 S2000
G0 F9000 X30.608 Y82.085
M204 S500
G1 F1800 X32.67 Y84.147 E892.59506
M204 S2000
G0 F9000 X32.67 Y83.581
M204 S500
G1 F1800 X30.608 Y81.52 E892.73081
M204 S2000
G0 F9000 X30.608 Y80.954
M204 S500
G1 F1800 X32.67 Y83.016 E892.8666
M204 S2000
G0 F9000 X32.67 Y82.45
M204 S500
G1 F1800 X30.608 Y80.388 E893.00239
M204 S2000
G0 F9000 X30.608 Y79.822
M204 S500
G1 F1800 X32.67 Y81.884 E893.13817
M204 S2000
G0 F9000 X32.669 Y81.318
M204 S500
G1 F1800 X30.608 Y79.257 E893.27389
M204 S2000
G0 F9000 X30.608 Y78.691
M204 S500
G1 F1800 X32.669 Y80.752 E893.40961
M204 S2000
G0 F9000 X32.669 Y80.187
M204 S500
G1 F1800 X30.608 Y78.125 E893.54537
M204 S2000
G0 F9000 X30.608 Y77.56
M204 S500
G1 F1800 X32.669 Y79.621 E893.68109
M204 S2000
G0 F9000 X32.669 Y79.055
M204 S500
G1 F1800 X30.608 Y76.994 E893.81681
M204 S2000
G0 F9000 X30.608 Y76.428
M204 S500
G1 F1800 X32.669 Y78.49 E893.95256
M204 S2000
G0 F9000 X32.669 Y77.924
M204 S500
G1 F1800 X30.608 Y75.863 E894.08828
M204 S2000
G0 F9000 X30.608 Y75.297
M204 S500
G1 F1800 X32.669 Y77.358 E894.224
M204 S2000
G0 F9000 X32.669 Y76.793
M204 S500
G1 F1800 X30.608 Y74.731 E894.35975
M204 S2000
G0 F9000 X30.608 Y74.166
M204 S500
G1 F1800 X32.669 Y76.227 E894.49548
M204 S2000
G0 F9000 X32.669 Y75.661
M204 S500
G1 F1800 X30.608 Y73.6 E894.6312
M204 S2000
G0 F9000 X30.608 Y73.034
M204 S500
G1 F1800 X32.669 Y75.095 E894.76692
M204 S2000
G0 F9000 X32.669 Y74.53
M204 S500
G1 F1800 X30.608 Y72.469 E894.90264
M204 S2000
G0 F9000 X30.608 Y71.903
M204 S500
G1 F1800 X32.669 Y73.964 E895.03836
M204 S2000
G0 F9000 X32.669 Y73.398
M204 S500
G1 F1800 X30.608 Y71.337 E895.17408
M204 S2000
G0 F9000 X30.608 Y70.771
M204 S500
G1 F1800 X32.669 Y72.833 E895.30983
M204 S2000
G0 F9000 X32.669 Y72.267
M204 S500
G1 F1800 X30.608 Y70.206 E895.44555
M204 S2000
G0 F9000 X30.608 Y69.64
M204 S500
G1 F1800 X32.669 Y71.701 E895.58127
M204 S2000
G0 F9000 X32.669 Y71.136
M204 S500
G1 F1800 X30.608 Y69.074 E895.71702
M204 S2000
G0 F9000 X30.608 Y68.509
M204 S500
G1 F1800 X32.668 Y70.569 E895.85268
M204 S2000
G0 F9000 X32.668 Y70.004
M204 S500
G1 F1800 X30.608 Y67.943 E895.98837
M204 S2000
G0 F9000 X30.608 Y67.377
M204 S500
G1 F1800 X32.668 Y69.438 E896.12405
M204 S2000
G0 F9000 X32.668 Y68.872
M204 S500
G1 F1800 X30.608 Y66.812 E896.25971
M204 S2000
G0 F9000 X30.608 Y66.246
M204 S500
G1 F1800 X32.668 Y68.307 E896.3954
M204 S2000
G0 F9000 X32.668 Y67.741
M204 S500
G1 F1800 X30.608 Y65.68 E896.53108
M204 S2000
G0 F9000 X30.608 Y65.115
M204 S500
G1 F1800 X32.668 Y67.175 E896.66674
M204 S2000
G0 F9000 X32.668 Y66.609
M204 S500
G1 F1800 X30.608 Y64.549 E896.80239
M204 S2000
G0 F9000 X30.608 Y63.983
M204 S500
G1 F1800 X32.668 Y66.044 E896.93808
M204 S2000
G0 F9000 X32.668 Y65.478
M204 S500
G1 F1800 X30.608 Y63.418 E897.07373
M204 S2000
G0 F9000 X30.608 Y62.852
M204 S500
G1 F1800 X32.668 Y64.912 E897.20939
M204 S2000
G0 F9000 X32.668 Y64.347
M204 S500
G1 F1800 X30.608 Y62.286 E897.34508
M204 S2000
G0 F9000 X30.608 Y61.721
M204 S500
G1 F1800 X32.668 Y63.781 E897.48073
M204 S2000
G0 F9000 X32.668 Y63.215
M204 S500
G1 F1800 X30.608 Y61.155 E897.61639
M204 S2000
G0 F9000 X30.608 Y60.589
M204 S500
G1 F1800 X32.668 Y62.65 E897.75207
M204 S2000
G0 F9000 X32.668 Y62.084
M204 S500
G1 F1800 X30.608 Y60.023 E897.88776
M204 S2000
G0 F9000 X30.608 Y59.458
M204 S500
G1 F1800 X32.668 Y61.518 E898.02341
M204 S2000
G0 F9000 X32.668 Y60.953
M204 S500
G1 F1800 X30.608 Y58.892 E898.1591
M204 S2000
G0 F9000 X30.608 Y58.326
M204 S500
G1 F1800 X32.668 Y60.386 E898.29476
M204 S2000
G0 F9000 X32.668 Y59.821
M204 S500
G1 F1800 X30.608 Y57.761 E898.43041
M204 S2000
G0 F9000 X30.608 Y57.195
M204 S500
G1 F1800 X32.668 Y59.255 E898.56607
M204 S2000
G0 F9000 X32.668 Y58.689
M204 S500
G1 F1800 X30.608 Y56.629 E898.70172
M204 S2000
G0 F9000 X30.608 Y56.064
M204 S500
G1 F1800 X32.668 Y58.123 E898.83734
M204 S2000
G0 F9000 X32.668 Y57.558
M204 S500
G1 F1800 X30.608 Y55.498 E898.973
M204 S2000
G0 F9000 X30.608 Y54.932
M204 S500
G1 F1800 X32.668 Y56.992 E899.10865
M204 S2000
G0 F9000 X32.668 Y56.426
M204 S500
G1 F1800 X30.608 Y54.367 E899.24427
M204 S2000
G0 F9000 X30.608 Y53.801
M204 S500
G1 F1800 X32.668 Y55.861 E899.37993
M204 S2000
G0 F9000 X32.668 Y55.295
M204 S500
G1 F1800 X30.608 Y53.235 E899.51558
M204 S2000
G0 F9000 X30.608 Y52.67
M204 S500
G1 F1800 X32.668 Y54.729 E899.6512
M204 S2000
G0 F9000 X32.668 Y54.164
M204 S500
G1 F1800 X30.608 Y52.104 E899.78686
M204 S2000
G0 F9000 X30.608 Y51.538
M204 S500
G1 F1800 X32.668 Y53.598 E899.92251
M204 S2000
G0 F9000 X32.668 Y53.032
M204 S500
G1 F1800 X30.608 Y50.972 E900.05817
M204 S2000
G0 F9000 X30.608 Y50.407
M204 S500
G1 F1800 X32.668 Y52.467 E900.19382
M204 S2000
G0 F9000 X32.668 Y51.901
M204 S500
G1 F1800 X30.608 Y49.841 E900.32948
M204 S2000
G0 F9000 X30.608 Y49.275
M204 S500
G1 F1800 X32.668 Y51.335 E900.46513
M204 S2000
G0 F9000 X32.668 Y50.77
M204 S500
G1 F1800 X30.608 Y48.71 E900.60078
M204 S2000
G0 F9000 X30.608 Y48.144
M204 S500
G1 F1800 X32.668 Y50.204 E900.73644
M204 S2000
G0 F9000 X32.667 Y49.637
M204 S500
G1 F1800 X30.608 Y47.578 E900.87203
M204 S2000
G0 F9000 X30.608 Y47.013
M204 S500
G1 F1800 X32.667 Y49.072 E901.00762
M204 S2000
G0 F9000 X32.667 Y48.506
M204 S500
G1 F1800 X30.608 Y46.447 E901.14321
M204 S2000
G0 F9000 X30.608 Y45.881
M204 S500
G1 F1800 X32.667 Y47.94 E901.27879
M204 S2000
G0 F9000 X32.667 Y47.375
M204 S500
G1 F1800 X30.608 Y45.316 E901.41438
M204 S2000
G0 F9000 X30.608 Y44.75
M204 S500
G1 F1800 X32.667 Y46.809 E901.54997
M204 S2000
G0 F9000 X32.667 Y46.243
M204 S500
G1 F1800 X30.608 Y44.184 E901.68556
M204 S2000
G0 F9000 X30.608 Y43.619
M204 S500
G1 F1800 X32.667 Y45.678 E901.82115
M204 S2000
G0 F9000 X32.667 Y45.112
M204 S500
G1 F1800 X30.608 Y43.053 E901.95674
M204 S2000
G0 F9000 X30.608 Y42.487
M204 S500
G1 F1800 X32.667 Y44.546 E902.09233
M204 S2000
G0 F9000 X32.667 Y43.981
M204 S500
G1 F1800 X30.608 Y41.922 E902.22791
M204 S2000
G0 F9000 X30.608 Y41.356
M204 S500
G1 F1800 X32.667 Y43.415 E902.3635
M204 S2000
G0 F9000 X32.667 Y42.849
M204 S500
G1 F1800 X30.608 Y40.79 E902.49909
M204 S2000
G0 F9000 X30.608 Y40.224
M204 S500
G1 F1800 X32.667 Y42.284 E902.63471
M204 S2000
G0 F9000 X32.667 Y41.718
M204 S500
G1 F1800 X30.608 Y39.659 E902.7703
M204 S2000
G0 F9000 X30.608 Y39.093
M204 S500
G1 F1800 X32.667 Y41.152 E902.90589
M204 S2000
G0 F9000 X32.667 Y40.587
M204 S500
G1 F1800 X30.608 Y38.527 E903.04151
M204 S2000
G0 F9000 X30.608 Y37.962
M204 S500
G1 F1800 X32.667 Y40.021 E903.1771
M204 S2000
G0 F9000 X32.666 Y39.454
M204 S500
G1 F1800 X30.608 Y37.396 E903.31262
M204 S2000
G0 F9000 X30.608 Y36.83
M204 S500
G1 F1800 X32.666 Y38.889 E903.44818
M204 S2000
G0 F9000 X32.666 Y38.323
M204 S500
G1 F1800 X30.608 Y36.265 E903.5837
M204 S2000
G0 F9000 X30.608 Y35.699
M204 S500
G1 F1800 X32.666 Y37.757 E903.71923
M204 S2000
G0 F9000 X32.666 Y37.192
M204 S500
G1 F1800 X30.608 Y35.133 E903.85478
M204 S2000
G0 F9000 X30.608 Y34.568
M204 S500
G1 F1800 X32.666 Y36.626 E903.9903
M204 S2000
G0 F9000 X32.666 Y36.06
M204 S500
G1 F1800 X30.608 Y34.002 E904.12583
M204 S2000
G0 F9000 X30.608 Y33.436
M204 S500
G1 F1800 X32.666 Y35.495 E904.26138
M204 S2000
G0 F9000 X32.666 Y34.929
M204 S500
G1 F1800 X30.608 Y32.871 E904.39691
M204 S2000
G0 F9000 X30.608 Y32.305
M204 S500
G1 F1800 X32.666 Y34.363 E904.53243
M204 S2000
G0 F9000 X32.666 Y33.798
M204 S500
G1 F1800 X30.608 Y31.739 E904.66798
M204 S2000
G0 F9000 X30.608 Y31.174
M204 S500
G1 F1800 X32.666 Y33.232 E904.80351
M204 S2000
G0 F9000 X32.666 Y32.666
M204 S500
G1 F1800 X30.608 Y30.608 E904.93903
M204 S2000
G0 F9000 X30.608 Y30.042
M204 S500
G1 F1800 X32.666 Y32.101 E905.07459
M204 S2000
G0 F9000 X32.666 Y31.535
M204 S500
G1 F1800 X30.608 Y29.476 E905.21014
M204 S2000
G0 F9000 X30.608 Y28.911
M204 S500
G1 F1800 X32.666 Y30.969 E905.34566
M204 S2000
G0 F9000 X32.666 Y30.403
M204 S500
G1 F1800 X30.608 Y28.345 E905.48119
M204 S2000
G0 F9000 X30.608 Y27.779
M204 S500
G1 F1800 X32.666 Y29.838 E905.61674
M204 S2000
G0 F9000 X32.666 Y29.272
M204 S500
G1 F1800 X30.608 Y27.214 E905.75226
M204 S2000
G0 F9000 X30.608 Y26.648
M204 S500
G1 F1800 X32.666 Y28.706 E905.88779
M204 S2000
G0 F9000 X32.666 Y28.14
M204 S500
G1 F1800 X30.608 Y26.082 E906.02331
M204 S2000
G0 F9000 X30.608 Y25.517
M204 S500
G1 F1800 X32.666 Y27.574 E906.1588
M204 S2000
G0 F9000 X32.666 Y27.009
M204 S500
G1 F1800 X30.608 Y24.951 E906.29432
M204 S2000
G0 F9000 X30.608 Y24.385
M204 S500
G1 F1800 X32.666 Y26.443 E906.42985
M204 S2000
G0 F9000 X32.666 Y25.877
M204 S500
G1 F1800 X30.608 Y23.82 E906.56534
M204 S2000
G0 F9000 X30.608 Y23.254
M204 S500
G1 F1800 X32.666 Y25.312 E906.70086
M204 S2000
G0 F9000 X32.666 Y24.746
M204 S500
G1 F1800 X30.608 Y22.688 E906.83638
M204 S2000
G0 F9000 X30.608 Y22.123
M204 S500
G1 F1800 X32.666 Y24.18 E906.97187
M204 S2000
G0 F9000 X32.666 Y23.615
M204 S500
G1 F1800 X30.608 Y21.557 E907.10739
M204 S2000
G0 F9000 X30.608 Y20.991
M204 S500
G1 F1800 X32.666 Y23.049 E907.24292
M204 S2000
G0 F9000 X32.666 Y22.483
M204 S500
G1 F1800 X30.608 Y20.425 E907.37844
M204 S2000
G0 F9000 X30.608 Y19.86
M204 S500
G1 F1800 X32.666 Y21.917 E907.51393
M204 S2000
G0 F9000 X32.666 Y21.352
M204 S500
G1 F1800 X30.608 Y19.294 E907.64945
M204 S2000
G0 F9000 X30.608 Y18.728
M204 S500
G1 F1800 X32.666 Y20.786 E907.78498
M204 S2000
G0 F9000 X32.666 Y20.22
M204 S500
G1 F1800 X30.608 Y18.163 E907.92047
M204 S2000
G0 F9000 X30.608 Y17.597
M204 S500
G1 F1800 X32.666 Y19.655 E908.05599
M204 S2000
G0 F9000 X32.666 Y19.089
M204 S500
G1 F1800 X30.608 Y17.031 E908.19151
M204 S2000
G0 F9000 X30.608 Y16.466
M204 S500
G1 F1800 X32.665 Y18.523 E908.32697
M204 S2000
G0 F9000 X32.665 Y17.957
M204 S500
G1 F1800 X30.608 Y15.9 E908.46242
M204 S2000
G0 F9000 X30.608 Y15.334
M204 S500
G1 F1800 X32.665 Y17.391 E908.59788
M204 S2000
G0 F9000 X32.665 Y16.826
M204 S500
G1 F1800 X30.608 Y14.769 E908.73334
M204 S2000
G0 F9000 X30.608 Y14.203
M204 S500
G1 F1800 X32.665 Y16.26 E908.8688
M204 S2000
G0 F9000 X32.665 Y15.694
M204 S500
G1 F1800 X30.608 Y13.637 E909.00425
M204 S2000
G0 F9000 X30.608 Y13.072
M204 S500
G1 F1800 X32.665 Y15.129 E909.13971
M204 S2000
G0 F9000 X32.665 Y14.563
M204 S500
G1 F1800 X30.608 Y12.506 E909.27517
M204 S2000
G0 F9000 X30.608 Y11.94
M204 S500
G1 F1800 X32.665 Y13.997 E909.41062
M204 S2000
G0 F9000 X32.665 Y13.431
M204 S500
G1 F1800 X30.608 Y11.375 E909.54605
M204 S2000
G0 F9000 X30.608 Y10.809
M204 S500
G1 F1800 X32.665 Y12.866 E909.6815
M204 S2000
G0 F9000 X32.665 Y12.3
M204 S500
G1 F1800 X30.608 Y10.243 E909.81696
M204 S2000
G0 F9000 X30.608 Y9.677
M204 S500
G1 F1800 X32.665 Y11.734 E909.95242
M204 S2000
G0 F9000 X32.665 Y11.169
M204 S500
G1 F1800 X30.608 Y9.112 E910.08788
M204 S2000
G0 F9000 X30.608 Y8.546
M204 S500
G1 F1800 X32.665 Y10.603 E910.22333
M204 S2000
G0 F9000 X32.665 Y10.037
M204 S500
G1 F1800 X31.004 Y8.376 E910.33271
M204 S2000
G0 F9000 X31.569 Y8.376
M204 S500
G1 F1800 X32.665 Y9.472 E910.40489
M204 S2000
G0 F9000 X32.665 Y8.906
M204 S500
G1 F1800 X32.135 Y8.376 E910.43979
M204 S2000
G1 F2400 E909.63979
G0 F9000 X32.135 Y7.916
G0 X33.052 Y7.988
G0 X33.389 Y103.02
G0 X34.16 Y103.28
G0 X34.16 Y103.74
M204 S500
G1 F2400 E910.43979
G1 F1800 X36.289 Y105.868 E910.57995
M204 S2000
G0 F9000 X36.854 Y105.868
M204 S500
G1 F1800 X34.726 Y103.74 E910.72008
M204 S2000
G0 F9000 X35.292 Y103.74
M204 S500
G1 F1800 X37.42 Y105.868 E910.86022
M204 S2000
G0 F9000 X37.986 Y105.868
M204 S500
G1 F1800 X35.857 Y103.74 E911.00038
M204 S2000
G0 F9000 X36.423 Y103.74
M204 S500
G1 F1800 X38.551 Y105.868 E911.14052
M204 S2000
G0 F9000 X39.117 Y105.868
M204 S500
G1 F1800 X36.989 Y103.74 E911.28065
M204 S2000
G0 F9000 X37.554 Y103.74
M204 S500
G1 F1800 X39.683 Y105.868 E911.42081
M204 S2000
G0 F9000 X40.249 Y105.868
M204 S500
G1 F1800 X38.12 Y103.74 E911.56098
M204 S2000
G0 F9000 X38.686 Y103.74
M204 S500
G1 F1800 X40.814 Y105.868 E911.70111
M204 S2000
G0 F9000 X41.38 Y105.868
M204 S500
G1 F1800 X39.251 Y103.74 E911.84128
M204 S2000
G0 F9000 X39.817 Y103.74
M204 S500
G1 F1800 X41.946 Y105.868 E911.98144
M204 S2000
G0 F9000 X42.511 Y105.868
M204 S500
G1 F1800 X40.383 Y103.74 E912.12157
M204 S2000
G0 F9000 X40.949 Y103.74
M204 S500
G1 F1800 X43.077 Y105.868 E912.26171
M204 S2000
G0 F9000 X43.643 Y105.868
M204 S500
G1 F1800 X41.514 Y103.74 E912.40187
M204 S2000
G0 F9000 X42.08 Y103.74
M204 S500
G1 F1800 X44.208 Y105.868 E912.542
M204 S2000
G0 F9000 X44.774 Y105.868
M204 S500
G1 F1800 X42.646 Y103.74 E912.68214
M204 S2000
G0 F9000 X43.211 Y103.74
M204 S500
G1 F1800 X45.34 Y105.868 E912.8223
M204 S2000
G0 F9000 X45.905 Y105.868
M204 S500
G1 F1800 X43.777 Y103.74 E912.96243
M204 S2000
G0 F9000 X44.343 Y103.74
M204 S500
G1 F1800 X46.471 Y105.868 E913.10257
M204 S2000
G0 F9000 X47.037 Y105.868
M204 S500
G1 F1800 X44.908 Y103.74 E913.24273
M204 S2000
G0 F9000 X45.474 Y103.74
M204 S500
G1 F1800 X47.602 Y105.868 E913.38286
M204 S2000
G0 F9000 X48.168 Y105.868
M204 S500
G1 F1800 X46.04 Y103.74 E913.523
M204 S2000
G0 F9000 X46.605 Y103.74
M204 S500
G1 F1800 X48.734 Y105.868 E913.66316
M204 S2000
G0 F9000 X49.299 Y105.868
M204 S500
G1 F1800 X47.171 Y103.74 E913.80329
M204 S2000
G0 F9000 X47.737 Y103.74
M204 S500
G1 F1800 X49.865 Y105.868 E913.94343
M204 S2000
G0 F9000 X50.431 Y105.868
M204 S500
G1 F1800 X48.302 Y103.74 E914.08359
M204 S2000
G0 F9000 X48.868 Y103.74
M204 S500
G1 F1800 X50.997 Y105.868 E914.22376
M204 S2000
G0 F9000 X51.562 Y105.868
M204 S500
G1 F1800 X49.434 Y103.74 E914.36389
M204 S2000
G0 F9000 X50 Y103.74
M204 S500
G1 F1800 X52.128 Y105.868 E914.50402
M204 S2000
G0 F9000 X52.694 Y105.868
M204 S500
G1 F1800 X50.565 Y103.74 E914.64419
M204 S2000
G0 F9000 X51.131 Y103.74
M204 S500
G1 F1800 X53.259 Y105.868 E914.78432
M204 S2000
G0 F9000 X53.825 Y105.868
M204 S500
G1 F1800 X51.697 Y103.74 E914.92445
M204 S2000
G0 F9000 X52.262 Y103.74
M204 S500
G1 F1800 X54.391 Y105.868 E915.06462
M204 S2000
G0 F9000 X54.956 Y105.868
M204 S500
G1 F1800 X52.828 Y103.74 E915.20475
M204 S2000
G0 F9000 X53.394 Y103.74
M204 S500
G1 F1800 X55.522 Y105.868 E915.34488
M204 S2000
G0 F9000 X56.088 Y105.868
M204 S500
G1 F1800 X53.959 Y103.74 E915.48505
M204 S2000
G0 F9000 X54.525 Y103.74
M204 S500
G1 F1800 X56.653 Y105.868 E915.62518
M204 S2000
G0 F9000 X57.219 Y105.868
M204 S500
G1 F1800 X55.091 Y103.74 E915.76531
M204 S2000
G0 F9000 X55.656 Y103.74
M204 S500
G1 F1800 X57.785 Y105.868 E915.90548
M204 S2000
G0 F9000 X58.35 Y105.868
M204 S500
G1 F1800 X56.222 Y103.74 E916.04561
M204 S2000
G0 F9000 X56.788 Y103.74
M204 S500
G1 F1800 X58.916 Y105.868 E916.18574
M204 S2000
G0 F9000 X59.482 Y105.868
M204 S500
G1 F1800 X57.353 Y103.74 E916.32591
M204 S2000
G0 F9000 X57.919 Y103.74
M204 S500
G1 F1800 X60.048 Y105.868 E916.46607
M204 S2000
G0 F9000 X60.613 Y105.868
M204 S500
G1 F1800 X58.485 Y103.74 E916.60621
M204 S2000
G0 F9000 X59.05 Y103.74
M204 S500
G1 F1800 X61.179 Y105.868 E916.74637
M204 S2000
G0 F9000 X61.745 Y105.868
M204 S500
G1 F1800 X59.616 Y103.74 E916.88654
M204 S2000
G0 F9000 X60.182 Y103.74
M204 S500
G1 F1800 X62.31 Y105.868 E917.02667
M204 S2000
G0 F9000 X62.876 Y105.868
M204 S500
G1 F1800 X60.748 Y103.74 E917.1668
M204 S2000
G0 F9000 X61.313 Y103.74
M204 S500
G1 F1800 X63.442 Y105.868 E917.30697
M204 S2000
G0 F9000 X64.007 Y105.868
M204 S500
G1 F1800 X61.879 Y103.74 E917.4471
M204 S2000
G0 F9000 X62.445 Y103.74
M204 S500
G1 F1800 X64.573 Y105.868 E917.58723
M204 S2000
G0 F9000 X65.139 Y105.868
M204 S500
G1 F1800 X63.01 Y103.74 E917.7274
M204 S2000
G0 F9000 X63.576 Y103.74
M204 S500
G1 F1800 X65.704 Y105.868 E917.86753
M204 S2000
G0 F9000 X66.27 Y105.868
M204 S500
G1 F1800 X64.142 Y103.74 E918.00766
M204 S2000
G0 F9000 X64.707 Y103.74
M204 S500
G1 F1800 X66.836 Y105.868 E918.14783
M204 S2000
G0 F9000 X67.401 Y105.868
M204 S500
G1 F1800 X65.273 Y103.74 E918.28796
M204 S2000
G0 F9000 X65.839 Y103.74
M204 S500
G1 F1800 X67.967 Y105.868 E918.42809
M204 S2000
G0 F9000 X68.533 Y105.868
M204 S500
G1 F1800 X66.404 Y103.74 E918.56826
M204 S2000
G0 F9000 X66.97 Y103.74
M204 S500
G1 F1800 X69.098 Y105.868 E918.70839
M204 S2000
G0 F9000 X69.664 Y105.868
M204 S500
G1 F1800 X67.536 Y103.74 E918.84852
M204 S2000
G0 F9000 X68.101 Y103.74
M204 S500
G1 F1800 X69.664 Y105.302 E918.95142
M204 S2000
G0 F9000 X69.664 Y104.737
M204 S500
G1 F1800 X68.667 Y103.74 E919.01707
M204 S2000
G0 F9000 X69.233 Y103.74
M204 S500
G1 F1800 X69.664 Y104.171 E919.04545
M204 S2000
;MESH:NONMESH
G0 F300 X69.664 Y104.171 Z1.6
G0 F9000 X70.228 Y103.816
;TIME_ELAPSED:1156.975415
;LAYER:5
M204 S500
;TYPE:WALL-INNER
;MESH:kapaklar (1).stl
G1 F1800 X70.228 Y105.028 E919.10189
G1 F1769 X70.221 Y105.202 E919.11014
M204 S2000
G0 F9000 X70.228 Y116.964
M204 S500
G1 F1800 X70.228 Y119.184 E919.21351
G1 F1764.7 X70.235 Y119.358 E919.22178
M204 S2000
G0 F9000 X70.228 Y116.964
M204 S500
G1 F1800 X70.427 Y116.363 E919.25126
G1 X70.843 Y116.04 E919.27579
G1 X71.228 Y115.964 E919.29406
G1 X79.224 Y115.964 E919.66639
G1 X79.224 Y110.356 E919.92752
G1 X71.228 Y110.356 E920.29985
G1 X70.968 Y110.322 E920.31206
G1 X70.757 Y110.239 E920.32261
G1 X70.45 Y109.985 E920.34117
G1 X70.313 Y109.762 E920.35335
G1 X70.228 Y109.356 E920.37267
G1 X70.228 Y105.694 E920.54319
G1 F1769 X70.221 Y105.202 E920.5665
G1 X70.03 Y105.628 E920.58862
G1 F1800 X69.614 Y105.952 E920.61317
G1 X69.228 Y106.028 E920.63149
G1 X31.314 Y106.028 E922.39693
G1 X31.066 Y105.953 E922.40899
G1 X30.762 Y105.757 E922.42583
G1 X30.537 Y105.441 E922.4439
G1 X30.448 Y105.028 E922.46357
G1 X30.448 Y7.816 E926.99017
G1 X25.228 Y7.816 E927.23323
G1 X25.228 Y111.432 E932.05803
G1 X69.228 Y111.432 E934.10685
G1 X69.488 Y111.466 E934.11906
G1 X69.844 Y111.643 E934.13757
G1 X70.006 Y111.803 E934.14818
G1 X70.143 Y112.026 E934.16036
G1 X70.228 Y112.432 E934.17968
G1 X70.228 Y116.964 E934.39071
M204 S2000
G0 F9000 X70.39 Y120.023
G0 X79.224 Y126.816
M204 S500
G1 F1800 X79.224 Y120.184 E934.69952
G1 X71.228 Y120.184 E935.07185
G1 X70.842 Y120.108 E935.09017
G1 X70.427 Y119.783 E935.11471
G1 F1764.7 X70.235 Y119.358 E935.13686
G1 X70.227 Y119.85 E935.16023
G1 F1800 X70.228 Y126.816 E935.4846
G1 X79.224 Y126.816 E935.90349
M204 S2000
G0 F9000 X79.624 Y127.216
M204 S500
G1 F1800 X79.624 Y119.784 E936.24955
G1 X71.228 Y119.784 E936.64051
G1 X70.996 Y119.738 E936.65152
G1 X70.747 Y119.544 E936.66622
G1 X70.628 Y119.27 E936.68013
G1 X70.628 Y116.964 E936.7875
G1 X70.747 Y116.603 E936.8052
G1 X70.997 Y116.41 E936.81991
G1 X71.228 Y116.364 E936.83088
G1 X79.624 Y116.364 E937.22183
G1 X79.624 Y109.956 E937.52021
G1 X71.228 Y109.956 E937.91117
G1 X70.945 Y109.886 E937.92474
G1 X70.761 Y109.734 E937.93586
G1 X70.679 Y109.6 E937.94317
G1 X70.628 Y109.356 E937.95478
G1 X70.628 Y103.416 E938.23137
G1 X69.828 Y103.416 E938.26862
G1 X69.828 Y105.113 E938.34764
G1 X69.71 Y105.388 E938.36157
G1 X69.46 Y105.582 E938.37631
G1 X69.228 Y105.628 E938.38732
G1 X31.366 Y105.628 E940.15034
G1 X31.036 Y105.465 E940.16747
G1 X30.901 Y105.276 E940.17829
G1 X30.848 Y105.118 E940.18605
G1 X30.848 Y7.416 E944.73546
G1 X24.828 Y7.416 E945.01578
G1 X24.828 Y111.832 E949.87783
G1 X69.228 Y111.832 E951.94528
G1 X69.511 Y111.902 E951.95885
G1 X69.695 Y112.054 E951.96996
G1 X69.777 Y112.188 E951.97728
G1 X69.828 Y112.432 E951.98889
G1 X69.828 Y127.216 E952.67729
G1 X79.624 Y127.216 E953.13343
M204 S2000
G0 F9000 X80.024 Y127.616
M204 S500
;TYPE:WALL-OUTER
G1 F1800 X80.024 Y119.384 E953.51675
G1 X71.169 Y119.384 E953.92908
G1 X71.067 Y119.304 E953.93511
G1 X71.03 Y119.219 E953.93943
G1 X71.028 Y116.964 E954.04443
G1 X71.067 Y116.843 E954.05035
G1 X71.171 Y116.764 E954.05643
G1 X80.024 Y116.764 E954.46867
G1 X80.024 Y109.556 E954.8043
G1 X71.176 Y109.55 E955.2163
G1 X71.028 Y109.416 E955.2256
G1 X71.028 Y103.016 E955.52361
G1 X69.428 Y103.016 E955.59811
G1 X69.426 Y105.063 E955.69343
G1 X69.389 Y105.148 E955.69774
G1 X69.287 Y105.228 E955.70378
G1 X31.408 Y105.225 E957.46758
G1 X31.286 Y105.146 E957.47435
G1 X31.252 Y105.071 E957.47819
G1 X31.248 Y7.016 E962.04404
G1 X24.428 Y7.016 E962.36161
G1 X24.428 Y112.232 E967.2609
G1 X69.28 Y112.238 E969.3494
G1 X69.428 Y112.372 E969.3587
G1 X69.428 Y127.616 E970.06852
G1 X80.024 Y127.616 E970.56192
M204 S2000
G0 F9000 X79.745 Y127.337
G0 X79.144 Y122.89
M204 S500
;TYPE:FILL
G1 F3600 X76.518 Y120.264 E970.73484
M204 S2000
G0 F9000 X75.107 Y120.264
M204 S500
G1 F3600 X70.307 Y121.55 E970.96623
M204 S2000
G0 F9000 X72.626 Y120.264
M204 S500
G1 F3600 X70.892 Y126.737 E971.27827
M204 S2000
G0 F9000 X71.677 Y126.736
M204 S500
G1 F3600 X70.307 Y125.366 E971.36849
M204 S2000
G0 F9000 X70.39 Y116.128
G0 X72.138 Y115.883
M204 S500
G1 F3600 X70.308 Y114.053 E971.489
M204 S2000
G0 F9000 X70.308 Y113.267
M204 S500
G1 F3600 X79.143 Y110.9 E971.9149
M204 S2000
G0 F9000 X79.144 Y111.577
M204 S500
G1 F3600 X78.004 Y110.437 E971.98997
M204 S2000
G0 F9000 X75.26 Y110.436
M204 S500
G1 F3600 X73.8 Y115.884 E972.2526
M204 S2000
G0 F9000 X70.066 Y111.597
G0 X67.606 Y111.352
M204 S500
G1 F3600 X62.362 Y106.108 E972.59793
M204 S2000
G0 F9000 X59.855 Y106.107
M204 S500
G1 F3600 X58.45 Y111.352 E972.85077
M204 S2000
G0 F9000 X56.292 Y111.352
M204 S500
G1 F3600 X51.048 Y106.108 E973.1961
M204 S2000
G0 F9000 X51.573 Y106.108
M204 S500
G1 F3600 X50.167 Y111.352 E973.4489
M204 S2000
G0 F9000 X46.547 Y111.352
M204 S500
G1 F3600 X66.118 Y106.108 E974.39236
M204 S2000
G0 F9000 X68.137 Y106.107
M204 S500
G1 F3600 X66.732 Y111.352 E974.6452
M204 S2000
G0 F9000 X44.978 Y111.352
M204 S500
G1 F3600 X39.734 Y106.108 E974.99052
M204 S2000
G0 F9000 X43.29 Y106.108
M204 S500
G1 F3600 X41.885 Y111.353 E975.24336
M204 S2000
G0 F9000 X33.665 Y111.352
M204 S500
G1 F3600 X25.308 Y102.995 E975.79369
M204 S2000
G0 F9000 X25.309 Y100.478
M204 S500
G1 F3600 X30.368 Y99.123 E976.03756
M204 S2000
G0 F9000 X30.368 Y96.741
M204 S500
G1 F3600 X25.308 Y91.681 E976.37077
M204 S2000
G0 F9000 X25.308 Y92.196
M204 S500
G1 F3600 X30.368 Y90.84 E976.6147
M204 S2000
G0 F9000 X30.368 Y92.517
M204 S500
G1 F3600 X25.321 Y111.353 E977.52272
M204 S2000
G0 F9000 X25.309 Y108.761
M204 S500
G1 F3600 X35.209 Y106.108 E977.99997
M204 S2000
G0 F9000 X35.008 Y106.107
M204 S500
G1 F3600 X33.603 Y111.353 E978.25285
M204 S2000
G0 F9000 X30.613 Y105.867
G0 X30.368 Y85.428
M204 S500
G1 F3600 X25.308 Y80.368 E978.58606
G1 X25.308 Y80.49
G1 X30.368 Y61.607 E979.49636
M204 S2000
G0 F9000 X30.368 Y62.8
M204 S500
G1 F3600 X25.308 Y57.74 E979.82957
M204 S2000
G0 F9000 X25.309 Y59.067
M204 S500
G1 F3600 X30.368 Y57.712 E980.07344
M204 S2000
G0 F9000 X30.368 Y51.487
M204 S500
G1 F3600 X25.308 Y46.427 E980.40665
M204 S2000
G0 F9000 X25.308 Y49.581
M204 S500
G1 F3600 X30.368 Y30.697 E981.31699
M204 S2000
G0 F9000 X30.368 Y28.859
M204 S500
G1 F3600 X25.308 Y23.799 E981.6502
M204 S2000
G0 F9000 X25.309 Y25.938
M204 S500
G1 F3600 X30.368 Y24.583 E981.89407
M204 S2000
G0 F9000 X30.368 Y17.545
M204 S500
G1 F3600 X25.308 Y12.485 E982.22728
M204 S2000
G0 F9000 X25.309 Y9.374
M204 S500
G1 F3600 X30.368 Y8.018 E982.47116
M204 S2000
G0 F9000 X28.195 Y7.895
M204 S500
G1 F3600 X25.308 Y18.671 E982.99063
M204 S2000
G0 F9000 X25.308 Y17.656
M204 S500
G1 F3600 X30.368 Y16.301 E983.23455
M204 S2000
G0 F9000 X30.368 Y32.865
M204 S500
G1 F3600 X25.308 Y34.221 E983.47848
M204 S2000
G0 F9000 X25.308 Y35.113
M204 S500
G1 F3600 X30.368 Y40.173 E983.81169
M204 S2000
G0 F9000 X30.367 Y41.147
M204 S500
G1 F3600 X25.309 Y42.503 E984.05552
M204 S2000
G0 F9000 X25.309 Y50.785
M204 S500
G1 F3600 X30.368 Y49.429 E984.29941
M204 S2000
G0 F9000 X30.367 Y65.994
M204 S500
G1 F3600 X25.309 Y67.35 E984.54325
M204 S2000
G0 F9000 X25.308 Y69.054
M204 S500
G1 F3600 X30.368 Y74.114 E984.87646
G1 X30.368 Y74.276
G1 X25.308 Y75.632 E985.12038
M204 S2000
G0 F9000 X25.309 Y83.914
M204 S500
G1 F3600 X30.367 Y82.558 E985.36422
M204 S2000
G0 F9000 X30.241 Y82.558
G1 F2400 E984.56422
;MESH:NONMESH
G0 F300 X30.241 Y82.558 Z1.88
G0 F9000 X30.613 Y105.867
G0 X70.066 Y105.867
G0 X70.228 Y103.816
;TIME_ELAPSED:1212.690700
;LAYER:6
M204 S500
;TYPE:WALL-INNER
;MESH:kapaklar (1).stl
G1 F2400 E985.36422
G1 F1800 X70.228 Y105.028 E985.42066
G1 F1769 X70.221 Y105.202 E985.42891
M204 S2000
G0 F9000 X70.228 Y116.744
M204 S500
G1 F1800 X70.228 Y119.404 E985.55277
G1 F1764.7 X70.235 Y119.578 E985.56104
M204 S2000
G0 F9000 X70.228 Y116.744
M204 S500
G1 F1800 X70.427 Y116.143 E985.59052
G1 X70.843 Y115.82 E985.61504
G1 X71.228 Y115.744 E985.63332
G1 X79.224 Y115.744 E986.00565
G1 X79.224 Y110.356 E986.25653
G1 X71.228 Y110.356 E986.62886
G1 X70.968 Y110.322 E986.64107
G1 X70.757 Y110.239 E986.65163
G1 X70.45 Y109.985 E986.67018
G1 X70.313 Y109.762 E986.68237
G1 X70.228 Y109.356 E986.70168
G1 X70.228 Y105.694 E986.8722
G1 F1769 X70.221 Y105.202 E986.89551
G1 X70.03 Y105.628 E986.91763
G1 F1800 X69.614 Y105.952 E986.94219
G1 X69.228 Y106.028 E986.96051
G1 X31.314 Y106.028 E988.72594
G1 X31.066 Y105.953 E988.738
G1 X30.762 Y105.757 E988.75485
G1 X30.537 Y105.441 E988.77291
G1 X30.448 Y105.028 E988.79258
G1 X30.448 Y7.816 E993.31918
G1 X25.228 Y7.816 E993.56225
G1 X25.228 Y111.432 E998.38704
G1 X69.228 Y111.432 E1000.43586
G1 X69.488 Y111.466 E1000.44807
G1 X69.844 Y111.643 E1000.46659
G1 X70.006 Y111.803 E1000.47719
G1 X70.143 Y112.026 E1000.48938
G1 X70.228 Y112.432 E1000.50869
G1 X70.228 Y116.744 E1000.70948
M204 S2000
G0 F9000 X70.39 Y120.242
G0 X79.224 Y126.816
M204 S500
G1 F1800 X79.224 Y120.404 E1001.00805
G1 X71.228 Y120.404 E1001.38037
G1 X70.842 Y120.328 E1001.39869
G1 X70.427 Y120.003 E1001.42324
G1 F1764.7 X70.235 Y119.578 E1001.44539
G1 X70.227 Y120.07 E1001.46876
G1 F1800 X70.228 Y126.816 E1001.78288
G1 X79.224 Y126.816 E1002.20177
M204 S2000
G0 F9000 X79.624 Y127.216
M204 S500
G1 F1800 X79.624 Y120.004 E1002.53759
G1 X71.228 Y120.004 E1002.92854
G1 X70.996 Y119.958 E1002.93956
G1 X70.747 Y119.764 E1002.95426
G1 X70.628 Y119.49 E1002.96817
G1 X70.628 Y116.744 E1003.09603
G1 X70.747 Y116.383 E1003.11373
G1 X70.997 Y116.19 E1003.12844
G1 X71.228 Y116.144 E1003.1394
G1 X79.624 Y116.144 E1003.53036
G1 X79.624 Y109.956 E1003.8185
G1 X71.228 Y109.956 E1004.20945
G1 X70.945 Y109.886 E1004.22302
G1 X70.761 Y109.734 E1004.23414
G1 X70.679 Y109.6 E1004.24145
G1 X70.628 Y109.356 E1004.25306
G1 X70.628 Y103.416 E1004.52965
G1 X69.828 Y103.416 E1004.5669
G1 X69.828 Y105.113 E1004.64592
G1 X69.71 Y105.388 E1004.65986
G1 X69.46 Y105.582 E1004.67459
G1 X69.228 Y105.628 E1004.6856
G1 X31.366 Y105.628 E1006.44862
G1 X31.036 Y105.465 E1006.46576
G1 X30.901 Y105.276 E1006.47657
G1 X30.848 Y105.118 E1006.48433
G1 X30.848 Y7.416 E1011.03375
G1 X24.828 Y7.416 E1011.31406
G1 X24.828 Y111.832 E1016.17611
G1 X69.228 Y111.832 E1018.24356
G1 X69.511 Y111.902 E1018.25713
G1 X69.695 Y112.054 E1018.26825
G1 X69.777 Y112.188 E1018.27556
G1 X69.828 Y112.432 E1018.28717
G1 X69.828 Y127.216 E1018.97557
G1 X79.624 Y127.216 E1019.43172
M204 S2000
G0 F9000 X80.024 Y127.616
M204 S500
;TYPE:WALL-OUTER
G1 F1800 X80.024 Y119.604 E1019.80479
G1 X71.169 Y119.604 E1020.21711
G1 X71.067 Y119.524 E1020.22315
G1 X71.03 Y119.439 E1020.22747
G1 X71.028 Y116.744 E1020.35296
G1 X71.067 Y116.623 E1020.35888
G1 X71.171 Y116.544 E1020.36496
G1 X80.024 Y116.544 E1020.77719
G1 X80.024 Y109.556 E1021.10258
G1 X71.176 Y109.55 E1021.51458
G1 X71.028 Y109.416 E1021.52388
G1 X71.028 Y103.016 E1021.82189
G1 X69.428 Y103.016 E1021.89639
G1 X69.426 Y105.063 E1021.99171
G1 X69.389 Y105.148 E1021.99603
G1 X69.287 Y105.228 E1022.00206
G1 X31.408 Y105.225 E1023.76587
G1 X31.286 Y105.146 E1023.77263
G1 X31.252 Y105.071 E1023.77647
G1 X31.248 Y7.016 E1028.34232
G1 X24.428 Y7.016 E1028.65989
G1 X24.428 Y112.232 E1033.55919
G1 X69.28 Y112.238 E1035.64768
G1 X69.428 Y112.372 E1035.65698
G1 X69.428 Y127.616 E1036.3668
G1 X80.024 Y127.616 E1036.8602
M204 S2000
G0 F9000 X79.745 Y127.337
G0 X78.969 Y126.737
M204 S500
;TYPE:FILL
G1 F3600 X79.144 Y126.084 E1036.89168
M204 S2000
G0 F9000 X79.144 Y122.609
M204 S500
G1 F3600 X77.018 Y120.484 E1037.03165
M204 S2000
G0 F9000 X75.05 Y120.484
M204 S500
G1 F3600 X70.308 Y121.755 E1037.26025
M204 S2000
G0 F9000 X72.362 Y120.483
M204 S500
G1 F3600 X70.687 Y126.737 E1037.56172
M204 S2000
G0 F9000 X71.957 Y126.736
M204 S500
G1 F3600 X70.307 Y125.086 E1037.67038
M204 S2000
G0 F9000 X70.39 Y115.908
G0 X72.198 Y115.664
M204 S500
G1 F3600 X70.308 Y113.773 E1037.79487
M204 S2000
G0 F9000 X70.308 Y113.472
M204 S500
G1 F3600 X79.143 Y111.105 E1038.22077
G1 X79.144 Y111.296
G1 X78.284 Y110.437 E1038.27737
M204 S2000
G0 F9000 X75.055 Y110.436
M204 S500
G1 F3600 X73.654 Y115.664 E1038.5294
M204 S2000
G0 F9000 X70.066 Y111.597
G0 X67.886 Y111.352
M204 S500
G1 F3600 X62.642 Y106.108 E1038.87473
M204 S2000
G0 F9000 X59.65 Y106.107
M204 S500
G1 F3600 X58.245 Y111.352 E1039.12757
M204 S2000
G0 F9000 X56.572 Y111.352
M204 S500
G1 F3600 X51.328 Y106.108 E1039.47289
G1 X51.368 Y106.107
G1 X49.962 Y111.352 E1039.72575
M204 S2000
G0 F9000 X47.312 Y111.352
M204 S500
G1 F3600 X66.882 Y106.108 E1040.66916
M204 S2000
G0 F9000 X67.932 Y106.108
M204 S500
G1 F3600 X66.527 Y111.352 E1040.92195
M204 S2000
G0 F9000 X45.258 Y111.352
M204 S500
G1 F3600 X40.014 Y106.108 E1041.26728
M204 S2000
G0 F9000 X43.085 Y106.108
M204 S500
G1 F3600 X41.68 Y111.353 E1041.52012
M204 S2000
G0 F9000 X33.945 Y111.352
M204 S500
G1 F3600 X25.308 Y102.715 E1042.08888
M204 S2000
G0 F9000 X25.309 Y100.683
M204 S500
G1 F3600 X30.368 Y99.328 E1042.33275
M204 S2000
G0 F9000 X30.368 Y96.461
M204 S500
G1 F3600 X25.308 Y91.401 E1042.66596
M204 S2000
G0 F9000 X25.309 Y92.401
M204 S500
G1 F3600 X30.367 Y91.046 E1042.90979
M204 S2000
G0 F9000 X30.368 Y91.752
M204 S500
G1 F3600 X25.308 Y110.633 E1043.81999
M204 S2000
G0 F9000 X25.309 Y108.966
M204 S500
G1 F3600 X35.974 Y106.108 E1044.33412
M204 S2000
G0 F9000 X34.803 Y106.107
M204 S500
G1 F3600 X33.398 Y111.353 E1044.587
M204 S2000
G0 F9000 X30.613 Y105.867
G0 X30.368 Y85.148
M204 S500
G1 F3600 X25.308 Y80.088 E1044.92021
M204 S2000
G0 F9000 X25.308 Y79.725
M204 S500
G1 F3600 X30.368 Y60.842 E1045.8305
M204 S2000
G0 F9000 X30.368 Y62.52
M204 S500
G1 F3600 X25.308 Y57.46 E1046.16371
M204 S2000
G0 F9000 X25.308 Y59.272
M204 S500
G1 F3600 X30.368 Y57.917 E1046.40763
M204 S2000
G0 F9000 X30.368 Y51.207
M204 S500
G1 F3600 X25.308 Y46.146 E1046.74087
M204 S2000
G0 F9000 X25.308 Y48.816
M204 S500
G1 F3600 X30.368 Y29.932 E1047.65121
M204 S2000
G0 F9000 X30.368 Y28.579
M204 S500
G1 F3600 X25.308 Y23.519 E1047.98442
M204 S2000
G0 F9000 X25.309 Y26.143
M204 S500
G1 F3600 X30.368 Y24.788 E1048.22829
M204 S2000
G0 F9000 X30.368 Y17.265
M204 S500
G1 F3600 X25.308 Y12.205 E1048.5615
M204 S2000
G0 F9000 X25.309 Y9.579
M204 S500
G1 F3600 X30.368 Y8.223 E1048.80539
M204 S2000
G0 F9000 X27.99 Y7.895
M204 S500
G1 F3600 X25.308 Y17.906 E1049.28798
G1 X25.308 Y17.861
G1 X30.368 Y16.506 E1049.53189
M204 S2000
G0 F9000 X30.368 Y33.07
M204 S500
G1 F3600 X25.308 Y34.426 E1049.77582
M204 S2000
G0 F9000 X25.308 Y34.833
M204 S500
G1 F3600 X30.368 Y39.893 E1050.10903
M204 S2000
G0 F9000 X30.368 Y41.352
M204 S500
G1 F3600 X25.309 Y42.708 E1050.35292
M204 S2000
G0 F9000 X25.309 Y50.99
M204 S500
G1 F3600 X30.368 Y49.634 E1050.5968
M204 S2000
G0 F9000 X30.367 Y66.199
M204 S500
G1 F3600 X25.309 Y67.554 E1050.84063
M204 S2000
G0 F9000 X25.308 Y68.774
M204 S500
G1 F3600 X30.368 Y73.834 E1051.17384
M204 S2000
G0 F9000 X30.368 Y74.481
M204 S500
G1 F3600 X25.308 Y75.837 E1051.41776
M204 S2000
G0 F9000 X25.309 Y84.119
M204 S500
G1 F3600 X30.367 Y82.763 E1051.6616
M204 S2000
G0 F9000 X30.241 Y82.763
G1 F2400 E1050.8616
;MESH:NONMESH
G0 F300 X30.241 Y82.763 Z2.16
G0 F9000 X30.613 Y105.867
G0 X70.066 Y105.867
G0 X70.228 Y103.816
;TIME_ELAPSED:1268.373088
;LAYER:7
M204 S500
;TYPE:WALL-INNER
;MESH:kapaklar (1).stl
G1 F2400 E1051.6616
G1 F1800 X70.228 Y105.028 E1051.71804
G1 F1769 X70.221 Y105.202 E1051.72629
M204 S2000
G0 F9000 X70.228 Y116.616
M204 S500
G1 F1800 X70.228 Y119.532 E1051.86207
G1 F1764.7 X70.235 Y119.706 E1051.87034
M204 S2000
G0 F9000 X70.228 Y116.616
M204 S500
G1 F1800 X70.427 Y116.015 E1051.89982
G1 X70.843 Y115.692 E1051.92435
G1 X71.228 Y115.616 E1051.94262
G1 X79.224 Y115.616 E1052.31495
G1 X79.224 Y110.356 E1052.55987
G1 X71.228 Y110.356 E1052.9322
G1 X70.968 Y110.322 E1052.94441
G1 X70.757 Y110.239 E1052.95497
G1 X70.45 Y109.985 E1052.97352
G1 X70.313 Y109.762 E1052.98571
G1 X70.228 Y109.356 E1053.00502
G1 X70.228 Y105.694 E1053.17554
G1 F1769 X70.221 Y105.202 E1053.19885
G1 X70.03 Y105.628 E1053.22097
G1 F1800 X69.614 Y105.952 E1053.24553
G1 X69.228 Y106.028 E1053.26385
G1 X31.314 Y106.028 E1055.02928
G1 X31.066 Y105.953 E1055.04134
G1 X30.762 Y105.757 E1055.05819
G1 X30.537 Y105.441 E1055.07625
G1 X30.448 Y105.028 E1055.09592
G1 X30.448 Y7.816 E1059.62252
G1 X25.228 Y7.816 E1059.86559
G1 X25.228 Y111.432 E1064.69038
G1 X69.228 Y111.432 E1066.7392
G1 X69.488 Y111.466 E1066.75141
G1 X69.844 Y111.643 E1066.76993
G1 X70.006 Y111.803 E1066.78053
G1 X70.143 Y112.026 E1066.79272
G1 X70.228 Y112.432 E1066.81203
G1 X70.228 Y116.616 E1067.00686
M204 S2000
G0 F9000 X70.39 Y120.37
G0 X79.224 Y126.816
M204 S500
G1 F1800 X79.224 Y120.532 E1067.29947
G1 X71.228 Y120.532 E1067.67179
G1 X70.842 Y120.456 E1067.69011
G1 X70.427 Y120.131 E1067.71466
G1 F1764.7 X70.235 Y119.706 E1067.73681
G1 X70.227 Y120.198 E1067.76018
G1 F1800 X70.228 Y126.816 E1068.06834
G1 X79.224 Y126.816 E1068.48723
M204 S2000
G0 F9000 X79.624 Y127.216
M204 S500
G1 F1800 X79.624 Y120.132 E1068.81709
G1 X71.228 Y120.132 E1069.20804
G1 X70.996 Y120.086 E1069.21906
G1 X70.747 Y119.892 E1069.23376
G1 X70.628 Y119.618 E1069.24767
G1 X70.628 Y116.616 E1069.38745
G1 X70.747 Y116.255 E1069.40515
G1 X70.997 Y116.062 E1069.41986
G1 X71.228 Y116.016 E1069.43082
G1 X79.624 Y116.016 E1069.82178
G1 X79.624 Y109.956 E1070.10396
G1 X71.228 Y109.956 E1070.49491
G1 X70.945 Y109.886 E1070.50848
G1 X70.761 Y109.734 E1070.5196
G1 X70.679 Y109.6 E1070.52691
G1 X70.628 Y109.356 E1070.53852
G1 X70.628 Y103.416 E1070.81511
G1 X69.828 Y103.416 E1070.85236
G1 X69.828 Y105.113 E1070.93138
G1 X69.71 Y105.388 E1070.94532
G1 X69.46 Y105.582 E1070.96005
G1 X69.228 Y105.628 E1070.97106
G1 X31.366 Y105.628 E1072.73408
G1 X31.036 Y105.465 E1072.75122
G1 X30.901 Y105.276 E1072.76203
G1 X30.848 Y105.118 E1072.76979
G1 X30.848 Y7.416 E1077.3192
G1 X24.828 Y7.416 E1077.59952
G1 X24.828 Y111.832 E1082.46157
G1 X69.228 Y111.832 E1084.52902
G1 X69.511 Y111.902 E1084.54259
G1 X69.695 Y112.054 E1084.55371
G1 X69.777 Y112.188 E1084.56102
G1 X69.828 Y112.432 E1084.57263
G1 X69.828 Y127.216 E1085.26103
G1 X79.624 Y127.216 E1085.71718
M204 S2000
G0 F9000 X80.024 Y127.616
M204 S500
;TYPE:WALL-OUTER
G1 F1800 X80.024 Y119.732 E1086.08429
G1 X71.169 Y119.732 E1086.49661
G1 X71.067 Y119.652 E1086.50265
G1 X71.03 Y119.567 E1086.50697
G1 X71.028 Y116.616 E1086.64438
G1 X71.067 Y116.495 E1086.6503
G1 X71.171 Y116.416 E1086.65638
G1 X80.024 Y116.416 E1087.06861
G1 X80.024 Y109.556 E1087.38804
G1 X71.176 Y109.55 E1087.80004
G1 X71.028 Y109.416 E1087.80934
G1 X71.028 Y103.016 E1088.10735
G1 X69.428 Y103.016 E1088.18185
G1 X69.426 Y105.063 E1088.27717
G1 X69.389 Y105.148 E1088.28149
G1 X69.287 Y105.228 E1088.28752
G1 X31.408 Y105.225 E1090.05133
G1 X31.286 Y105.146 E1090.05809
G1 X31.252 Y105.071 E1090.06193
G1 X31.248 Y7.016 E1094.62778
G1 X24.428 Y7.016 E1094.94535
G1 X24.428 Y112.232 E1099.84465
G1 X69.28 Y112.238 E1101.93314
G1 X69.428 Y112.372 E1101.94244
G1 X69.428 Y127.616 E1102.65226
G1 X80.024 Y127.616 E1103.14566
M204 S2000
G0 F9000 X79.745 Y127.337
G0 X78.764 Y126.737
M204 S500
;TYPE:FILL
G1 F3600 X79.144 Y125.319 E1103.21402
M204 S2000
G0 F9000 X79.144 Y122.33
M204 S500
G1 F3600 X77.427 Y120.613 E1103.32708
M204 S2000
G0 F9000 X75.338 Y120.612
M204 S500
G1 F3600 X70.307 Y121.96 E1103.56961
M204 S2000
G0 F9000 X72.123 Y120.612
M204 S500
G1 F3600 X70.482 Y126.736 E1103.86483
M204 S2000
G0 F9000 X72.237 Y126.736
M204 S500
G1 F3600 X70.308 Y124.807 E1103.99186
M204 S2000
G0 F9000 X70.39 Y115.78
G0 X72.35 Y115.536
M204 S500
G1 F3600 X70.308 Y113.493 E1104.12636
G1 X70.309 Y113.677
G1 X79.143 Y111.31 E1104.55222
M204 S2000
G0 F9000 X79.144 Y111.016
M204 S500
G1 F3600 X78.565 Y110.437 E1104.59035
M204 S2000
G0 F9000 X74.85 Y110.436
M204 S500
G1 F3600 X73.483 Y115.537 E1104.83625
M204 S2000
G0 F9000 X70.066 Y111.597
G0 X68.166 Y111.352
M204 S500
G1 F3600 X62.922 Y106.108 E1105.18158
M204 S2000
G0 F9000 X59.445 Y106.107
M204 S500
G1 F3600 X58.04 Y111.352 E1105.43442
M204 S2000
G0 F9000 X56.852 Y111.352
M204 S500
G1 F3600 X51.608 Y106.108 E1105.77974
M204 S2000
G0 F9000 X51.163 Y106.107
M204 S500
G1 F3600 X49.757 Y111.352 E1106.0326
M204 S2000
G0 F9000 X48.077 Y111.352
M204 S500
G1 F3600 X67.647 Y106.108 E1106.97601
G1 X67.727 Y106.108
G1 X66.322 Y111.353 E1107.22885
M204 S2000
G0 F9000 X45.538 Y111.352
M204 S500
G1 F3600 X40.294 Y106.108 E1107.57417
M204 S2000
G0 F9000 X42.88 Y106.108
M204 S500
G1 F3600 X41.475 Y111.353 E1107.82701
M204 S2000
G0 F9000 X36.739 Y106.108
M204 S500
G1 F3600 X25.309 Y109.171 E1108.37802
M204 S2000
G0 F9000 X25.308 Y109.868
M204 S500
G1 F3600 X30.368 Y90.987 E1109.28822
M204 S2000
G0 F9000 X30.367 Y91.251
M204 S500
G1 F3600 X25.309 Y92.606 E1109.53205
M204 S2000
G0 F9000 X25.308 Y91.121
M204 S500
G1 F3600 X30.368 Y96.181 E1109.86526
M204 S2000
G0 F9000 X30.368 Y99.533
M204 S500
G1 F3600 X25.309 Y100.888 E1110.10913
M204 S2000
G0 F9000 X25.308 Y102.435
M204 S500
G1 F3600 X34.225 Y111.352 E1110.69633
M204 S2000
G0 F9000 X33.193 Y111.353
M204 S500
G1 F3600 X34.598 Y106.107 E1110.94922
M204 S2000
G0 F9000 X30.613 Y105.867
G0 X30.368 Y84.868
M204 S500
G1 F3600 X25.308 Y79.808 E1111.28242
M204 S2000
G0 F9000 X25.308 Y78.96
M204 S500
G1 F3600 X30.368 Y60.077 E1112.19272
M204 S2000
G0 F9000 X30.368 Y58.122
M204 S500
G1 F3600 X25.308 Y59.477 E1112.43663
M204 S2000
G0 F9000 X25.308 Y57.18
M204 S500
G1 F3600 X30.368 Y62.24 E1112.76984
M204 S2000
G0 F9000 X30.367 Y66.404
M204 S500
G1 F3600 X25.309 Y67.759 E1113.01367
M204 S2000
G0 F9000 X25.308 Y68.494
M204 S500
G1 F3600 X30.368 Y73.554 E1113.34688
M204 S2000
G0 F9000 X30.368 Y74.686
M204 S500
G1 F3600 X25.308 Y76.042 E1113.59081
M204 S2000
G0 F9000 X25.309 Y84.324
M204 S500
G1 F3600 X30.368 Y82.968 E1113.83469
M204 S2000
G1 F2400 E1113.03469
G0 F9000 X30.368 Y50.927
M204 S500
G1 F2400 E1113.83469
G1 F3600 X25.308 Y45.866 E1114.16793
M204 S2000
G0 F9000 X25.308 Y48.05
M204 S500
G1 F3600 X30.368 Y29.167 E1115.07823
M204 S2000
G0 F9000 X30.368 Y28.299
M204 S500
G1 F3600 X25.308 Y23.239 E1115.41144
M204 S2000
G0 F9000 X25.309 Y26.348
M204 S500
G1 F3600 X30.368 Y24.993 E1115.65531
M204 S2000
G0 F9000 X30.368 Y16.985
M204 S500
G1 F3600 X25.308 Y11.925 E1115.98852
M204 S2000
G0 F9000 X25.309 Y9.784
M204 S500
G1 F3600 X30.368 Y8.428 E1116.2324
M204 S2000
G0 F9000 X27.785 Y7.895
M204 S500
G1 F3600 X25.308 Y17.141 E1116.67812
M204 S2000
G0 F9000 X25.308 Y18.066
M204 S500
G1 F3600 X30.368 Y16.711 E1116.92203
M204 S2000
G0 F9000 X30.368 Y33.275
M204 S500
G1 F3600 X25.308 Y34.631 E1117.16596
G1 X25.308 Y34.553
G1 X30.368 Y39.613 E1117.49917
M204 S2000
G0 F9000 X30.368 Y41.557
M204 S500
G1 F3600 X25.309 Y42.913 E1117.74305
M204 S2000
G0 F9000 X25.309 Y51.195
M204 S500
G1 F3600 X30.368 Y49.839 E1117.98694
M204 S2000
G0 F9000 X30.241 Y49.839
G1 F2400 E1117.18694
;MESH:NONMESH
G0 F300 X30.241 Y49.839 Z2.44
G0 F9000 X30.613 Y105.867
G0 X70.066 Y105.867
G0 X70.228 Y103.816
;TIME_ELAPSED:1324.432798
;LAYER:8
M204 S500
;TYPE:WALL-INNER
;MESH:kapaklar (1).stl
G1 F2400 E1117.98694
G1 F1800 X70.228 Y105.028 E1118.04337
G1 F1769 X70.221 Y105.202 E1118.05162
M204 S2000
G0 F9000 X70.228 Y116.548
M204 S500
G1 F1800 X70.228 Y119.6 E1118.19374
G1 F1764.7 X70.235 Y119.774 E1118.20201
M204 S2000
G0 F9000 X70.228 Y116.548
M204 S500
G1 F1800 X70.427 Y115.947 E1118.23149
G1 X70.843 Y115.624 E1118.25601
G1 X71.228 Y115.548 E1118.27429
G1 X79.224 Y115.548 E1118.64661
G1 X79.224 Y110.356 E1118.88837
G1 X71.228 Y110.356 E1119.2607
G1 X70.968 Y110.322 E1119.27291
G1 X70.757 Y110.239 E1119.28347
G1 X70.45 Y109.985 E1119.30202
G1 X70.313 Y109.762 E1119.31421
G1 X70.228 Y109.356 E1119.33352
G1 X70.228 Y105.694 E1119.50404
G1 F1769 X70.221 Y105.202 E1119.52736
G1 X70.03 Y105.628 E1119.54947
G1 F1800 X69.614 Y105.952 E1119.57403
G1 X69.228 Y106.028 E1119.59235
G1 X31.314 Y106.028 E1121.35778
G1 X31.066 Y105.953 E1121.36985
G1 X30.762 Y105.757 E1121.38669
G1 X30.537 Y105.441 E1121.40475
G1 X30.448 Y105.028 E1121.42442
G1 X30.448 Y7.816 E1125.95102
G1 X25.228 Y7.816 E1126.19409
G1 X25.228 Y111.432 E1131.01888
G1 X69.228 Y111.432 E1133.06771
G1 X69.488 Y111.466 E1133.07992
G1 X69.844 Y111.643 E1133.09843
G1 X70.006 Y111.803 E1133.10903
G1 X70.143 Y112.026 E1133.12122
G1 X70.228 Y112.432 E1133.14053
G1 X70.228 Y116.548 E1133.33219
M204 S2000
G0 F9000 X70.39 Y120.44
G0 X79.224 Y126.816
M204 S500
G1 F1800 X79.224 Y120.6 E1133.62163
G1 X71.228 Y120.6 E1133.99396
G1 X70.842 Y120.524 E1134.01228
G1 X70.427 Y120.199 E1134.03682
G1 F1764.7 X70.235 Y119.774 E1134.05897
G1 X70.227 Y120.266 E1134.08234
G1 F1800 X70.228 Y126.816 E1134.38734
G1 X79.224 Y126.816 E1134.80623
M204 S2000
G0 F9000 X79.624 Y127.216
M204 S500
G1 F1800 X79.624 Y120.2 E1135.13293
G1 X71.228 Y120.2 E1135.52388
G1 X70.996 Y120.154 E1135.53489
G1 X70.747 Y119.96 E1135.54959
G1 X70.628 Y119.686 E1135.5635
G1 X70.628 Y116.548 E1135.70962
G1 X70.747 Y116.187 E1135.72732
G1 X70.997 Y115.994 E1135.74202
G1 X71.228 Y115.948 E1135.75299
G1 X79.624 Y115.948 E1136.14395
G1 X79.624 Y109.956 E1136.42296
G1 X71.228 Y109.956 E1136.81391
G1 X70.945 Y109.886 E1136.82749
G1 X70.761 Y109.734 E1136.8386
G1 X70.679 Y109.6 E1136.84591
G1 X70.628 Y109.356 E1136.85752
G1 X70.628 Y103.416 E1137.13411
G1 X69.828 Y103.416 E1137.17136
G1 X69.828 Y105.113 E1137.25038
G1 X69.71 Y105.388 E1137.26432
G1 X69.46 Y105.582 E1137.27905
G1 X69.228 Y105.628 E1137.29007
G1 X31.366 Y105.628 E1139.05308
G1 X31.036 Y105.465 E1139.07022
G1 X30.901 Y105.276 E1139.08103
G1 X30.848 Y105.118 E1139.08879
G1 X30.848 Y7.416 E1143.63821
G1 X24.828 Y7.416 E1143.91852
G1 X24.828 Y111.832 E1148.78057
G1 X69.228 Y111.832 E1150.84802
G1 X69.511 Y111.902 E1150.86159
G1 X69.695 Y112.054 E1150.87271
G1 X69.777 Y112.188 E1150.88002
G1 X69.828 Y112.432 E1150.89163
G1 X69.828 Y127.216 E1151.58003
G1 X79.624 Y127.216 E1152.03618
M204 S2000
G0 F9000 X80.024 Y127.616
M204 S500
;TYPE:WALL-OUTER
G1 F1800 X80.024 Y119.8 E1152.40012
G1 X71.169 Y119.8 E1152.81245
G1 X71.067 Y119.72 E1152.81849
G1 X71.03 Y119.635 E1152.8228
G1 X71.028 Y116.548 E1152.96655
G1 X71.067 Y116.427 E1152.97247
G1 X71.171 Y116.348 E1152.97855
G1 X80.024 Y116.348 E1153.39078
G1 X80.024 Y109.556 E1153.70704
G1 X71.176 Y109.55 E1154.11904
G1 X71.028 Y109.416 E1154.12834
G1 X71.028 Y103.016 E1154.42635
G1 X69.428 Y103.016 E1154.50085
G1 X69.426 Y105.063 E1154.59617
G1 X69.389 Y105.148 E1154.60049
G1 X69.287 Y105.228 E1154.60652
G1 X31.408 Y105.225 E1156.37033
G1 X31.286 Y105.146 E1156.3771
G1 X31.252 Y105.071 E1156.38093
G1 X31.248 Y7.016 E1160.94678
G1 X24.428 Y7.016 E1161.26435
G1 X24.428 Y112.232 E1166.16365
G1 X69.28 Y112.238 E1168.25214
G1 X69.428 Y112.372 E1168.26144
G1 X69.428 Y127.616 E1168.97127
G1 X80.024 Y127.616 E1169.46466
M204 S2000
G0 F9000 X79.745 Y127.337
G0 X78.559 Y126.737
M204 S500
;TYPE:FILL
G1 F3600 X79.144 Y124.553 E1169.56994
M204 S2000
G0 F9000 X79.144 Y122.05
M204 S500
G1 F3600 X77.775 Y120.681 E1169.66009
M204 S2000
G0 F9000 X75.85 Y120.68
M204 S500
G1 F3600 X70.308 Y122.165 E1169.92725
M204 S2000
G0 F9000 X71.9 Y120.679
M204 S500
G1 F3600 X70.308 Y126.621 E1170.2137
M204 S2000
G0 F9000 X70.308 Y124.527
M204 S500
G1 F3600 X72.517 Y126.736 E1170.35916
M204 S2000
G0 F9000 X70.39 Y120.44
G0 X70.39 Y115.71
G0 X72.562 Y115.468
M204 S500
G1 F3600 X70.308 Y113.213 E1170.50763
M204 S2000
G0 F9000 X70.309 Y113.882
M204 S500
G1 F3600 X79.143 Y111.515 E1170.93348
M204 S2000
G0 F9000 X79.144 Y110.736
M204 S500
G1 F3600 X78.845 Y110.437 E1170.95317
M204 S2000
G0 F9000 X74.645 Y110.435
M204 S500
G1 F3600 X73.296 Y115.469 E1171.19585
M204 S2000
G0 F9000 X70.066 Y111.597
G0 X68.446 Y111.352
M204 S500
G1 F3600 X63.202 Y106.108 E1171.54118
M204 S2000
G0 F9000 X59.24 Y106.107
M204 S500
G1 F3600 X57.835 Y111.352 E1171.79402
M204 S2000
G0 F9000 X57.132 Y111.352
M204 S500
G1 F3600 X51.888 Y106.108 E1172.13934
M204 S2000
G0 F9000 X50.958 Y106.107
M204 S500
G1 F3600 X49.552 Y111.352 E1172.39219
M204 S2000
G0 F9000 X48.842 Y111.352
M204 S500
G1 F3600 X68.412 Y106.108 E1173.3356
M204 S2000
G0 F9000 X67.522 Y106.108
M204 S500
G1 F3600 X66.117 Y111.353 E1173.58844
M204 S2000
G0 F9000 X45.818 Y111.352
M204 S500
G1 F3600 X40.574 Y106.108 E1173.93377
M204 S2000
G0 F9000 X42.675 Y106.108
M204 S500
G1 F3600 X41.27 Y111.353 E1174.18661
M204 S2000
G0 F9000 X37.504 Y106.108
M204 S500
G1 F3600 X25.309 Y109.375 E1174.77448
M204 S2000
G0 F9000 X25.308 Y109.103
M204 S500
G1 F3600 X30.368 Y90.222 E1175.68469
M204 S2000
G0 F9000 X30.367 Y91.456
M204 S500
G1 F3600 X25.309 Y92.811 E1175.92851
M204 S2000
G0 F9000 X25.308 Y90.841
M204 S500
G1 F3600 X30.368 Y95.901 E1176.26172
M204 S2000
G0 F9000 X30.368 Y99.738
M204 S500
G1 F3600 X25.309 Y101.093 E1176.50559
M204 S2000
G0 F9000 X25.308 Y102.155
M204 S500
G1 F3600 X34.505 Y111.352 E1177.11123
M204 S2000
G0 F9000 X32.988 Y111.353
M204 S500
G1 F3600 X34.393 Y106.107 E1177.36412
M204 S2000
G0 F9000 X30.613 Y105.867
G0 X30.368 Y84.588
M204 S500
G1 F3600 X25.308 Y79.528 E1177.69733
M204 S2000
G0 F9000 X25.308 Y78.195
M204 S500
G1 F3600 X30.368 Y59.312 E1178.60762
M204 S2000
G0 F9000 X30.368 Y58.327
M204 S500
G1 F3600 X25.308 Y59.682 E1178.85154
M204 S2000
G0 F9000 X25.308 Y56.9
M204 S500
G1 F3600 X30.368 Y61.96 E1179.18475
M204 S2000
G0 F9000 X30.367 Y66.609
M204 S500
G1 F3600 X25.309 Y67.964 E1179.42857
M204 S2000
G0 F9000 X25.308 Y68.214
M204 S500
G1 F3600 X30.368 Y73.274 E1179.76178
M204 S2000
G0 F9000 X30.368 Y74.891
M204 S500
G1 F3600 X25.308 Y76.247 E1180.00571
M204 S2000
G0 F9000 X25.309 Y84.529
M204 S500
G1 F3600 X30.368 Y83.173 E1180.24959
M204 S2000
G1 F2400 E1179.44959
G0 F9000 X25.309 Y51.4
M204 S500
G1 F2400 E1180.24959
G1 F3600 X30.368 Y50.044 E1180.49348
M204 S2000
G0 F9000 X30.368 Y50.647
M204 S500
G1 F3600 X25.308 Y45.586 E1180.82672
M204 S2000
G0 F9000 X25.308 Y47.285
M204 S500
G1 F3600 X30.368 Y28.402 E1181.73701
M204 S2000
G0 F9000 X30.368 Y28.019
M204 S500
G1 F3600 X25.308 Y22.959 E1182.07022
M204 S2000
G0 F9000 X25.309 Y26.553
M204 S500
G1 F3600 X30.367 Y25.198 E1182.31405
M204 S2000
G0 F9000 X30.368 Y16.916
M204 S500
G1 F3600 X25.308 Y18.271 E1182.55797
M204 S2000
G0 F9000 X25.308 Y16.376
M204 S500
G1 F3600 X27.58 Y7.895 E1182.9668
M204 S2000
G0 F9000 X30.368 Y8.633
M204 S500
G1 F3600 X25.309 Y9.989 E1183.21068
M204 S2000
G0 F9000 X25.308 Y11.645
M204 S500
G1 F3600 X30.368 Y16.705 E1183.54389
M204 S2000
G0 F9000 X30.368 Y33.48
M204 S500
G1 F3600 X25.309 Y34.836 E1183.78778
M204 S2000
G0 F9000 X25.308 Y34.273
M204 S500
G1 F3600 X30.368 Y39.333 E1184.12099
M204 S2000
G0 F9000 X30.368 Y41.762
M204 S500
G1 F3600 X25.308 Y43.118 E1184.36492
M204 S2000
G0 F9000 X25.438 Y43.118
G1 F2400 E1183.56492
;MESH:NONMESH
G0 F300 X25.438 Y43.118 Z2.72
G0 F9000 X30.613 Y105.867
G0 X70.066 Y105.867
G0 X70.228 Y103.816
;TIME_ELAPSED:1380.653451
;LAYER:9
M204 S500
;TYPE:WALL-INNER
;MESH:kapaklar (1).stl
G1 F2400 E1184.36492
G1 F1800 X70.228 Y105.028 E1184.42135
G1 F1769 X70.221 Y105.202 E1184.4296
M204 S2000
G0 F9000 X70.228 Y116.54
M204 S500
G1 F1800 X70.228 Y119.608 E1184.57246
G1 F1764.7 X70.235 Y119.782 E1184.58073
M204 S2000
G0 F9000 X70.228 Y116.54
M204 S500
G1 F1800 X70.427 Y115.939 E1184.61021
G1 X70.843 Y115.616 E1184.63474
G1 X71.228 Y115.54 E1184.65301
G1 X79.224 Y115.54 E1185.02534
G1 X79.224 Y110.356 E1185.26672
G1 X71.228 Y110.356 E1185.63905
G1 X70.968 Y110.322 E1185.65126
G1 X70.757 Y110.239 E1185.66182
G1 X70.45 Y109.985 E1185.68037
G1 X70.313 Y109.762 E1185.69256
G1 X70.228 Y109.356 E1185.71188
G1 X70.228 Y105.694 E1185.88239
G1 F1769 X70.221 Y105.202 E1185.90571
G1 X70.03 Y105.628 E1185.92783
G1 F1800 X69.614 Y105.952 E1185.95238
G1 X69.228 Y106.028 E1185.9707
G1 X31.314 Y106.028 E1187.73613
G1 X31.066 Y105.953 E1187.7482
G1 X30.762 Y105.757 E1187.76504
G1 X30.537 Y105.441 E1187.7831
G1 X30.448 Y105.028 E1187.80277
G1 X30.448 Y7.816 E1192.32937
G1 X25.228 Y7.816 E1192.57244
G1 X25.228 Y111.432 E1197.39723
G1 X69.228 Y111.432 E1199.44606
G1 X69.488 Y111.466 E1199.45827
G1 X69.844 Y111.643 E1199.47678
G1 X70.006 Y111.803 E1199.48738
G1 X70.143 Y112.026 E1199.49957
G1 X70.228 Y112.432 E1199.51888
G1 X70.228 Y116.54 E1199.71017
M204 S2000
G0 F9000 X70.39 Y120.449
G0 X79.224 Y126.816
M204 S500
G1 F1800 X79.224 Y120.608 E1199.99924
G1 X71.228 Y120.608 E1200.37157
G1 X70.842 Y120.532 E1200.38989
G1 X70.427 Y120.207 E1200.41443
G1 F1764.7 X70.235 Y119.782 E1200.43658
G1 X70.227 Y120.274 E1200.45995
G1 F1800 X70.228 Y126.816 E1200.76457
G1 X79.224 Y126.816 E1201.18347
M204 S2000
G0 F9000 X79.624 Y127.216
M204 S500
G1 F1800 X79.624 Y120.208 E1201.50979
G1 X71.228 Y120.208 E1201.90074
G1 X70.996 Y120.162 E1201.91175
G1 X70.747 Y119.968 E1201.92645
G1 X70.628 Y119.694 E1201.94036
G1 X70.628 Y116.54 E1202.08722
G1 X70.747 Y116.179 E1202.10492
G1 X70.997 Y115.986 E1202.11963
G1 X71.228 Y115.94 E1202.1306
G1 X79.624 Y115.94 E1202.52155
G1 X79.624 Y109.956 E1202.80019
G1 X71.228 Y109.956 E1203.19114
G1 X70.945 Y109.886 E1203.20472
G1 X70.761 Y109.734 E1203.21583
G1 X70.679 Y109.6 E1203.22315
G1 X70.628 Y109.356 E1203.23475
G1 X70.628 Y103.416 E1203.51135
G1 X69.828 Y103.416 E1203.5486
G1 X69.828 Y105.113 E1203.62762
G1 X69.71 Y105.388 E1203.64155
G1 X69.46 Y105.582 E1203.65629
G1 X69.228 Y105.628 E1203.6673
G1 X31.366 Y105.628 E1205.43031
G1 X31.036 Y105.465 E1205.44745
G1 X30.901 Y105.276 E1205.45827
G1 X30.848 Y105.118 E1205.46603
G1 X30.848 Y7.416 E1210.01544
G1 X24.828 Y7.416 E1210.29576
G1 X24.828 Y111.832 E1215.1578
G1 X69.228 Y111.832 E1217.22525
G1 X69.511 Y111.902 E1217.23883
G1 X69.695 Y112.054 E1217.24994
G1 X69.777 Y112.188 E1217.25726
G1 X69.828 Y112.432 E1217.26886
G1 X69.828 Y127.216 E1217.95727
G1 X79.624 Y127.216 E1218.41341
M204 S2000
G0 F9000 X80.024 Y127.616
M204 S500
;TYPE:WALL-OUTER
G1 F1800 X80.024 Y119.808 E1218.77698
G1 X71.169 Y119.808 E1219.18931
G1 X71.067 Y119.728 E1219.19535
G1 X71.03 Y119.643 E1219.19966
G1 X71.028 Y116.54 E1219.34415
G1 X71.067 Y116.419 E1219.35007
G1 X71.171 Y116.34 E1219.35615
G1 X80.024 Y116.34 E1219.76839
G1 X80.024 Y109.556 E1220.08428
G1 X71.176 Y109.55 E1220.49628
G1 X71.028 Y109.416 E1220.50557
G1 X71.028 Y103.016 E1220.80358
G1 X69.428 Y103.016 E1220.87809
G1 X69.426 Y105.063 E1220.9734
G1 X69.389 Y105.148 E1220.97772
G1 X69.287 Y105.228 E1220.98376
G1 X31.408 Y105.225 E1222.74756
G1 X31.286 Y105.146 E1222.75433
G1 X31.252 Y105.071 E1222.75816
G1 X31.248 Y7.016 E1227.32402
G1 X24.428 Y7.016 E1227.64158
G1 X24.428 Y112.232 E1232.54088
G1 X69.28 Y112.238 E1234.62938
G1 X69.428 Y112.372 E1234.63867
G1 X69.428 Y127.616 E1235.3485
G1 X80.024 Y127.616 E1235.84189
M204 S2000
G0 F9000 X79.745 Y127.337
G0 X78.354 Y126.737
M204 S500
;TYPE:FILL
G1 F3600 X79.144 Y123.788 E1235.98405
M204 S2000
G0 F9000 X79.144 Y121.77
M204 S500
G1 F3600 X78.062 Y120.688 E1236.0553
M204 S2000
G0 F9000 X76.584 Y120.688
M204 S500
G1 F3600 X70.308 Y122.37 E1236.35785
M204 S2000
G0 F9000 X70.307 Y124.246
M204 S500
G1 F3600 X72.797 Y126.736 E1236.52183
M204 S2000
G0 F9000 X70.308 Y125.855
M204 S500
G1 F3600 X71.693 Y120.688 E1236.77092
M204 S2000
G0 F9000 X70.39 Y120.449
G0 X70.39 Y115.702
G0 X72.834 Y115.46
M204 S500
G1 F3600 X70.308 Y112.933 E1236.93729
M204 S2000
G0 F9000 X70.309 Y114.087
M204 S500
G1 F3600 X79.143 Y111.72 E1237.36315
M204 S2000
G0 F9000 X74.44 Y110.435
M204 S500
G1 F3600 X73.093 Y115.46 E1237.60539
M204 S2000
G0 F9000 X70.066 Y111.597
G0 X68.726 Y111.352
M204 S500
G1 F3600 X63.482 Y106.108 E1237.95072
M204 S2000
G0 F9000 X67.317 Y106.107
M204 S500
G1 F3600 X65.912 Y111.352 E1238.20356
M204 S2000
G0 F9000 X69.177 Y106.108
M204 S500
G1 F3600 X49.607 Y111.352 E1239.14697
M204 S2000
G0 F9000 X49.347 Y111.352
M204 S500
G1 F3600 X50.753 Y106.107 E1239.39982
M204 S2000
G0 F9000 X52.168 Y106.108
M204 S500
G1 F3600 X57.412 Y111.352 E1239.74515
M204 S2000
G0 F9000 X57.63 Y111.352
M204 S500
G1 F3600 X59.035 Y106.107 E1239.99799
M204 S2000
G0 F9000 X69.717 Y105.964
M204 S500
G1 F3600 X70.148 Y105.848 E1240.01877
M204 S2000
G0 F9000 X46.098 Y111.352
M204 S500
G1 F3600 X40.855 Y106.108 E1240.36407
M204 S2000
G0 F9000 X42.47 Y106.108
M204 S500
G1 F3600 X41.065 Y111.353 E1240.6169
M204 S2000
G0 F9000 X38.269 Y106.108
M204 S500
G1 F3600 X25.309 Y109.58 E1241.24166
M204 S2000
G0 F9000 X25.308 Y108.339
M204 S500
G1 F3600 X30.368 Y89.457 E1242.15191
M204 S2000
G0 F9000 X30.367 Y91.661
M204 S500
G1 F3600 X25.309 Y93.016 E1242.39573
M204 S2000
G0 F9000 X25.308 Y90.561
M204 S500
G1 F3600 X30.368 Y95.621 E1242.72894
M204 S2000
G0 F9000 X30.368 Y99.943
M204 S500
G1 F3600 X25.309 Y101.298 E1242.97281
M204 S2000
G0 F9000 X25.308 Y101.875
M204 S500
G1 F3600 X34.785 Y111.352 E1243.59689
M204 S2000
G0 F9000 X32.783 Y111.353
M204 S500
G1 F3600 X34.188 Y106.107 E1243.84977
M204 S2000
G0 F9000 X30.613 Y105.867
G0 X30.368 Y84.308
M204 S500
G1 F3600 X25.308 Y79.248 E1244.18298
M204 S2000
G0 F9000 X25.308 Y77.43
M204 S500
G1 F3600 X30.368 Y58.547 E1245.09328
G1 X30.368 Y58.532
G1 X25.308 Y59.887 E1245.33719
M204 S2000
G0 F9000 X25.308 Y56.62
M204 S500
G1 F3600 X30.368 Y61.68 E1245.6704
M204 S2000
G0 F9000 X30.367 Y66.814
M204 S500
G1 F3600 X25.309 Y68.169 E1245.91423
M204 S2000
G0 F9000 X25.308 Y67.934
M204 S500
G1 F3600 X30.368 Y72.994 E1246.24744
M204 S2000
G0 F9000 X30.368 Y75.096
M204 S500
G1 F3600 X25.309 Y76.452 E1246.49132
M204 S2000
G0 F9000 X25.309 Y84.734
M204 S500
G1 F3600 X30.368 Y83.378 E1246.73521
M204 S2000
G1 F2400 E1245.93521
G0 F9000 X25.309 Y51.605
M204 S500
G1 F2400 E1246.73521
G1 F3600 X30.367 Y50.25 E1246.97903
G1 X30.368 Y50.367
G1 X25.308 Y45.306 E1247.31228
M204 S2000
G0 F9000 X25.308 Y46.52
M204 S500
G1 F3600 X30.368 Y27.636 E1248.22261
G1 X30.368 Y27.739
G1 X25.308 Y22.679 E1248.55582
M204 S2000
G0 F9000 X25.309 Y26.758
M204 S500
G1 F3600 X30.368 Y25.403 E1248.79969
M204 S2000
G0 F9000 X30.368 Y17.121
M204 S500
G1 F3600 X25.308 Y18.476 E1249.04361
M204 S2000
G0 F9000 X25.308 Y15.611
M204 S500
G1 F3600 X27.375 Y7.895 E1249.41557
M204 S2000
G0 F9000 X25.309 Y10.194
M204 S500
G1 F3600 X30.368 Y8.838 E1249.65945
M204 S2000
G0 F9000 X25.308 Y11.365
M204 S500
G1 F3600 X30.368 Y16.425 E1249.99266
M204 S2000
G0 F9000 X30.368 Y33.685
M204 S500
G1 F3600 X25.309 Y35.041 E1250.23654
M204 S2000
G0 F9000 X25.308 Y33.993
M204 S500
G1 F3600 X30.368 Y39.053 E1250.56975
M204 S2000
G0 F9000 X30.368 Y41.967
M204 S500
G1 F3600 X25.308 Y43.323 E1250.81368
M204 S2000
G0 F9000 X25.438 Y43.323
G1 F2400 E1250.01368
;MESH:NONMESH
G0 F300 X25.438 Y43.323 Z3
G0 F9000 X30.613 Y105.867
G0 X70.066 Y105.867
G0 X70.228 Y103.816
;TIME_ELAPSED:1437.454027
;LAYER:10
M204 S500
;TYPE:WALL-INNER
;MESH:kapaklar (1).stl
G1 F2400 E1250.81368
G1 F1800 X70.228 Y105.028 E1250.87012
G1 F1769 X70.221 Y105.202 E1250.87837
M204 S2000
G0 F9000 X70.228 Y116.58
M204 S500
G1 F1800 X70.228 Y119.568 E1251.0175
G1 F1764.7 X70.235 Y119.742 E1251.02577
M204 S2000
G0 F9000 X70.228 Y116.58
M204 S500
G1 F1800 X70.427 Y115.979 E1251.05525
G1 X70.843 Y115.656 E1251.07978
G1 X71.228 Y115.58 E1251.09805
G1 X79.224 Y115.58 E1251.47038
G1 X79.224 Y110.356 E1251.71363
G1 X71.228 Y110.356 E1252.08596
G1 X70.968 Y110.322 E1252.09817
G1 X70.757 Y110.239 E1252.10872
G1 X70.45 Y109.985 E1252.12728
G1 X70.313 Y109.762 E1252.13946
G1 X70.228 Y109.356 E1252.15878
G1 X70.228 Y105.694 E1252.3293
G1 F1769 X70.221 Y105.202 E1252.35261
G1 X70.03 Y105.628 E1252.37473
G1 F1800 X69.614 Y105.952 E1252.39928
G1 X69.228 Y106.028 E1252.4176
G1 X31.314 Y106.028 E1254.18304
G1 X31.066 Y105.953 E1254.1951
G1 X30.762 Y105.757 E1254.21194
G1 X30.537 Y105.441 E1254.23001
G1 X30.448 Y105.028 E1254.24968
G1 X30.448 Y7.816 E1258.77628
G1 X25.228 Y7.816 E1259.01934
G1 X25.228 Y111.432 E1263.84414
G1 X69.228 Y111.432 E1265.89296
G1 X69.488 Y111.466 E1265.90517
G1 X69.844 Y111.643 E1265.92368
G1 X70.006 Y111.803 E1265.93429
G1 X70.143 Y112.026 E1265.94647
G1 X70.228 Y112.432 E1265.96579
G1 X70.228 Y116.58 E1266.15894
M204 S2000
G0 F9000 X70.39 Y120.408
G0 X79.224 Y126.816
M204 S500
G1 F1800 X79.224 Y120.568 E1266.44987
G1 X71.228 Y120.568 E1266.8222
G1 X70.842 Y120.492 E1266.84052
G1 X70.427 Y120.167 E1266.86506
G1 F1764.7 X70.235 Y119.742 E1266.88721
G1 X70.227 Y120.234 E1266.91058
G1 F1800 X70.228 Y126.816 E1267.21707
G1 X79.224 Y126.816 E1267.63596
M204 S2000
G0 F9000 X79.624 Y127.216
M204 S500
G1 F1800 X79.624 Y120.168 E1267.96414
G1 X71.228 Y120.168 E1268.35509
G1 X70.996 Y120.122 E1268.36611
G1 X70.747 Y119.928 E1268.38081
G1 X70.628 Y119.654 E1268.39472
G1 X70.628 Y116.58 E1268.53785
G1 X70.747 Y116.219 E1268.55555
G1 X70.997 Y116.026 E1268.57026
G1 X71.228 Y115.98 E1268.58123
G1 X79.624 Y115.98 E1268.97218
G1 X79.624 Y109.956 E1269.25268
G1 X71.228 Y109.956 E1269.64364
G1 X70.945 Y109.886 E1269.65721
G1 X70.761 Y109.734 E1269.66832
G1 X70.679 Y109.6 E1269.67564
G1 X70.628 Y109.356 E1269.68725
G1 X70.628 Y103.416 E1269.96384
G1 X69.828 Y103.416 E1270.00109
G1 X69.828 Y105.113 E1270.08011
G1 X69.71 Y105.388 E1270.09404
G1 X69.46 Y105.582 E1270.10878
G1 X69.228 Y105.628 E1270.11979
G1 X31.366 Y105.628 E1271.8828
G1 X31.036 Y105.465 E1271.89994
G1 X30.901 Y105.276 E1271.91076
G1 X30.848 Y105.118 E1271.91852
G1 X30.848 Y7.416 E1276.46793
G1 X24.828 Y7.416 E1276.74825
G1 X24.828 Y111.832 E1281.6103
G1 X69.228 Y111.832 E1283.67775
G1 X69.511 Y111.902 E1283.69132
G1 X69.695 Y112.054 E1283.70243
G1 X69.777 Y112.188 E1283.70975
G1 X69.828 Y112.432 E1283.72136
G1 X69.828 Y127.216 E1284.40976
G1 X79.624 Y127.216 E1284.8659
M204 S2000
G0 F9000 X80.024 Y127.616
M204 S500
;TYPE:WALL-OUTER
G1 F1800 X80.024 Y119.768 E1285.23134
G1 X71.169 Y119.768 E1285.64366
G1 X71.067 Y119.688 E1285.6497
G1 X71.03 Y119.603 E1285.65402
G1 X71.028 Y116.58 E1285.79478
G1 X71.067 Y116.459 E1285.8007
G1 X71.171 Y116.38 E1285.80678
G1 X80.024 Y116.38 E1286.21902
G1 X80.024 Y109.556 E1286.53677
G1 X71.176 Y109.55 E1286.94877
G1 X71.028 Y109.416 E1286.95807
G1 X71.028 Y103.016 E1287.25608
G1 X69.428 Y103.016 E1287.33058
G1 X69.426 Y105.063 E1287.4259
G1 X69.389 Y105.148 E1287.43021
G1 X69.287 Y105.228 E1287.43625
G1 X31.408 Y105.225 E1289.20005
G1 X31.286 Y105.146 E1289.20682
G1 X31.252 Y105.071 E1289.21066
G1 X31.248 Y7.016 E1293.77651
G1 X24.428 Y7.016 E1294.09408
G1 X24.428 Y112.232 E1298.99337
G1 X69.28 Y112.238 E1301.08187
G1 X69.428 Y112.372 E1301.09117
G1 X69.428 Y127.616 E1301.80099
G1 X80.024 Y127.616 E1302.29439
M204 S2000
G0 F9000 X79.745 Y127.337
G0 X78.149 Y126.737
M204 S500
;TYPE:FILL
G1 F3600 X79.144 Y123.024 E1302.47338
M204 S2000
G0 F9000 X79.144 Y121.489
M204 S500
G1 F3600 X78.302 Y120.648 E1302.52879
M204 S2000
G0 F9000 X77.498 Y120.648
M204 S500
G1 F3600 X70.308 Y122.574 E1302.87539
M204 S2000
G0 F9000 X70.307 Y123.966
M204 S500
G1 F3600 X73.077 Y126.736 E1303.0578
M204 S2000
G0 F9000 X70.308 Y125.09
M204 S500
G1 F3600 X71.498 Y120.647 E1303.27198
M204 S2000
G0 F9000 X70.39 Y120.408
G0 X70.39 Y115.743
G0 X72.877 Y115.501
M204 S500
G1 F3600 X74.235 Y110.435 E1303.5162
M204 S2000
G0 F9000 X70.308 Y112.653
M204 S500
G1 F3600 X73.154 Y115.5 E1303.70365
M204 S2000
G0 F9000 X70.309 Y114.292
M204 S500
G1 F3600 X79.143 Y111.925 E1304.12951
M204 S2000
G0 F9000 X69.006 Y111.352
M204 S500
G1 F3600 X63.762 Y106.108 E1304.47483
M204 S2000
G0 F9000 X67.112 Y106.107
M204 S500
G1 F3600 X65.707 Y111.352 E1304.72767
M204 S2000
G0 F9000 X70.148 Y106.053
M204 S500
G1 F3600 X50.371 Y111.352 E1305.68106
M204 S2000
G0 F9000 X49.142 Y111.352
M204 S500
G1 F3600 X50.548 Y106.107 E1305.93391
M204 S2000
G0 F9000 X52.448 Y106.108
M204 S500
G1 F3600 X57.692 Y111.352 E1306.27923
M204 S2000
G0 F9000 X57.425 Y111.352
M204 S500
G1 F3600 X58.83 Y106.107 E1306.53207
M204 S2000
G0 F9000 X46.378 Y111.352
M204 S500
G1 F3600 X41.135 Y106.108 E1306.87737
M204 S2000
G0 F9000 X42.265 Y106.108
M204 S500
G1 F3600 X40.86 Y111.353 E1307.13021
M204 S2000
G0 F9000 X39.034 Y106.108
M204 S500
G1 F3600 X25.309 Y109.785 E1307.79184
M204 S2000
G0 F9000 X25.308 Y107.574
M204 S500
G1 F3600 X30.368 Y88.692 E1308.70209
M204 S2000
G0 F9000 X30.367 Y91.866
M204 S500
G1 F3600 X25.309 Y93.221 E1308.94591
M204 S2000
G0 F9000 X25.308 Y90.281
M204 S500
G1 F3600 X30.368 Y95.341 E1309.27912
M204 S2000
G0 F9000 X30.368 Y100.148
M204 S500
G1 F3600 X25.308 Y101.503 E1309.52304
G1 X25.308 Y101.595
G1 X35.065 Y111.352 E1310.16555
M204 S2000
G0 F9000 X32.578 Y111.353
M204 S500
G1 F3600 X33.983 Y106.108 E1310.41839
M204 S2000
G0 F9000 X30.613 Y105.867
G0 X30.368 Y84.028
M204 S500
G1 F3600 X25.308 Y78.968 E1310.7516
M204 S2000
G0 F9000 X25.308 Y76.665
M204 S500
G1 F3600 X30.368 Y57.782 E1311.6619
M204 S2000
G0 F9000 X30.368 Y58.737
M204 S500
G1 F3600 X25.308 Y60.092 E1311.90581
M204 S2000
G0 F9000 X25.308 Y56.34
M204 S500
G1 F3600 X30.368 Y61.4 E1312.23902
M204 S2000
G0 F9000 X30.368 Y67.019
M204 S500
G1 F3600 X25.309 Y68.374 E1312.48289
M204 S2000
G0 F9000 X25.308 Y67.654
M204 S500
G1 F3600 X30.368 Y72.714 E1312.8161
M204 S2000
G0 F9000 X30.368 Y75.301
M204 S500
G1 F3600 X25.309 Y76.657 E1313.05999
M204 S2000
G0 F9000 X25.309 Y84.939
M204 S500
G1 F3600 X30.368 Y83.583 E1313.30387
M204 S2000
G1 F2400 E1312.50387
G0 F9000 X25.309 Y51.81
M204 S500
G1 F2400 E1313.30387
G1 F3600 X30.367 Y50.455 E1313.5477
M204 S2000
G0 F9000 X30.368 Y50.086
M204 S500
G1 F3600 X25.308 Y45.026 E1313.88091
M204 S2000
G0 F9000 X25.308 Y45.755
M204 S500
G1 F3600 X30.368 Y26.871 E1314.79124
M204 S2000
G0 F9000 X30.368 Y27.459
M204 S500
G1 F3600 X25.308 Y22.399 E1315.12445
M204 S2000
G0 F9000 X25.308 Y18.681
M204 S500
G1 F3600 X30.368 Y17.326 E1315.36837
M204 S2000
G0 F9000 X30.368 Y16.145
M204 S500
G1 F3600 X25.308 Y11.085 E1315.70158
M204 S2000
G0 F9000 X25.309 Y10.399
M204 S500
G1 F3600 X30.368 Y9.043 E1315.94546
M204 S2000
G0 F9000 X27.17 Y7.895
M204 S500
G1 F3600 X25.308 Y14.846 E1316.28054
M204 S2000
G0 F9000 X30.368 Y25.608
M204 S500
G1 F3600 X25.308 Y26.964 E1316.52447
M204 S2000
G0 F9000 X25.308 Y33.713
M204 S500
G1 F3600 X30.368 Y38.773 E1316.85768
M204 S2000
G0 F9000 X30.368 Y42.172
M204 S500
G1 F3600 X25.308 Y43.528 E1317.10161
M204 S2000
G0 F9000 X25.309 Y35.246
M204 S500
G1 F3600 X30.368 Y33.89 E1317.34549
M204 S2000
G0 F9000 X30.241 Y33.89
G1 F2400 E1316.54549
;MESH:NONMESH
G0 F300 X30.241 Y33.89 Z3.28
G0 F9000 X30.613 Y105.867
G0 X70.066 Y105.867
G0 X70.228 Y103.816
;TIME_ELAPSED:1494.106010
;LAYER:11
M204 S500
;TYPE:WALL-INNER
;MESH:kapaklar (1).stl
G1 F2400 E1317.34549
G1 F1800 X70.228 Y105.028 E1317.40193
G1 F1769 X70.221 Y105.202 E1317.41018
M204 S2000
G0 F9000 X70.228 Y116.684
M204 S500
G1 F1800 X70.228 Y119.464 E1317.53963
G1 F1764.7 X70.235 Y119.638 E1317.5479
M204 S2000
G0 F9000 X70.228 Y116.684
M204 S500
G1 F1800 X70.427 Y116.083 E1317.57738
G1 X70.843 Y115.76 E1317.6019
G1 X71.228 Y115.684 E1317.62018
G1 X79.224 Y115.684 E1317.9925
G1 X79.224 Y110.356 E1318.2406
G1 X71.228 Y110.356 E1318.61292
G1 X70.968 Y110.322 E1318.62513
G1 X70.757 Y110.239 E1318.63569
G1 X70.45 Y109.985 E1318.65424
G1 X70.313 Y109.762 E1318.66643
G1 X70.228 Y109.356 E1318.68575
G1 X70.228 Y105.694 E1318.85626
G1 F1769 X70.221 Y105.202 E1318.87958
G1 X70.03 Y105.628 E1318.9017
G1 F1800 X69.614 Y105.952 E1318.92625
G1 X69.228 Y106.028 E1318.94457
G1 X31.314 Y106.028 E1320.71
G1 X31.066 Y105.953 E1320.72207
G1 X30.762 Y105.757 E1320.73891
G1 X30.537 Y105.441 E1320.75697
G1 X30.448 Y105.028 E1320.77665
G1 X30.448 Y7.816 E1325.30324
G1 X25.228 Y7.816 E1325.54631
G1 X25.228 Y111.432 E1330.3711
G1 X69.228 Y111.432 E1332.41993
G1 X69.488 Y111.466 E1332.43214
G1 X69.844 Y111.643 E1332.45065
G1 X70.006 Y111.803 E1332.46125
G1 X70.143 Y112.026 E1332.47344
G1 X70.228 Y112.432 E1332.49275
G1 X70.228 Y116.684 E1332.69075
M204 S2000
G0 F9000 X70.39 Y120.303
G0 X79.224 Y126.816
M204 S500
G1 F1800 X79.224 Y120.464 E1332.98652
G1 X71.228 Y120.464 E1333.35885
G1 X70.842 Y120.388 E1333.37717
G1 X70.427 Y120.063 E1333.40171
G1 F1764.7 X70.235 Y119.638 E1333.42386
G1 X70.227 Y120.13 E1333.44723
G1 F1800 X70.228 Y126.816 E1333.75856
G1 X79.224 Y126.816 E1334.17745
M204 S2000
G0 F9000 X79.624 Y127.216
M204 S500
G1 F1800 X79.624 Y120.064 E1334.51048
G1 X71.228 Y120.064 E1334.90143
G1 X70.996 Y120.018 E1334.91245
G1 X70.747 Y119.824 E1334.92714
G1 X70.628 Y119.55 E1334.94105
G1 X70.628 Y116.684 E1335.07451
G1 X70.747 Y116.323 E1335.09221
G1 X70.997 Y116.13 E1335.10691
G1 X71.228 Y116.084 E1335.11788
G1 X79.624 Y116.084 E1335.50883
G1 X79.624 Y109.956 E1335.79418
G1 X71.228 Y109.956 E1336.18513
G1 X70.945 Y109.886 E1336.19871
G1 X70.761 Y109.734 E1336.20982
G1 X70.679 Y109.6 E1336.21713
G1 X70.628 Y109.356 E1336.22874
G1 X70.628 Y103.416 E1336.50533
G1 X69.828 Y103.416 E1336.54258
G1 X69.828 Y105.113 E1336.6216
G1 X69.71 Y105.388 E1336.63554
G1 X69.46 Y105.582 E1336.65027
G1 X69.228 Y105.628 E1336.66129
G1 X31.366 Y105.628 E1338.4243
G1 X31.036 Y105.465 E1338.44144
G1 X30.901 Y105.276 E1338.45225
G1 X30.848 Y105.118 E1338.46001
G1 X30.848 Y7.416 E1343.00943
G1 X24.828 Y7.416 E1343.28974
G1 X24.828 Y111.832 E1348.15179
G1 X69.228 Y111.832 E1350.21924
G1 X69.511 Y111.902 E1350.23281
G1 X69.695 Y112.054 E1350.24393
G1 X69.777 Y112.188 E1350.25124
G1 X69.828 Y112.432 E1350.26285
G1 X69.828 Y127.216 E1350.95126
G1 X79.624 Y127.216 E1351.4074
M204 S2000
G0 F9000 X80.024 Y127.616
M204 S500
;TYPE:WALL-OUTER
G1 F1800 X80.024 Y119.664 E1351.77768
G1 X71.169 Y119.664 E1352.19
G1 X71.067 Y119.584 E1352.19604
G1 X71.03 Y119.499 E1352.20036
G1 X71.028 Y116.684 E1352.33143
G1 X71.067 Y116.563 E1352.33735
G1 X71.171 Y116.484 E1352.34343
G1 X80.024 Y116.484 E1352.75567
G1 X80.024 Y109.556 E1353.07826
G1 X71.176 Y109.55 E1353.49026
G1 X71.028 Y109.416 E1353.49956
G1 X71.028 Y103.016 E1353.79757
G1 X69.428 Y103.016 E1353.87207
G1 X69.426 Y105.063 E1353.96739
G1 X69.389 Y105.148 E1353.97171
G1 X69.287 Y105.228 E1353.97774
G1 X31.408 Y105.225 E1355.74155
G1 X31.286 Y105.146 E1355.74832
G1 X31.252 Y105.071 E1355.75215
G1 X31.248 Y7.016 E1360.318
G1 X24.428 Y7.016 E1360.63557
G1 X24.428 Y112.232 E1365.53487
G1 X69.28 Y112.238 E1367.62337
G1 X69.428 Y112.372 E1367.63266
G1 X69.428 Y127.616 E1368.34249
G1 X80.024 Y127.616 E1368.83588
M204 S2000
G0 F9000 X79.745 Y127.337
G0 X77.944 Y126.737
M204 S500
;TYPE:FILL
G1 F3600 X79.144 Y122.26 E1369.05171
M204 S2000
G0 F9000 X79.144 Y121.21
M204 S500
G1 F3600 X78.478 Y120.544 E1369.09556
G1 X78.65 Y120.544
G1 X70.308 Y122.779 E1369.4977
M204 S2000
G0 F9000 X70.307 Y123.686
M204 S500
G1 F3600 X73.357 Y126.736 E1369.69855
M204 S2000
G0 F9000 X70.308 Y124.325
M204 S500
G1 F3600 X71.321 Y120.544 E1369.88082
M204 S2000
G0 F9000 X70.39 Y120.303
G0 X70.39 Y115.847
G0 X72.645 Y115.604
M204 S500
G1 F3600 X74.03 Y110.435 E1370.13
M204 S2000
G0 F9000 X70.289 Y112.354
M204 S500
G1 F3600 X73.538 Y115.603 E1370.34395
M204 S2000
G0 F9000 X70.309 Y114.497
M204 S500
G1 F3600 X79.143 Y112.13 E1370.76981
M204 S2000
G0 F9000 X69.296 Y111.362
M204 S500
G1 F3600 X64.042 Y106.108 E1371.11579
M204 S2000
G0 F9000 X66.907 Y106.107
M204 S500
G1 F3600 X65.502 Y111.352 E1371.36863
M204 S2000
G0 F9000 X70.148 Y106.258
M204 S500
G1 F3600 X51.136 Y111.352 E1372.28514
M204 S2000
G0 F9000 X48.937 Y111.352
M204 S500
G1 F3600 X50.343 Y106.107 E1372.53799
M204 S2000
G0 F9000 X52.728 Y106.108
M204 S500
G1 F3600 X57.972 Y111.352 E1372.88332
M204 S2000
G0 F9000 X57.219 Y111.353
M204 S500
G1 F3600 X58.625 Y106.107 E1373.13621
M204 S2000
G0 F9000 X46.658 Y111.352
M204 S500
G1 F3600 X41.415 Y106.108 E1373.48151
M204 S2000
G0 F9000 X42.061 Y106.108
M204 S500
G1 F3600 X40.655 Y111.353 E1373.73436
M204 S2000
G0 F9000 X35.345 Y111.352
M204 S500
G1 F3600 X25.308 Y101.315 E1374.39531
M204 S2000
G0 F9000 X25.308 Y101.708
M204 S500
G1 F3600 X30.368 Y100.353 E1374.63923
M204 S2000
G0 F9000 X30.368 Y95.061
M204 S500
G1 F3600 X25.308 Y90.001 E1374.97244
M204 S2000
G0 F9000 X25.309 Y93.426
M204 S500
G1 F3600 X30.367 Y92.071 E1375.21627
M204 S2000
G0 F9000 X30.368 Y87.927
M204 S500
G1 F3600 X25.308 Y106.809 E1376.12651
M204 S2000
G0 F9000 X25.309 Y109.99
M204 S500
G1 F3600 X39.799 Y106.108 E1376.82502
M204 S2000
G0 F9000 X33.778 Y106.108
M204 S500
G1 F3600 X32.373 Y111.353 E1377.07786
M204 S2000
G0 F9000 X30.789 Y106.416
G0 X25.309 Y85.144
M204 S500
G1 F3600 X30.368 Y83.788 E1377.32175
G1 X30.368 Y83.748
G1 X25.308 Y78.688 E1377.65496
M204 S2000
G0 F9000 X25.309 Y76.862
M204 S500
G1 F3600 X30.367 Y75.506 E1377.89879
M204 S2000
G0 F9000 X30.368 Y72.434
M204 S500
G1 F3600 X25.308 Y67.374 E1378.232
M204 S2000
G0 F9000 X25.309 Y68.579
M204 S500
G1 F3600 X30.368 Y67.224 E1378.47588
M204 S2000
G0 F9000 X30.368 Y61.12
M204 S500
G1 F3600 X25.308 Y56.06 E1378.80909
M204 S2000
G0 F9000 X25.309 Y52.015
M204 S500
G1 F3600 X30.367 Y50.66 E1379.05291
M204 S2000
G0 F9000 X30.368 Y49.806
M204 S500
G1 F3600 X25.308 Y44.746 E1379.38612
M204 S2000
G0 F9000 X25.308 Y44.99
M204 S500
G1 F3600 X30.368 Y26.106 E1380.29646
M204 S2000
G0 F9000 X30.368 Y25.813
M204 S500
G1 F3600 X25.308 Y27.169 E1380.54039
M204 S2000
G0 F9000 X25.308 Y22.119
M204 S500
G1 F3600 X30.368 Y27.179 E1380.8736
M204 S2000
G0 F9000 X30.368 Y34.095
M204 S500
G1 F3600 X25.309 Y35.451 E1381.11748
M204 S2000
G0 F9000 X25.308 Y33.433
M204 S500
G1 F3600 X30.368 Y38.493 E1381.45069
M204 S2000
G0 F9000 X30.368 Y42.377
M204 S500
G1 F3600 X25.308 Y43.733 E1381.69462
M204 S2000
G0 F9000 X30.368 Y57.017
M204 S500
G1 F3600 X25.308 Y75.899 E1382.60487
M204 S2000
G0 F9000 X25.308 Y60.297
M204 S500
G1 F3600 X30.368 Y58.942 E1382.84878
M204 S2000
G1 F2400 E1382.04878
G0 F9000 X25.308 Y18.886
M204 S500
G1 F2400 E1382.84878
G1 F3600 X30.368 Y17.531 E1383.0927
M204 S2000
G0 F9000 X30.368 Y15.865
M204 S500
G1 F3600 X25.308 Y10.805 E1383.42591
M204 S2000
G0 F9000 X25.309 Y10.604
M204 S500
G1 F3600 X30.368 Y9.248 E1383.66979
M204 S2000
G0 F9000 X26.965 Y7.895
M204 S500
G1 F3600 X25.308 Y14.081 E1383.96799
M204 S2000
G0 F9000 X25.438 Y14.081
G1 F2400 E1383.16799
;MESH:NONMESH
G0 F300 X25.438 Y14.081 Z3.56
G0 F9000 X30.613 Y105.867
G0 X70.066 Y105.867
G0 X70.228 Y103.816
;TIME_ELAPSED:1551.020938
;LAYER:12
M204 S500
;TYPE:WALL-INNER
;MESH:kapaklar (1).stl
G1 F2400 E1383.96799
G1 F1800 X70.228 Y105.028 E1384.02443
G1 F1769 X70.221 Y105.202 E1384.03268
M204 S2000
G0 F9000 X70.228 Y116.856
M204 S500
G1 F1800 X70.228 Y119.292 E1384.14611
G1 F1764.7 X70.235 Y119.466 E1384.15438
M204 S2000
G0 F9000 X70.228 Y116.856
M204 S500
G1 F1800 X70.427 Y116.255 E1384.18386
G1 X70.843 Y115.932 E1384.20838
G1 X71.228 Y115.856 E1384.22666
G1 X79.224 Y115.856 E1384.59899
G1 X79.224 Y110.356 E1384.85509
G1 X71.228 Y110.356 E1385.22742
G1 X70.968 Y110.322 E1385.23963
G1 X70.757 Y110.239 E1385.25018
G1 X70.45 Y109.985 E1385.26874
G1 X70.313 Y109.762 E1385.28092
G1 X70.228 Y109.356 E1385.30024
G1 X70.228 Y105.694 E1385.47076
G1 F1769 X70.221 Y105.202 E1385.49407
G1 X70.03 Y105.628 E1385.51619
G1 F1800 X69.614 Y105.952 E1385.54074
G1 X69.228 Y106.028 E1385.55906
G1 X31.314 Y106.028 E1387.3245
G1 X31.066 Y105.953 E1387.33656
G1 X30.762 Y105.757 E1387.3534
G1 X30.537 Y105.441 E1387.37147
G1 X30.448 Y105.028 E1387.39114
G1 X30.448 Y7.816 E1391.91774
G1 X25.228 Y7.816 E1392.1608
G1 X25.228 Y111.432 E1396.9856
G1 X69.228 Y111.432 E1399.03442
G1 X69.488 Y111.466 E1399.04663
G1 X69.844 Y111.643 E1399.06514
G1 X70.006 Y111.803 E1399.07574
G1 X70.143 Y112.026 E1399.08793
G1 X70.228 Y112.432 E1399.10725
G1 X70.228 Y116.856 E1399.31325
M204 S2000
G0 F9000 X70.39 Y120.131
G0 X79.224 Y126.816
M204 S500
G1 F1800 X79.224 Y120.292 E1399.61703
G1 X71.228 Y120.292 E1399.98936
G1 X70.842 Y120.216 E1400.00768
G1 X70.427 Y119.891 E1400.03222
G1 F1764.7 X70.235 Y119.466 E1400.05437
G1 X70.227 Y119.958 E1400.07774
G1 F1800 X70.228 Y126.816 E1400.39708
G1 X79.224 Y126.816 E1400.81597
M204 S2000
G0 F9000 X79.624 Y127.216
M204 S500
G1 F1800 X79.624 Y119.892 E1401.15701
G1 X71.228 Y119.892 E1401.54796
G1 X70.996 Y119.846 E1401.55897
G1 X70.747 Y119.652 E1401.57367
G1 X70.628 Y119.378 E1401.58758
G1 X70.628 Y116.856 E1401.70502
G1 X70.747 Y116.495 E1401.72272
G1 X70.997 Y116.302 E1401.73742
G1 X71.228 Y116.256 E1401.74839
G1 X79.624 Y116.256 E1402.13934
G1 X79.624 Y109.956 E1402.4327
G1 X71.228 Y109.956 E1402.82365
G1 X70.945 Y109.886 E1402.83723
G1 X70.761 Y109.734 E1402.84834
G1 X70.679 Y109.6 E1402.85565
G1 X70.628 Y109.356 E1402.86726
G1 X70.628 Y103.416 E1403.14385
G1 X69.828 Y103.416 E1403.1811
G1 X69.828 Y105.113 E1403.26012
G1 X69.71 Y105.388 E1403.27406
G1 X69.46 Y105.582 E1403.28879
G1 X69.228 Y105.628 E1403.2998
G1 X31.366 Y105.628 E1405.06282
G1 X31.036 Y105.465 E1405.07996
G1 X30.901 Y105.276 E1405.09077
G1 X30.848 Y105.118 E1405.09853
G1 X30.848 Y7.416 E1409.64795
G1 X24.828 Y7.416 E1409.92826
G1 X24.828 Y111.832 E1414.79031
G1 X69.228 Y111.832 E1416.85776
G1 X69.511 Y111.902 E1416.87133
G1 X69.695 Y112.054 E1416.88245
G1 X69.777 Y112.188 E1416.88976
G1 X69.828 Y112.432 E1416.90137
G1 X69.828 Y127.216 E1417.58977
G1 X79.624 Y127.216 E1418.04592
M204 S2000
G0 F9000 X80.024 Y127.616
M204 S500
;TYPE:WALL-OUTER
G1 F1800 X80.024 Y119.492 E1418.4242
G1 X71.169 Y119.492 E1418.83653
G1 X71.067 Y119.412 E1418.84257
G1 X71.03 Y119.327 E1418.84688
G1 X71.028 Y116.856 E1418.96194
G1 X71.067 Y116.735 E1418.96786
G1 X71.171 Y116.656 E1418.97394
G1 X80.024 Y116.656 E1419.38618
G1 X80.024 Y109.556 E1419.71678
G1 X71.176 Y109.55 E1420.12878
G1 X71.028 Y109.416 E1420.13808
G1 X71.028 Y103.016 E1420.43609
G1 X69.428 Y103.016 E1420.51059
G1 X69.426 Y105.063 E1420.60591
G1 X69.389 Y105.148 E1420.61023
G1 X69.287 Y105.228 E1420.61626
G1 X31.408 Y105.225 E1422.38007
G1 X31.286 Y105.146 E1422.38684
G1 X31.252 Y105.071 E1422.39067
G1 X31.248 Y7.016 E1426.95652
G1 X24.428 Y7.016 E1427.27409
G1 X24.428 Y112.232 E1432.17339
G1 X69.28 Y112.238 E1434.26188
G1 X69.428 Y112.372 E1434.27118
G1 X69.428 Y127.616 E1434.98101
G1 X80.024 Y127.616 E1435.4744
M204 S2000
G0 F9000 X79.745 Y127.337
G0 X77.739 Y126.737
M204 S500
;TYPE:FILL
G1 F3600 X79.144 Y121.493 E1435.72719
M204 S2000
G0 F9000 X79.144 Y120.929
M204 S500
G1 F3600 X78.586 Y120.372 E1435.76391
M204 S2000
G0 F9000 X79.144 Y120.617
M204 S500
G1 F3600 X70.308 Y122.984 E1436.18985
M204 S2000
G0 F9000 X70.307 Y123.406
M204 S500
G1 F3600 X73.637 Y126.736 E1436.40914
M204 S2000
G0 F9000 X70.307 Y123.562
M204 S500
G1 F3600 X71.166 Y120.356 E1436.56369
M204 S2000
G0 F9000 X70.39 Y120.131
G0 X70.39 Y116.02
G0 X72.394 Y115.777
M204 S500
G1 F3600 X73.825 Y110.435 E1436.82121
M204 S2000
G0 F9000 X70.213 Y111.999
M204 S500
G1 F3600 X73.99 Y115.776 E1437.06993
M204 S2000
G0 F9000 X70.309 Y114.702
M204 S500
G1 F3600 X79.143 Y112.335 E1437.49579
M204 S2000
G0 F9000 X69.666 Y111.452
M204 S500
G1 F3600 X64.322 Y106.108 E1437.8477
M204 S2000
G0 F9000 X66.702 Y106.107
M204 S500
G1 F3600 X65.297 Y111.352 E1438.10054
M204 S2000
G0 F9000 X70.148 Y106.463
M204 S500
G1 F3600 X51.902 Y111.352 E1438.98012
M204 S2000
G0 F9000 X48.732 Y111.352
M204 S500
G1 F3600 X50.138 Y106.107 E1439.23297
M204 S2000
G0 F9000 X53.008 Y106.108
M204 S500
G1 F3600 X58.252 Y111.352 E1439.5783
M204 S2000
G0 F9000 X57.015 Y111.353
M204 S500
G1 F3600 X58.42 Y106.108 E1439.83114
M204 S2000
G0 F9000 X46.938 Y111.352
M204 S500
G1 F3600 X41.695 Y106.108 E1440.17643
G1 X41.856 Y106.108
G1 X40.45 Y111.353 E1440.42928
M204 S2000
G0 F9000 X35.625 Y111.352
M204 S500
G1 F3600 X25.308 Y101.035 E1441.10868
M204 S2000
G0 F9000 X25.308 Y101.913
M204 S500
G1 F3600 X30.368 Y100.558 E1441.35259
M204 S2000
G0 F9000 X30.368 Y94.781
M204 S500
G1 F3600 X25.308 Y89.721 E1441.6858
M204 S2000
G0 F9000 X25.309 Y93.631
M204 S500
G1 F3600 X30.367 Y92.276 E1441.92963
M204 S2000
G0 F9000 X30.368 Y87.162
M204 S500
G1 F3600 X25.308 Y106.044 E1442.83988
M204 S2000
G0 F9000 X25.309 Y110.195
M204 S500
G1 F3600 X40.564 Y106.108 E1443.57526
M204 S2000
G0 F9000 X33.573 Y106.108
M204 S500
G1 F3600 X32.168 Y111.353 E1443.8281
M204 S2000
G0 F9000 X30.908 Y106.91
G0 X25.308 Y85.349
M204 S500
G1 F3600 X30.368 Y83.993 E1444.07203
M204 S2000
G0 F9000 X30.368 Y83.468
M204 S500
G1 F3600 X25.308 Y78.408 E1444.40524
M204 S2000
G0 F9000 X25.309 Y77.067
M204 S500
G1 F3600 X30.367 Y75.711 E1444.64908
M204 S2000
G0 F9000 X30.368 Y72.154
M204 S500
G1 F3600 X25.308 Y67.094 E1444.98229
M204 S2000
G0 F9000 X25.309 Y68.784
M204 S500
G1 F3600 X30.368 Y67.429 E1445.22616
M204 S2000
G0 F9000 X30.368 Y60.84
M204 S500
G1 F3600 X25.308 Y55.78 E1445.55937
M204 S2000
G0 F9000 X25.309 Y52.22
M204 S500
G1 F3600 X30.367 Y50.864 E1445.80321
M204 S2000
G0 F9000 X30.368 Y49.526
M204 S500
G1 F3600 X25.308 Y44.466 E1446.13642
M204 S2000
G0 F9000 X25.308 Y44.225
M204 S500
G1 F3600 X30.368 Y25.341 E1447.04676
M204 S2000
G0 F9000 X30.368 Y26.018
M204 S500
G1 F3600 X25.308 Y27.374 E1447.29069
M204 S2000
G0 F9000 X30.368 Y26.899
M204 S500
G1 F3600 X25.308 Y21.839 E1447.6239
M204 S2000
G0 F9000 X25.309 Y19.091
M204 S500
G1 F3600 X30.368 Y17.735 E1447.86778
M204 S2000
G0 F9000 X30.368 Y15.585
M204 S500
G1 F3600 X25.308 Y10.525 E1448.20099
M204 S2000
G0 F9000 X25.309 Y10.809
M204 S500
G1 F3600 X30.367 Y9.453 E1448.44483
M204 S2000
G0 F9000 X26.76 Y7.895
M204 S500
G1 F3600 X25.308 Y13.316 E1448.70615
M204 S2000
G0 F9000 X25.308 Y33.153
M204 S500
G1 F3600 X30.368 Y38.213 E1449.03936
M204 S2000
G0 F9000 X30.368 Y34.3
M204 S500
G1 F3600 X25.309 Y35.656 E1449.28324
M204 S2000
G0 F9000 X25.308 Y43.938
M204 S500
G1 F3600 X30.368 Y42.582 E1449.52717
M204 S2000
G0 F9000 X30.368 Y56.251
M204 S500
G1 F3600 X25.308 Y75.134 E1450.43746
M204 S2000
G0 F9000 X25.308 Y60.502
M204 S500
G1 F3600 X30.368 Y59.147 E1450.68138
M204 S2000
G0 F9000 X30.241 Y59.147
G1 F2400 E1449.88138
;MESH:NONMESH
G0 F300 X30.241 Y59.147 Z3.84
G0 F9000 X30.613 Y105.867
G0 X70.066 Y105.867
G0 X70.228 Y103.816
;TIME_ELAPSED:1607.622368
;LAYER:13
M204 S500
;TYPE:WALL-INNER
;MESH:kapaklar (1).stl
G1 F2400 E1450.68138
G1 F1800 X70.228 Y105.028 E1450.73782
G1 F1769 X70.221 Y105.202 E1450.74607
M204 S2000
G0 F9000 X70.228 Y117.148
M204 S500
G1 F1800 X70.228 Y119 E1450.8323
G1 F1764.7 X70.235 Y119.174 E1450.84057
M204 S2000
G0 F9000 X70.228 Y117.148
M204 S500
G1 F1800 X70.427 Y116.547 E1450.87005
G1 X70.843 Y116.224 E1450.89458
G1 X71.228 Y116.148 E1450.91285
G1 X79.224 Y116.148 E1451.28518
G1 X79.224 Y110.356 E1451.55488
G1 X71.228 Y110.356 E1451.92721
G1 X70.968 Y110.322 E1451.93942
G1 X70.757 Y110.239 E1451.94997
G1 X70.45 Y109.985 E1451.96853
G1 X70.313 Y109.762 E1451.98071
G1 X70.228 Y109.356 E1452.00003
G1 X70.228 Y105.694 E1452.17055
G1 F1769 X70.221 Y105.202 E1452.19386
G1 X70.03 Y105.628 E1452.21598
G1 F1800 X69.614 Y105.952 E1452.24053
G1 X69.228 Y106.028 E1452.25885
G1 X34.064 Y106.028 E1453.89623
G1 X33.644 Y105.841 E1453.91764
G1 X33.394 Y105.582 E1453.9344
G1 X33.268 Y105.312 E1453.94828
G1 X33.228 Y105.125 E1453.95718
G1 X33.228 Y7.816 E1458.4883
G1 X25.228 Y7.816 E1458.86081
G1 X25.228 Y111.432 E1463.6856
G1 X69.228 Y111.432 E1465.73443
G1 X69.488 Y111.466 E1465.74664
G1 X69.844 Y111.643 E1465.76515
G1 X70.006 Y111.803 E1465.77575
G1 X70.143 Y112.026 E1465.78794
G1 X70.228 Y112.432 E1465.80726
G1 X70.228 Y117.148 E1466.02685
M204 S2000
G0 F9000 X70.39 Y119.838
G0 X79.224 Y126.816
M204 S500
G1 F1800 X79.224 Y120 E1466.34423
G1 X71.228 Y120 E1466.71656
G1 X70.842 Y119.924 E1466.73488
G1 X70.427 Y119.599 E1466.75942
G1 F1764.7 X70.235 Y119.174 E1466.78157
G1 X70.227 Y119.666 E1466.80495
G1 F1800 X70.228 Y126.816 E1467.13788
G1 X79.224 Y126.816 E1467.55677
M204 S2000
G0 F9000 X79.624 Y127.216
M204 S500
G1 F1800 X79.624 Y119.6 E1467.9114
G1 X71.228 Y119.6 E1468.30236
G1 X70.996 Y119.554 E1468.31337
G1 X70.747 Y119.36 E1468.32807
G1 X70.628 Y119.086 E1468.34198
G1 X70.628 Y117.148 E1468.43222
G1 X70.747 Y116.787 E1468.44992
G1 X70.997 Y116.594 E1468.46463
G1 X71.228 Y116.548 E1468.47559
G1 X79.624 Y116.548 E1468.86655
G1 X79.624 Y109.956 E1469.1735
G1 X71.228 Y109.956 E1469.56445
G1 X70.945 Y109.886 E1469.57802
G1 X70.761 Y109.734 E1469.58914
G1 X70.679 Y109.6 E1469.59645
G1 X70.628 Y109.356 E1469.60806
G1 X70.628 Y103.416 E1469.88465
G1 X69.828 Y103.416 E1469.9219
G1 X69.828 Y105.113 E1470.00092
G1 X69.71 Y105.388 E1470.01486
G1 X69.46 Y105.582 E1470.02959
G1 X69.228 Y105.628 E1470.0406
G1 X34.14 Y105.628 E1471.67445
G1 X33.981 Y105.576 E1471.68224
G1 X33.793 Y105.442 E1471.69299
G1 X33.681 Y105.277 E1471.70227
G1 X33.634 Y105.115 E1471.71013
G1 X33.628 Y7.416 E1476.2594
G1 X24.828 Y7.416 E1476.66917
G1 X24.828 Y111.832 E1481.53121
G1 X69.228 Y111.832 E1483.59866
G1 X69.511 Y111.902 E1483.61224
G1 X69.695 Y112.054 E1483.62335
G1 X69.777 Y112.188 E1483.63067
G1 X69.828 Y112.432 E1483.64227
G1 X69.828 Y127.216 E1484.33068
G1 X79.624 Y127.216 E1484.78682
M204 S2000
G0 F9000 X80.024 Y127.616
M204 S500
;TYPE:WALL-OUTER
G1 F1800 X80.024 Y119.2 E1485.17871
G1 X71.169 Y119.2 E1485.59103
G1 X71.067 Y119.12 E1485.59707
G1 X71.03 Y119.035 E1485.60139
G1 X71.028 Y117.148 E1485.68925
G1 X71.067 Y117.027 E1485.69517
G1 X71.171 Y116.948 E1485.70125
G1 X80.024 Y116.948 E1486.11349
G1 X80.024 Y109.556 E1486.45769
G1 X71.176 Y109.55 E1486.86969
G1 X71.028 Y109.416 E1486.87899
G1 X71.028 Y103.016 E1487.177
G1 X69.428 Y103.016 E1487.2515
G1 X69.426 Y105.063 E1487.34682
G1 X69.389 Y105.148 E1487.35113
G1 X69.287 Y105.228 E1487.35717
G1 X34.185 Y105.224 E1488.99166
G1 X34.03 Y105.093 E1489.00111
G1 X34.028 Y7.016 E1493.56799
G1 X24.428 Y7.016 E1494.01501
G1 X24.428 Y112.232 E1498.9143
G1 X69.28 Y112.238 E1501.0028
G1 X69.428 Y112.372 E1501.0121
G1 X69.428 Y127.616 E1501.72192
G1 X80.024 Y127.616 E1502.21532
M204 S2000
G0 F9000 X79.745 Y127.337
G0 X79.024 Y126.2
M204 S500
;TYPE:FILL
G1 F3600 X77.754 Y125.917 E1502.2759
G1 X77.731 Y126
G1 X77.534 Y126.737 E1502.31143
M204 S2000
G0 F9000 X77.962 Y125.144
M204 S500
G1 F3600 X79.024 Y125.381 E1502.36209
M204 S2000
G0 F9000 X79.024 Y124.971
M204 S500
G1 F3600 X78.066 Y124.757 E1502.4078
M204 S2000
G0 F9000 X78.169 Y124.371
M204 S500
G1 F3600 X79.024 Y124.561 E1502.44859
M204 S2000
G0 F9000 X78.803 Y122
M204 S500
G1 F3600 X77.731 Y126 E1502.64141
G1 X73.182 Y126 E1502.85324
G1 X70.307 Y123.126 E1503.04253
G1 X70.308 Y123.189
G1 X70.8 Y123.058 E1503.06623
G1 X70.8 Y120.957 E1503.16407
G1 X70.308 Y122.796 E1503.25271
M204 S2000
G0 F9000 X70.8 Y123.058
M204 S500
G1 F3600 X74.748 Y122 E1503.44303
M204 S2000
G0 F9000 X76.241 Y121.6
M204 S500
G1 F3600 X74.748 Y122 E1503.515
G1 X78.803 Y122 E1503.70382
G1 X78.91 Y121.6 E1503.7231
G1 X76.241 Y121.6 E1503.84738
G1 X79.143 Y120.822 E1503.98728
G1 X79.144 Y120.729
G1 X78.91 Y121.6 E1504.02928
M204 S2000
G0 F9000 X79.144 Y120.65
M204 S500
G1 F3600 X78.574 Y120.08 E1504.06681
M204 S2000
G0 F9000 X70.39 Y119.838
G0 X70.39 Y116.312
G0 X78.4 Y115.948
M204 S500
G1 F3600 X78.4 Y112.739 E1504.21624
M204 S2000
G0 F9000 X79.024 Y112.47
M204 S500
G1 F3600 X73.077 Y112.465 E1504.49315
M204 S2000
G0 F9000 X73.2 Y112.001
M204 S500
G1 F3600 X73.2 Y110.556 E1504.56044
M204 S2000
G0 F9000 X72.8 Y110.556
M204 S500
G1 F3600 X72.8 Y113.494 E1504.69725
M204 S2000
G0 F9000 X72 Y113.504
M204 S500
G1 F3600 X72 Y110.556 E1504.83452
M204 S2000
G0 F9000 X71.6 Y110.556
M204 S500
G1 F3600 X71.6 Y113.104 E1504.95316
M204 S2000
G0 F9000 X70.8 Y112.306
M204 S500
G1 F3600 X74.562 Y116.067 E1505.20086
M204 S2000
G0 F9000 X72.11 Y116.068
M204 S500
G1 F3600 X73.62 Y110.436 E1505.47238
M204 S2000
G0 F9000 X73.399 Y111.265
M204 S500
G1 F3600 X79.024 Y111.27 E1505.7343
M204 S2000
G0 F9000 X79.024 Y111.67
M204 S500
G1 F3600 X73.291 Y111.665 E1506.00125
M204 S2000
G0 F9000 X70.8 Y112.304
M204 S500
G1 F3600 X70.8 Y110.469 E1506.0867
M204 S2000
G0 F9000 X69.6 Y111.104
M204 S500
G1 F3600 X70.8 Y112.306 E1506.16578
G1 X70.8 Y114.776 E1506.2808
G1 X70.308 Y114.907 E1506.30451
M204 S2000
G0 F9000 X70.8 Y114.776
M204 S500
G1 F3600 X79.143 Y112.54 E1506.7067
M204 S2000
G0 F9000 X70.8 Y114.775
M204 S500
G1 F3600 X70.8 Y116.033 E1506.76528
M204 S2000
G0 F9000 X70.39 Y116.312
G0 X70.39 Y119.838
G0 X71.046 Y120.04
M204 S500
G1 F3600 X70.8 Y120.957 E1506.80949
M204 S2000
G0 F9000 X70.909 Y123.729
M204 S500
G1 F3600 X70.912 Y126.615 E1506.94387
M204 S2000
G0 F9000 X71.312 Y126.615
M204 S500
G1 F3600 X71.31 Y124.13 E1507.05958
M204 S2000
G0 F9000 X71.71 Y124.531
M204 S500
G1 F3600 X71.712 Y126.616 E1507.15667
M204 S2000
G0 F9000 X72.512 Y126.616
M204 S500
G1 F3600 X72.511 Y125.331 E1507.21651
M204 S2000
G0 F9000 X72.911 Y125.732
M204 S500
G1 F3600 X72.912 Y126.616 E1507.25767
M204 S2000
G0 F9000 X73.182 Y126
M204 S500
G1 F3600 X73.917 Y126.736 E1507.3061
M204 S2000
G0 F9000 X70.39 Y119.838
G0 X70.066 Y111.597
G0 X69.294 Y110.8
M204 S500
G1 F3600 X64.603 Y106.108 E1507.61505
M204 S2000
G0 F9000 X66.497 Y106.107
M204 S500
G1 F3600 X65.239 Y110.8 E1507.84129
G1 X57.981 Y110.8 E1508.17925
G1 X53.289 Y106.108 E1508.48823
M204 S2000
G0 F9000 X49.933 Y106.108
M204 S500
G1 F3600 X48.676 Y110.8 E1508.71441
G1 X48.652 Y110.886
G1 X48.527 Y111.352 E1508.73688
M204 S2000
G0 F9000 X47.218 Y111.352
M204 S500
G1 F3600 X46.749 Y110.883 E1508.76776
G1 X46.666 Y110.8
G1 X46.749 Y110.883 E1508.77323
G1 X48.652 Y110.886 E1508.86184
G1 X48.676 Y110.8 E1508.86599
G1 X54.728 Y110.8 E1509.1478
G1 X52.667 Y111.352 E1509.24715
M204 S2000
G0 F9000 X54.728 Y110.8
M204 S500
G1 F3600 X69.6 Y106.814 E1509.9641
G1 X69.6 Y111.104 E1510.16386
G1 X69.294 Y110.8 E1510.18394
G1 X65.24 Y110.8 E1510.37271
G1 X65.092 Y111.352 E1510.39932
M204 S2000
G0 F9000 X65.239 Y110.8
G0 X69.6 Y106.814
M204 S500
G1 F3600 X70.148 Y106.668 E1510.42573
M204 S2000
G0 F9000 X58.215 Y106.108
M204 S500
G1 F3600 X56.81 Y111.353 E1510.67857
M204 S2000
G0 F9000 X56.4 Y111.232
M204 S500
G1 F3600 X56.4 Y110.351 E1510.71959
M204 S2000
G0 F9000 X57.6 Y110.421
M204 S500
G1 F3600 X57.6 Y111.232 E1510.75736
M204 S2000
G0 F9000 X57.981 Y110.8
M204 S500
G1 F3600 X58.532 Y111.352 E1510.79368
M204 S2000
G0 F9000 X41.976 Y106.109
M204 S500
G1 F3600 X46.666 Y110.8 E1511.10255
G1 X40.393 Y110.8 E1511.39465
G1 X41.65 Y106.108 E1511.62083
M204 S2000
G0 F9000 X41.326 Y106.109
M204 S500
G1 F3600 X26 Y110.215 E1512.35964
M204 S2000
G0 F9000 X25.309 Y110.4
M204 S500
G1 F3600 X26 Y110.215 E1512.39295
G1 X26 Y102.694 E1512.74316
G1 X25.308 Y105.279 E1512.86777
M204 S2000
G0 F9000 X26 Y102.694
M204 S500
G1 F3600 X30.371 Y86.385 E1513.65399
M204 S2000
G0 F9000 X30.151 Y86.385
G0 X30.151 Y84.197
G0 X30.371 Y84.197
M204 S500
G1 F3600 X26 Y85.368 E1513.8647
G1 X26 Y90.132 E1514.08653
G1 X30.371 Y94.504 E1514.3744
M204 S2000
G0 F9000 X30.151 Y94.504
G0 X30.151 Y92.48
G0 X30.37 Y92.48
M204 S500
G1 F3600 X26 Y93.651 E1514.58506
G1 X26 Y101.446 E1514.94803
G1 X30.371 Y105.818 E1515.2359
M204 S2000
G0 F9000 X30.662 Y106.109
M204 S500
G1 F3600 X35.354 Y110.8 E1515.54484
G1 X40.392 Y110.8 E1515.77943
G1 X40.245 Y111.352 E1515.80603
M204 S2000
G0 F9000 X35.905 Y111.352
M204 S500
G1 F3600 X35.352 Y110.8 E1515.84242
G1 X32.112 Y110.8 E1515.99329
G1 X31.963 Y111.353 E1516.01995
M204 S2000
G0 F9000 X32.11 Y110.8
M204 S500
G1 F3600 X25.428 Y110.8 E1516.3311
M204 S2000
G0 F9000 X32.112 Y110.8
M204 S500
G1 F3600 X33.368 Y106.109 E1516.55722
M204 S2000
G0 F9000 X33.368 Y106.329
G0 X35.352 Y110.8
G0 X30.223 Y106.257
G0 X30.151 Y100.762
G0 X30.37 Y100.762
M204 S500
G1 F3600 X25.309 Y102.118 E1516.8012
M204 S2000
G0 F9000 X26 Y101.446
M204 S500
G1 F3600 X25.308 Y100.755 E1516.84673
M204 S2000
G0 F9000 X25.309 Y93.836
M204 S500
G1 F3600 X26 Y93.651 E1516.88004
G1 X26 Y90.134 E1517.04381
G1 X25.308 Y89.441 E1517.08941
M204 S2000
G0 F9000 X26 Y90.132
G0 X26 Y93.651
G0 X25.308 Y85.554
M204 S500
G1 F3600 X26 Y85.369 E1517.12276
G1 X26 Y78.821 E1517.42767
G1 X25.308 Y78.128 E1517.47327
M204 S2000
G0 F9000 X25.309 Y77.272
M204 S500
G1 F3600 X26 Y77.087 E1517.50658
G1 X26 Y71.785 E1517.75346
G1 X25.308 Y74.369 E1517.87802
M204 S2000
G0 F9000 X26 Y71.786
G0 X25.309 Y68.989
M204 S500
G1 F3600 X26 Y68.804 E1517.91133
G1 X26 Y67.507 E1517.97173
G1 X25.308 Y66.814 E1518.01733
M204 S2000
G0 F9000 X26 Y67.505
G0 X26 Y68.804
G0 X30.151 Y67.633
G0 X30.371 Y67.633
M204 S500
G1 F3600 X26 Y68.804 E1518.22804
G1 X26 Y71.786 E1518.36689
G1 X30.371 Y55.475 E1519.1532
M204 S2000
G0 F9000 X30.151 Y55.475
G0 X30.151 Y59.351
G0 X30.37 Y59.351
M204 S500
G1 F3600 X26 Y60.522 E1519.36386
G1 X26 Y67.505 E1519.68902
G1 X30.371 Y71.877 E1519.97689
M204 S2000
G0 F9000 X30.151 Y71.877
G0 X30.151 Y75.915
G0 X30.37 Y75.915
M204 S500
G1 F3600 X26 Y77.087 E1520.18757
G1 X26 Y78.818 E1520.26817
G1 X30.371 Y83.19 E1520.55604
M204 S2000
G0 F9000 X30.151 Y83.19
G0 X26 Y85.368
G0 X26 Y78.821
G0 X26 Y77.087
G0 X25.309 Y60.707
M204 S500
G1 F3600 X26 Y60.522 E1520.58935
G1 X26 Y56.193 E1520.79093
G1 X25.308 Y55.5 E1520.83653
M204 S2000
G0 F9000 X26 Y56.191
G0 X25.309 Y52.425
M204 S500
G1 F3600 X26 Y52.24 E1520.86984
G1 X26 Y44.879 E1521.2126
G1 X25.308 Y44.186 E1521.2582
G1 X25.308 Y44.143
G1 X26 Y43.958 E1521.29155
G1 X26 Y40.876 E1521.43506
G1 X25.308 Y43.46 E1521.55963
M204 S2000
G0 F9000 X26 Y43.958
M204 S500
G1 F3600 X30.37 Y42.787 E1521.77029
M204 S2000
G0 F9000 X30.151 Y42.787
G0 X26 Y40.877
G0 X26 Y44.879
M204 S500
G1 F3600 X30.371 Y49.249 E1522.05809
M204 S2000
G0 F9000 X30.151 Y49.249
G0 X30.151 Y51.069
G0 X30.37 Y51.069
M204 S500
G1 F3600 X26 Y52.24 E1522.26876
G1 X26 Y56.191 E1522.45273
G1 X30.371 Y60.563 E1522.74061
M204 S2000
G0 F9000 X30.151 Y60.563
G0 X26 Y60.522
G0 X26 Y52.24
G0 X30.151 Y37.936
G0 X30.371 Y37.936
M204 S500
G1 F3600 X26 Y33.564 E1523.02848
G1 X26 Y27.392 E1523.31587
G1 X30.371 Y26.222 E1523.52657
M204 S2000
G0 F9000 X30.371 Y26.622
M204 S500
G1 F3600 X26 Y22.25 E1523.81444
G1 X26 Y19.111 E1523.9606
G1 X30.37 Y17.94 E1524.17127
M204 S2000
G0 F9000 X30.151 Y17.94
G0 X30.151 Y15.308
G0 X30.371 Y15.308
M204 S500
G1 F3600 X26 Y10.938 E1524.45907
M204 S2000
G0 F9000 X25.308 Y11.014
M204 S500
G1 F3600 X30.37 Y9.658 E1524.70309
M204 S2000
G0 F9000 X30.151 Y9.658
G0 X30.151 Y8.4
G0 X30.251 Y8.4
M204 S500
G1 F3600 X26.421 Y8.4 E1524.88143
G1 X26.42 Y8.4
G1 X25.428 Y8.4 E1524.92762
M204 S2000
G0 F9000 X25.428 Y8.8
M204 S500
G1 F3600 X26.313 Y8.8 E1524.96883
M204 S2000
G0 F9000 X26.555 Y7.896
M204 S500
G1 F3600 X25.308 Y12.552 E1525.19328
M204 S2000
G0 F9000 X25.308 Y10.245
M204 S500
G1 F3600 X26 Y10.938 E1525.23888
G1 X26 Y19.111 E1525.61945
G1 X25.309 Y19.296 E1525.65276
M204 S2000
G0 F9000 X26 Y19.111
G0 X25.308 Y21.559
M204 S500
G1 F3600 X26 Y22.252 E1525.69836
G1 X26 Y27.393 E1525.93775
G1 X25.308 Y27.578 E1525.9711
M204 S2000
G0 F9000 X26 Y27.393
G0 X26 Y22.252
G0 X30.151 Y24.565
G0 X30.371 Y24.565
M204 S500
G1 F3600 X26 Y40.877 E1526.75745
G1 X26 Y35.676 E1526.99963
G1 X30.37 Y34.504 E1527.21031
M204 S2000
G0 F9000 X30.151 Y34.504
G0 X26 Y33.566
G0 X25.308 Y32.873
M204 S500
G1 F3600 X26 Y33.566 E1527.25591
G1 X26 Y35.676 E1527.35416
G1 X25.309 Y35.861 E1527.38747
M204 S2000
G0 F9000 X26 Y35.676
G1 F2400 E1526.58747
G0 F9000 X30.223 Y106.257
G0 X34.256 Y106.257
G0 X33.53 Y105.856
G0 X33.38 Y106.067
M204 S500
;TYPE:SKIN
G1 F2400 E1527.38747
G1 F1800 X30.408 Y106.068 E1527.52586
G1 X30.408 Y8.176 E1532.08412
G1 X32.868 Y8.176 E1532.19867
G1 X32.868 Y105.181 E1536.71563
G1 X32.989 Y105.594 E1536.73567
G1 X33.217 Y105.936 E1536.75481
G1 X33.38 Y106.067 E1536.76454
M204 S2000
G0 F9000 X32.856 Y105.737
M204 S500
G1 F1800 X32.725 Y105.868 E1536.77317
M204 S2000
G0 F9000 X32.702 Y105.326
M204 S500
G1 F1800 X32.159 Y105.868 E1536.8089
M204 S2000
G0 F9000 X31.594 Y105.868
M204 S500
G1 F1800 X32.668 Y104.794 E1536.87962
M204 S2000
G0 F9000 X32.668 Y104.228
M204 S500
G1 F1800 X31.028 Y105.868 E1536.98762
M204 S2000
G0 F9000 X30.608 Y105.722
M204 S500
G1 F1800 X32.668 Y103.663 E1537.12324
M204 S2000
G0 F9000 X32.668 Y103.097
M204 S500
G1 F1800 X30.608 Y105.157 E1537.25889
M204 S2000
G0 F9000 X30.608 Y104.591
M204 S500
G1 F1800 X32.668 Y102.531 E1537.39455
M204 S2000
G0 F9000 X32.668 Y101.966
M204 S500
G1 F1800 X30.608 Y104.025 E1537.53017
M204 S2000
G0 F9000 X30.608 Y103.46
M204 S500
G1 F1800 X32.668 Y101.4 E1537.66582
M204 S2000
G0 F9000 X32.668 Y100.834
M204 S500
G1 F1800 X30.608 Y102.894 E1537.80148
M204 S2000
G0 F9000 X30.608 Y102.328
M204 S500
G1 F1800 X32.668 Y100.268 E1537.93713
M204 S2000
G0 F9000 X32.668 Y99.703
M204 S500
G1 F1800 X30.608 Y101.763 E1538.07279
M204 S2000
G0 F9000 X30.608 Y101.197
M204 S500
G1 F1800 X32.668 Y99.137 E1538.20844
M204 S2000
G0 F9000 X32.668 Y98.571
M204 S500
G1 F1800 X30.608 Y100.631 E1538.3441
M204 S2000
G0 F9000 X30.608 Y100.066
M204 S500
G1 F1800 X32.668 Y98.006 E1538.47975
M204 S2000
G0 F9000 X32.668 Y97.44
M204 S500
G1 F1800 X30.608 Y99.5 E1538.61541
M204 S2000
G0 F9000 X30.608 Y98.934
M204 S500
G1 F1800 X32.668 Y96.874 E1538.75106
M204 S2000
G0 F9000 X32.668 Y96.309
M204 S500
G1 F1800 X30.608 Y98.368 E1538.88668
M204 S2000
G0 F9000 X30.608 Y97.803
M204 S500
G1 F1800 X32.668 Y95.743 E1539.02234
M204 S2000
G0 F9000 X32.668 Y95.177
M204 S500
G1 F1800 X30.608 Y97.237 E1539.15799
M204 S2000
G0 F9000 X30.608 Y96.671
M204 S500
G1 F1800 X32.668 Y94.612 E1539.29361
M204 S2000
G0 F9000 X32.668 Y94.046
M204 S500
G1 F1800 X30.608 Y96.106 E1539.42927
M204 S2000
G0 F9000 X30.608 Y95.54
M204 S500
G1 F1800 X32.668 Y93.48 E1539.56492
M204 S2000
G0 F9000 X32.668 Y92.915
M204 S500
G1 F1800 X30.608 Y94.974 E1539.70054
M204 S2000
G0 F9000 X30.608 Y94.409
M204 S500
G1 F1800 X32.668 Y92.349 E1539.8362
M204 S2000
G0 F9000 X32.668 Y91.783
M204 S500
G1 F1800 X30.608 Y93.843 E1539.97185
M204 S2000
G0 F9000 X30.608 Y93.277
M204 S500
G1 F1800 X32.668 Y91.217 E1540.10751
M204 S2000
G0 F9000 X32.668 Y90.652
M204 S500
G1 F1800 X30.608 Y92.712 E1540.24316
M204 S2000
G0 F9000 X30.608 Y92.146
M204 S500
G1 F1800 X32.668 Y90.086 E1540.37882
M204 S2000
G0 F9000 X32.668 Y89.52
M204 S500
G1 F1800 X30.608 Y91.58 E1540.51447
M204 S2000
G0 F9000 X30.608 Y91.015
M204 S500
G1 F1800 X32.668 Y88.955 E1540.65012
M204 S2000
G0 F9000 X32.668 Y88.389
M204 S500
G1 F1800 X30.608 Y90.449 E1540.78578
M204 S2000
G0 F9000 X30.608 Y89.883
M204 S500
G1 F1800 X32.668 Y87.823 E1540.92143
M204 S2000
G0 F9000 X32.668 Y87.258
M204 S500
G1 F1800 X30.608 Y89.317 E1541.05705
M204 S2000
G0 F9000 X30.608 Y88.752
M204 S500
G1 F1800 X32.668 Y86.692 E1541.19271
M204 S2000
G0 F9000 X32.668 Y86.126
M204 S500
G1 F1800 X30.608 Y88.186 E1541.32836
M204 S2000
G0 F9000 X30.608 Y87.62
M204 S500
G1 F1800 X32.668 Y85.561 E1541.46399
M204 S2000
G0 F9000 X32.668 Y84.995
M204 S500
G1 F1800 X30.608 Y87.055 E1541.59964
M204 S2000
G0 F9000 X30.608 Y86.489
M204 S500
G1 F1800 X32.668 Y84.429 E1541.73529
M204 S2000
G0 F9000 X32.668 Y83.864
M204 S500
G1 F1800 X30.608 Y85.923 E1541.87092
M204 S2000
G0 F9000 X30.608 Y85.358
M204 S500
G1 F1800 X32.668 Y83.298 E1542.00657
M204 S2000
G0 F9000 X32.668 Y82.732
M204 S500
G1 F1800 X30.608 Y84.792 E1542.14223
M204 S2000
G0 F9000 X30.608 Y84.226
M204 S500
G1 F1800 X32.668 Y82.167 E1542.27785
M204 S2000
G0 F9000 X32.668 Y81.601
M204 S500
G1 F1800 X30.608 Y83.661 E1542.4135
M204 S2000
G0 F9000 X30.608 Y83.095
M204 S500
G1 F1800 X32.668 Y81.035 E1542.54916
M204 S2000
G0 F9000 X32.668 Y80.469
M204 S500
G1 F1800 X30.608 Y82.529 E1542.68481
M204 S2000
G0 F9000 X30.608 Y81.964
M204 S500
G1 F1800 X32.668 Y79.904 E1542.82046
M204 S2000
G0 F9000 X32.668 Y79.338
M204 S500
G1 F1800 X30.608 Y81.398 E1542.95612
M204 S2000
G0 F9000 X30.608 Y80.832
M204 S500
G1 F1800 X32.668 Y78.772 E1543.09177
M204 S2000
G0 F9000 X32.668 Y78.207
M204 S500
G1 F1800 X30.608 Y80.267 E1543.22743
M204 S2000
G0 F9000 X30.608 Y79.701
M204 S500
G1 F1800 X32.668 Y77.641 E1543.36308
M204 S2000
G0 F9000 X32.668 Y77.075
M204 S500
G1 F1800 X30.608 Y79.135 E1543.49874
M204 S2000
G0 F9000 X30.608 Y78.569
M204 S500
G1 F1800 X32.668 Y76.51 E1543.63436
M204 S2000
G0 F9000 X32.668 Y75.944
M204 S500
G1 F1800 X30.608 Y78.004 E1543.77001
M204 S2000
G0 F9000 X30.608 Y77.438
M204 S500
G1 F1800 X32.668 Y75.378 E1543.90567
M204 S2000
G0 F9000 X32.668 Y74.813
M204 S500
G1 F1800 X30.608 Y76.872 E1544.04129
M204 S2000
G0 F9000 X30.608 Y76.307
M204 S500
G1 F1800 X32.668 Y74.247 E1544.17694
M204 S2000
G0 F9000 X32.668 Y73.681
M204 S500
G1 F1800 X30.608 Y75.741 E1544.3126
M204 S2000
G0 F9000 X30.608 Y75.175
M204 S500
G1 F1800 X32.668 Y73.116 E1544.44822
M204 S2000
G0 F9000 X32.668 Y72.55
M204 S500
G1 F1800 X30.608 Y74.61 E1544.58387
M204 S2000
G0 F9000 X30.608 Y74.044
M204 S500
G1 F1800 X32.668 Y71.984 E1544.71953
M204 S2000
G0 F9000 X32.668 Y71.418
M204 S500
G1 F1800 X30.608 Y73.478 E1544.85518
M204 S2000
G0 F9000 X30.608 Y72.913
M204 S500
G1 F1800 X32.668 Y70.853 E1544.99084
M204 S2000
G0 F9000 X32.668 Y70.287
M204 S500
G1 F1800 X30.608 Y72.347 E1545.12649
M204 S2000
G0 F9000 X30.608 Y71.781
M204 S500
G1 F1800 X32.668 Y69.721 E1545.26215
M204 S2000
G0 F9000 X32.668 Y69.156
M204 S500
G1 F1800 X30.608 Y71.216 E1545.3978
M204 S2000
G0 F9000 X30.608 Y70.65
M204 S500
G1 F1800 X32.668 Y68.59 E1545.53346
M204 S2000
G0 F9000 X32.668 Y68.024
M204 S500
G1 F1800 X30.608 Y70.084 E1545.66911
M204 S2000
G0 F9000 X30.608 Y69.518
M204 S500
G1 F1800 X32.668 Y67.459 E1545.80473
M204 S2000
G0 F9000 X32.668 Y66.893
M204 S500
G1 F1800 X30.608 Y68.953 E1545.94039
M204 S2000
G0 F9000 X30.608 Y68.387
M204 S500
G1 F1800 X32.668 Y66.327 E1546.07604
M204 S2000
G0 F9000 X32.668 Y65.762
M204 S500
G1 F1800 X30.608 Y67.821 E1546.21166
M204 S2000
G0 F9000 X30.608 Y67.256
M204 S500
G1 F1800 X32.668 Y65.196 E1546.34732
M204 S2000
G0 F9000 X32.668 Y64.63
M204 S500
G1 F1800 X30.608 Y66.69 E1546.48297
M204 S2000
G0 F9000 X30.608 Y66.124
M204 S500
G1 F1800 X32.668 Y64.065 E1546.61859
M204 S2000
G0 F9000 X32.668 Y63.499
M204 S500
G1 F1800 X30.608 Y65.559 E1546.75425
M204 S2000
G0 F9000 X30.608 Y64.993
M204 S500
G1 F1800 X32.668 Y62.933 E1546.8899
M204 S2000
G0 F9000 X32.668 Y62.368
M204 S500
G1 F1800 X30.608 Y64.427 E1547.02552
M204 S2000
G0 F9000 X30.608 Y63.862
M204 S500
G1 F1800 X32.668 Y61.802 E1547.16118
M204 S2000
G0 F9000 X32.668 Y61.236
M204 S500
G1 F1800 X30.608 Y63.296 E1547.29683
M204 S2000
G0 F9000 X30.608 Y62.73
M204 S500
G1 F1800 X32.668 Y60.67 E1547.43249
M204 S2000
G0 F9000 X32.668 Y60.105
M204 S500
G1 F1800 X30.608 Y62.165 E1547.56814
M204 S2000
G0 F9000 X30.608 Y61.599
M204 S500
G1 F1800 X32.668 Y59.539 E1547.7038
M204 S2000
G0 F9000 X32.668 Y58.973
M204 S500
G1 F1800 X30.608 Y61.033 E1547.83945
M204 S2000
G0 F9000 X30.608 Y60.468
M204 S500
G1 F1800 X32.668 Y58.408 E1547.97511
M204 S2000
G0 F9000 X32.668 Y57.842
M204 S500
G1 F1800 X30.608 Y59.902 E1548.11076
M204 S2000
G0 F9000 X30.608 Y59.336
M204 S500
G1 F1800 X32.668 Y57.276 E1548.24642
M204 S2000
G0 F9000 X32.668 Y56.711
M204 S500
G1 F1800 X30.608 Y58.77 E1548.38204
M204 S2000
G0 F9000 X30.608 Y58.205
M204 S500
G1 F1800 X32.668 Y56.145 E1548.51769
M204 S2000
G0 F9000 X32.668 Y55.579
M204 S500
G1 F1800 X30.608 Y57.639 E1548.65335
M204 S2000
G0 F9000 X30.608 Y57.073
M204 S500
G1 F1800 X32.668 Y55.014 E1548.78897
M204 S2000
G0 F9000 X32.668 Y54.448
M204 S500
G1 F1800 X30.608 Y56.508 E1548.92462
M204 S2000
G0 F9000 X30.608 Y55.942
M204 S500
G1 F1800 X32.668 Y53.882 E1549.06028
M204 S2000
G0 F9000 X32.668 Y53.317
M204 S500
G1 F1800 X30.608 Y55.376 E1549.1959
M204 S2000
G0 F9000 X30.608 Y54.811
M204 S500
G1 F1800 X32.668 Y52.751 E1549.33155
M204 S2000
G0 F9000 X32.668 Y52.185
M204 S500
G1 F1800 X30.608 Y54.245 E1549.46721
M204 S2000
G0 F9000 X30.608 Y53.679
M204 S500
G1 F1800 X32.668 Y51.62 E1549.60283
M204 S2000
G0 F9000 X32.668 Y51.054
M204 S500
G1 F1800 X30.608 Y53.114 E1549.73848
M204 S2000
G0 F9000 X30.608 Y52.548
M204 S500
G1 F1800 X32.668 Y50.488 E1549.87414
M204 S2000
G0 F9000 X32.668 Y49.922
M204 S500
G1 F1800 X30.608 Y51.982 E1550.00979
M204 S2000
G0 F9000 X30.608 Y51.417
M204 S500
G1 F1800 X32.668 Y49.357 E1550.14545
M204 S2000
G0 F9000 X32.668 Y48.791
M204 S500
G1 F1800 X30.608 Y50.851 E1550.2811
M204 S2000
G0 F9000 X30.608 Y50.285
M204 S500
G1 F1800 X32.668 Y48.225 E1550.41676
M204 S2000
G0 F9000 X32.668 Y47.66
M204 S500
G1 F1800 X30.608 Y49.72 E1550.55241
M204 S2000
G0 F9000 X30.608 Y49.154
M204 S500
G1 F1800 X32.668 Y47.094 E1550.68806
M204 S2000
G0 F9000 X32.668 Y46.528
M204 S500
G1 F1800 X30.608 Y48.588 E1550.82372
M204 S2000
G0 F9000 X30.608 Y48.022
M204 S500
G1 F1800 X32.668 Y45.963 E1550.95934
M204 S2000
G0 F9000 X32.668 Y45.397
M204 S500
G1 F1800 X30.608 Y47.457 E1551.095
M204 S2000
G0 F9000 X30.608 Y46.891
M204 S500
G1 F1800 X32.668 Y44.831 E1551.23065
M204 S2000
G0 F9000 X32.668 Y44.266
M204 S500
G1 F1800 X30.608 Y46.325 E1551.36627
M204 S2000
G0 F9000 X30.608 Y45.76
M204 S500
G1 F1800 X32.668 Y43.7 E1551.50193
M204 S2000
G0 F9000 X32.668 Y43.134
M204 S500
G1 F1800 X30.608 Y45.194 E1551.63758
M204 S2000
G0 F9000 X30.608 Y44.628
M204 S500
G1 F1800 X32.668 Y42.569 E1551.7732
M204 S2000
G0 F9000 X32.668 Y42.003
M204 S500
G1 F1800 X30.608 Y44.063 E1551.90886
M204 S2000
G0 F9000 X30.608 Y43.497
M204 S500
G1 F1800 X32.668 Y41.437 E1552.04451
M204 S2000
G0 F9000 X32.668 Y40.871
M204 S500
G1 F1800 X30.608 Y42.931 E1552.18017
M204 S2000
G0 F9000 X30.608 Y42.366
M204 S500
G1 F1800 X32.668 Y40.306 E1552.31582
M204 S2000
G0 F9000 X32.668 Y39.74
M204 S500
G1 F1800 X30.608 Y41.8 E1552.45147
M204 S2000
G0 F9000 X30.608 Y41.234
M204 S500
G1 F1800 X32.668 Y39.174 E1552.58713
M204 S2000
G0 F9000 X32.668 Y38.609
M204 S500
G1 F1800 X30.608 Y40.669 E1552.72278
M204 S2000
G0 F9000 X30.608 Y40.103
M204 S500
G1 F1800 X32.668 Y38.043 E1552.85844
M204 S2000
G0 F9000 X32.668 Y37.477
M204 S500
G1 F1800 X30.608 Y39.537 E1552.99409
M204 S2000
G0 F9000 X30.608 Y38.971
M204 S500
G1 F1800 X32.668 Y36.912 E1553.12971
M204 S2000
G0 F9000 X32.668 Y36.346
M204 S500
G1 F1800 X30.608 Y38.406 E1553.26537
M204 S2000
G0 F9000 X30.608 Y37.84
M204 S500
G1 F1800 X32.668 Y35.78 E1553.40102
M204 S2000
G0 F9000 X32.668 Y35.215
M204 S500
G1 F1800 X30.608 Y37.274 E1553.53665
M204 S2000
G0 F9000 X30.608 Y36.709
M204 S500
G1 F1800 X32.668 Y34.649 E1553.6723
M204 S2000
G0 F9000 X32.668 Y34.083
M204 S500
G1 F1800 X30.608 Y36.143 E1553.80795
M204 S2000
G0 F9000 X30.608 Y35.577
M204 S500
G1 F1800 X32.668 Y33.518 E1553.94358
M204 S2000
G0 F9000 X32.668 Y32.952
M204 S500
G1 F1800 X30.608 Y35.012 E1554.07923
M204 S2000
G0 F9000 X30.608 Y34.446
M204 S500
G1 F1800 X32.668 Y32.386 E1554.21488
M204 S2000
G0 F9000 X32.668 Y31.821
M204 S500
G1 F1800 X30.608 Y33.88 E1554.35051
M204 S2000
G0 F9000 X30.608 Y33.315
M204 S500
G1 F1800 X32.668 Y31.255 E1554.48616
M204 S2000
G0 F9000 X32.668 Y30.689
M204 S500
G1 F1800 X30.608 Y32.749 E1554.62182
M204 S2000
G0 F9000 X30.608 Y32.183
M204 S500
G1 F1800 X32.668 Y30.123 E1554.75747
M204 S2000
G0 F9000 X32.668 Y29.558
M204 S500
G1 F1800 X30.608 Y31.618 E1554.89312
M204 S2000
G0 F9000 X30.608 Y31.052
M204 S500
G1 F1800 X32.668 Y28.992 E1555.02878
M204 S2000
G0 F9000 X32.668 Y28.426
M204 S500
G1 F1800 X30.608 Y30.486 E1555.16443
M204 S2000
G0 F9000 X30.608 Y29.921
M204 S500
G1 F1800 X32.668 Y27.861 E1555.30009
M204 S2000
G0 F9000 X32.668 Y27.295
M204 S500
G1 F1800 X30.608 Y29.355 E1555.43574
M204 S2000
G0 F9000 X30.608 Y28.789
M204 S500
G1 F1800 X32.668 Y26.729 E1555.5714
M204 S2000
G0 F9000 X32.668 Y26.164
M204 S500
G1 F1800 X30.608 Y28.223 E1555.70702
M204 S2000
G0 F9000 X30.608 Y27.658
M204 S500
G1 F1800 X32.668 Y25.598 E1555.84267
M204 S2000
G0 F9000 X32.668 Y25.032
M204 S500
G1 F1800 X30.608 Y27.092 E1555.97833
M204 S2000
G0 F9000 X30.608 Y26.526
M204 S500
G1 F1800 X32.668 Y24.467 E1556.11395
M204 S2000
G0 F9000 X32.668 Y23.901
M204 S500
G1 F1800 X30.608 Y25.961 E1556.2496
M204 S2000
G0 F9000 X30.608 Y25.395
M204 S500
G1 F1800 X32.668 Y23.335 E1556.38526
M204 S2000
G0 F9000 X32.668 Y22.77
M204 S500
G1 F1800 X30.608 Y24.829 E1556.52088
M204 S2000
G0 F9000 X30.608 Y24.264
M204 S500
G1 F1800 X32.668 Y22.204 E1556.65653
M204 S2000
G0 F9000 X32.668 Y21.638
M204 S500
G1 F1800 X30.608 Y23.698 E1556.79219
M204 S2000
G0 F9000 X30.608 Y23.132
M204 S500
G1 F1800 X32.668 Y21.072 E1556.92784
M204 S2000
G0 F9000 X32.668 Y20.507
M204 S500
G1 F1800 X30.608 Y22.567 E1557.0635
M204 S2000
G0 F9000 X30.608 Y22.001
M204 S500
G1 F1800 X32.668 Y19.941 E1557.19915
M204 S2000
G0 F9000 X32.668 Y19.375
M204 S500
G1 F1800 X30.608 Y21.435 E1557.33481
M204 S2000
G0 F9000 X30.608 Y20.87
M204 S500
G1 F1800 X32.668 Y18.81 E1557.47046
M204 S2000
G0 F9000 X32.668 Y18.244
M204 S500
G1 F1800 X30.608 Y20.304 E1557.60612
M204 S2000
G0 F9000 X30.608 Y19.738
M204 S500
G1 F1800 X32.668 Y17.678 E1557.74177
M204 S2000
G0 F9000 X32.668 Y17.113
M204 S500
G1 F1800 X30.608 Y19.172 E1557.87739
M204 S2000
G0 F9000 X30.608 Y18.607
M204 S500
G1 F1800 X32.668 Y16.547 E1558.01305
M204 S2000
G0 F9000 X32.668 Y15.981
M204 S500
G1 F1800 X30.608 Y18.041 E1558.1487
M204 S2000
G0 F9000 X30.608 Y17.475
M204 S500
G1 F1800 X32.668 Y15.416 E1558.28432
M204 S2000
G0 F9000 X32.668 Y14.85
M204 S500
G1 F1800 X30.608 Y16.91 E1558.41998
M204 S2000
G0 F9000 X30.608 Y16.344
M204 S500
G1 F1800 X32.668 Y14.284 E1558.55563
M204 S2000
G0 F9000 X32.668 Y13.719
M204 S500
G1 F1800 X30.608 Y15.778 E1558.69125
M204 S2000
G0 F9000 X30.608 Y15.213
M204 S500
G1 F1800 X32.668 Y13.153 E1558.82691
M204 S2000
G0 F9000 X32.668 Y12.587
M204 S500
G1 F1800 X30.608 Y14.647 E1558.96256
M204 S2000
G0 F9000 X30.608 Y14.081
M204 S500
G1 F1800 X32.668 Y12.022 E1559.09818
M204 S2000
G0 F9000 X32.668 Y11.456
M204 S500
G1 F1800 X30.608 Y13.516 E1559.23384
M204 S2000
G0 F9000 X30.608 Y12.95
M204 S500
G1 F1800 X32.668 Y10.89 E1559.36949
M204 S2000
G0 F9000 X32.668 Y10.324
M204 S500
G1 F1800 X30.608 Y12.384 E1559.50515
M204 S2000
G0 F9000 X30.608 Y11.819
M204 S500
G1 F1800 X32.668 Y9.759 E1559.6408
M204 S2000
G0 F9000 X32.668 Y9.193
M204 S500
G1 F1800 X30.608 Y11.253 E1559.77646
M204 S2000
G0 F9000 X30.608 Y10.687
M204 S500
G1 F1800 X32.668 Y8.627 E1559.91211
M204 S2000
G0 F9000 X32.354 Y8.376
M204 S500
G1 F1800 X30.608 Y10.122 E1560.02709
M204 S2000
G0 F9000 X30.608 Y9.556
M204 S500
G1 F1800 X31.788 Y8.376 E1560.10479
M204 S2000
G0 F9000 X31.222 Y8.376
M204 S500
G1 F1800 X30.608 Y8.99 E1560.14523
M204 S2000
G0 F9000 X29.851 Y8.99
G1 F2400 E1559.34523
;MESH:NONMESH
G0 F300 X29.851 Y8.99 Z4.12
G0 F9000 X30.223 Y7.988
G0 X33.056 Y7.988
G0 X33.39 Y105.867
G0 X70.066 Y111.597
G0 X70.228 Y117.82
;TIME_ELAPSED:1719.500448
;LAYER:14
M204 S500
;TYPE:WALL-INNER
;MESH:kapaklar (1).stl
G1 F2400 E1560.14523
G1 F1764.7 X70.235 Y118.498 E1560.17743
M204 S2000
G0 F9000 X70.228 Y117.82
M204 S500
G1 F1800 X70.427 Y117.219 E1560.20691
G1 X70.843 Y116.896 E1560.23143
G1 X71.228 Y116.82 E1560.24971
G1 X79.224 Y116.82 E1560.62203
G1 X79.224 Y110.356 E1560.92302
G1 X71.228 Y110.356 E1561.29535
G1 X70.968 Y110.322 E1561.30756
G1 X70.757 Y110.239 E1561.31812
G1 X70.45 Y109.985 E1561.33667
G1 X70.313 Y109.762 E1561.34886
G1 X70.228 Y109.357 E1561.36813
G1 X70.224 Y103.184 E1561.65557
G1 X34.119 Y103.18 E1563.33677
G1 X33.777 Y103.073 E1563.35346
G1 X33.542 Y102.909 E1563.3668
G1 X33.353 Y102.666 E1563.38113
G1 X33.228 Y102.299 E1563.39919
G1 X33.228 Y7.816 E1567.79871
G1 X25.228 Y7.816 E1568.17123
G1 X25.229 Y111.431 E1572.99597
G1 X69.228 Y111.432 E1575.04475
G1 X69.488 Y111.466 E1575.05696
G1 X69.844 Y111.643 E1575.07547
G1 X70.006 Y111.803 E1575.08608
G1 X70.143 Y112.026 E1575.09826
G1 X70.228 Y112.432 E1575.11758
G1 X70.228 Y117.82 E1575.36847
M204 S2000
G0 F9000 X70.39 Y119.165
G0 X71.573 Y119.166
G0 X79.052 Y119.5
G0 X79.224 Y126.816
M204 S500
G1 F1800 X79.224 Y119.328 E1575.71714
G1 X71.227 Y119.324 E1576.08951
G1 X70.627 Y119.124 E1576.11896
G1 F1764.7 X70.235 Y118.498 E1576.15404
G1 X70.228 Y119.323 E1576.19323
G1 F1800 X70.228 Y126.816 E1576.54213
G1 X79.224 Y126.816 E1576.96103
M204 S2000
G0 F9000 X79.624 Y127.216
M204 S500
G1 F1800 X79.624 Y118.928 E1577.34695
G1 X71.227 Y118.924 E1577.73795
G1 X70.867 Y118.804 E1577.75562
G1 X70.628 Y118.415 E1577.77688
G1 X70.628 Y117.82 E1577.80458
G1 X70.747 Y117.459 E1577.82228
G1 X70.997 Y117.266 E1577.83699
G1 X71.228 Y117.22 E1577.84796
G1 X79.624 Y117.22 E1578.23891
G1 X79.624 Y109.956 E1578.57715
G1 X71.228 Y109.956 E1578.9681
G1 X70.945 Y109.886 E1578.98168
G1 X70.761 Y109.734 E1578.99279
G1 X70.679 Y109.6 E1579.00011
G1 X70.628 Y109.357 E1579.01167
G1 X70.624 Y102.784 E1579.31774
G1 X34.162 Y102.78 E1581.01556
G1 X33.882 Y102.671 E1581.02955
G1 X33.755 Y102.551 E1581.03769
G1 X33.628 Y102.253 E1581.05277
G1 X33.628 Y7.416 E1585.46878
G1 X24.828 Y7.416 E1585.87854
G1 X24.829 Y111.831 E1590.74054
G1 X69.228 Y111.832 E1592.80795
G1 X69.511 Y111.902 E1592.82152
G1 X69.695 Y112.054 E1592.83263
G1 X69.777 Y112.188 E1592.83995
G1 X69.828 Y112.432 E1592.85156
G1 X69.828 Y127.216 E1593.53996
G1 X79.624 Y127.216 E1593.9961
M204 S2000
G0 F9000 X80.024 Y127.616
M204 S500
;TYPE:WALL-OUTER
G1 F1800 X80.024 Y118.528 E1594.41928
G1 X71.227 Y118.524 E1594.8289
G1 X71.107 Y118.484 E1594.83479
G1 X71.03 Y118.359 E1594.84163
G1 X71.028 Y117.82 E1594.86673
G1 X71.067 Y117.699 E1594.87265
G1 X71.171 Y117.62 E1594.87873
G1 X80.024 Y117.62 E1595.29096
G1 X80.024 Y109.556 E1595.66646
G1 X71.176 Y109.55 E1596.07846
G1 X71.028 Y109.416 E1596.08775
G1 X71.024 Y102.384 E1596.41519
G1 X34.184 Y102.38 E1598.13062
G1 X34.07 Y102.304 E1598.137
G1 X34.03 Y102.215 E1598.14154
G1 X34.028 Y7.016 E1602.57441
G1 X24.428 Y7.016 E1603.02142
G1 X24.429 Y112.231 E1607.92067
G1 X69.28 Y112.238 E1610.00912
G1 X69.428 Y112.372 E1610.01842
G1 X69.428 Y127.616 E1610.72824
G1 X80.024 Y127.616 E1611.22164
M204 S2000
G0 F9000 X79.745 Y127.337
G0 X79.124 Y126.456
G0 X78.864 Y126.456
M204 S500
;TYPE:SKIN
G1 F1800 X70.588 Y126.456 E1611.607
G1 X70.585 Y119.479 E1611.93188
G1 X71.201 Y119.685 E1611.96213
G1 X78.864 Y119.688 E1612.31895
G1 X78.864 Y126.456 E1612.63409
M204 S2000
G0 F9000 X79.124 Y126.456
G0 X79.052 Y119.5
G0 X78.594 Y119.428
G0 X78.593 Y119.888
M204 S500
G1 F1800 X78.664 Y119.959 E1612.63877
M204 S2000
G0 F9000 X78.664 Y120.524
M204 S500
G1 F1800 X78.027 Y119.888 E1612.68068
M204 S2000
G0 F9000 X77.461 Y119.888
M204 S500
G1 F1800 X78.664 Y121.09 E1612.75987
M204 S2000
G0 F9000 X78.664 Y121.656
M204 S500
G1 F1800 X76.896 Y119.888 E1612.8763
M204 S2000
G0 F9000 X76.329 Y119.887
M204 S500
G1 F1800 X78.664 Y122.221 E1613.03003
M204 S2000
G0 F9000 X78.664 Y122.787
M204 S500
G1 F1800 X75.764 Y119.887 E1613.221
M204 S2000
G0 F9000 X75.198 Y119.887
M204 S500
G1 F1800 X78.664 Y123.353 E1613.44924
M204 S2000
G0 F9000 X78.664 Y123.918
M204 S500
G1 F1800 X74.632 Y119.886 E1613.71475
M204 S2000
G0 F9000 X74.066 Y119.886
M204 S500
G1 F1800 X78.664 Y124.484 E1614.01754
M204 S2000
G0 F9000 X78.664 Y125.05
M204 S500
G1 F1800 X73.5 Y119.886 E1614.3576
M204 S2000
G0 F9000 X72.934 Y119.886
M204 S500
G1 F1800 X78.664 Y125.615 E1614.7349
M204 S2000
G0 F9000 X78.664 Y126.181
M204 S500
G1 F1800 X72.368 Y119.886 E1615.14947
M204 S2000
G0 F9000 X71.802 Y119.886
M204 S500
G1 F1800 X78.173 Y126.256 E1615.56897
M204 S2000
G0 F9000 X77.607 Y126.256
M204 S500
G1 F1800 X71.237 Y119.886 E1615.98845
M204 S2000
G0 F9000 X70.785 Y120
M204 S500
G1 F1800 X77.041 Y126.256 E1616.40042
M204 S2000
G0 F9000 X76.476 Y126.256
M204 S500
G1 F1800 X70.785 Y120.565 E1616.77518
M204 S2000
G0 F9000 X70.785 Y121.131
M204 S500
G1 F1800 X75.91 Y126.256 E1617.11267
M204 S2000
G0 F9000 X75.344 Y126.256
M204 S500
G1 F1800 X70.786 Y121.697 E1617.41285
M204 S2000
G0 F9000 X70.786 Y122.263
M204 S500
G1 F1800 X74.779 Y126.256 E1617.6758
M204 S2000
G0 F9000 X74.213 Y126.256
M204 S500
G1 F1800 X70.786 Y122.829 E1617.90147
M204 S2000
G0 F9000 X70.786 Y123.395
M204 S500
G1 F1800 X73.647 Y126.256 E1618.08988
M204 S2000
G0 F9000 X73.082 Y126.256
M204 S500
G1 F1800 X70.786 Y123.961 E1618.24104
M204 S2000
G0 F9000 X70.786 Y124.526
M204 S500
G1 F1800 X72.516 Y126.256 E1618.35496
M204 S2000
G0 F9000 X71.95 Y126.256
M204 S500
G1 F1800 X70.787 Y125.093 E1618.43155
M204 S2000
G0 F9000 X70.787 Y125.659
M204 S500
G1 F1800 X71.385 Y126.256 E1618.47089
M204 S2000
G0 F9000 X71.385 Y126.716
G0 X70.4 Y126.644
G0 X70.39 Y116.985
G0 X79.052 Y116.648
G0 X78.864 Y116.46
M204 S500
G1 F1800 X71.193 Y116.463 E1618.82809
G1 X70.745 Y116.551 E1618.84935
G1 X70.589 Y116.645 E1618.85783
G1 X70.584 Y112.395 E1619.05573
G1 X70.472 Y111.875 E1619.08049
G1 X70.298 Y111.593 E1619.09592
G1 X69.979 Y111.27 E1619.11706
G1 X69.556 Y111.113 E1619.13807
G1 X69.26 Y111.074 E1619.15197
G1 X25.588 Y111.068 E1621.18553
G1 X25.588 Y8.176 E1625.97661
G1 X32.868 Y8.176 E1626.3156
G1 X32.87 Y102.362 E1630.70129
G1 X33.036 Y102.837 E1630.72472
G1 X33.294 Y103.17 E1630.74434
G1 X33.613 Y103.395 E1630.76251
G1 X34.045 Y103.541 E1630.78375
G1 X69.864 Y103.544 E1632.45163
G1 X69.871 Y109.392 E1632.72394
G1 X69.981 Y109.909 E1632.74855
G1 X70.182 Y110.226 E1632.76603
G1 X70.474 Y110.51 E1632.78499
G1 X70.85 Y110.659 E1632.80383
G1 X71.199 Y110.714 E1632.82028
G1 X78.864 Y110.716 E1633.17719
G1 X78.864 Y116.46 E1633.44466
M204 S2000
G1 F2400 E1632.64466
G0 F9000 X79.124 Y116.46
G0 X70.411 Y117.01
G0 X70.066 Y111.597
G0 X26.014 Y111.331
G0 X26.015 Y110.868
M204 S500
G1 F2400 E1633.44466
G1 F1800 X25.787 Y110.64 E1633.45967
M204 S2000
G0 F9000 X25.787 Y110.075
M204 S500
G1 F1800 X26.581 Y110.868 E1633.51192
M204 S2000
G0 F9000 X27.147 Y110.868
M204 S500
G1 F1800 X25.787 Y109.509 E1633.60145
M204 S2000
G0 F9000 X25.787 Y108.943
M204 S500
G1 F1800 X27.712 Y110.868 E1633.72821
M204 S2000
G0 F9000 X28.278 Y110.868
M204 S500
G1 F1800 X25.787 Y108.378 E1633.89222
M204 S2000
G0 F9000 X25.787 Y107.812
M204 S500
G1 F1800 X28.844 Y110.868 E1634.09349
M204 S2000
G0 F9000 X29.409 Y110.868
M204 S500
G1 F1800 X25.787 Y107.246 E1634.33201
M204 S2000
G0 F9000 X25.787 Y106.68
M204 S500
G1 F1800 X29.976 Y110.869 E1634.60786
M204 S2000
G0 F9000 X30.541 Y110.869
M204 S500
G1 F1800 X25.787 Y106.115 E1634.92092
M204 S2000
G0 F9000 X25.787 Y105.549
M204 S500
G1 F1800 X31.107 Y110.869 E1635.27125
M204 S2000
G0 F9000 X31.673 Y110.869
M204 S500
G1 F1800 X25.787 Y104.983 E1635.65886
M204 S2000
G0 F9000 X25.787 Y104.418
M204 S500
G1 F1800 X32.238 Y110.869 E1636.08366
M204 S2000
G0 F9000 X32.804 Y110.869
M204 S500
G1 F1800 X25.787 Y103.852 E1636.54575
M204 S2000
G0 F9000 X25.787 Y103.286
M204 S500
G1 F1800 X33.37 Y110.869 E1637.0451
M204 S2000
G0 F9000 X33.936 Y110.869
M204 S500
G1 F1800 X25.787 Y102.721 E1637.58169
M204 S2000
G0 F9000 X25.787 Y102.155
M204 S500
G1 F1800 X34.502 Y110.869 E1638.15556
M204 S2000
G0 F9000 X35.068 Y110.869
M204 S500
G1 F1800 X25.787 Y101.589 E1638.76669
M204 S2000
G0 F9000 X25.787 Y101.024
M204 S500
G1 F1800 X35.633 Y110.869 E1639.41504
M204 S2000
G0 F9000 X36.199 Y110.869
M204 S500
G1 F1800 X25.787 Y100.458 E1640.10065
M204 S2000
G0 F9000 X25.787 Y99.892
M204 S500
G1 F1800 X36.765 Y110.87 E1640.82357
M204 S2000
G0 F9000 X37.331 Y110.87
M204 S500
G1 F1800 X25.787 Y99.327 E1641.58373
M204 S2000
G0 F9000 X25.787 Y98.761
M204 S500
G1 F1800 X37.897 Y110.87 E1642.38116
M204 S2000
G0 F9000 X38.462 Y110.87
M204 S500
G1 F1800 X25.787 Y98.195 E1643.21583
M204 S2000
G0 F9000 X25.787 Y97.63
M204 S500
G1 F1800 X39.028 Y110.87 E1644.08774
M204 S2000
G0 F9000 X39.594 Y110.87
M204 S500
G1 F1800 X25.787 Y97.064 E1644.99692
M204 S2000
G0 F9000 X25.787 Y96.498
M204 S500
G1 F1800 X40.159 Y110.87 E1645.94334
M204 S2000
G0 F9000 X40.726 Y110.871
M204 S500
G1 F1800 X33.205 Y103.35 E1646.43861
G1 X33.11 Y103.255
G1 X25.787 Y95.932 E1646.92085
M204 S2000
G0 F9000 X25.787 Y95.367
M204 S500
G1 F1800 X32.673 Y102.253 E1647.3743
M204 S2000
G0 F9000 X32.673 Y101.687
M204 S500
G1 F1800 X25.787 Y94.801 E1647.82776
M204 S2000
G0 F9000 X25.787 Y94.235
M204 S500
G1 F1800 X32.673 Y101.121 E1648.28121
M204 S2000
G0 F9000 X32.673 Y100.556
M204 S500
G1 F1800 X25.787 Y93.67 E1648.73467
M204 S2000
G0 F9000 X25.787 Y93.104
M204 S500
G1 F1800 X32.673 Y99.99 E1649.18812
M204 S2000
G0 F9000 X32.673 Y99.424
M204 S500
G1 F1800 X25.787 Y92.538 E1649.64158
M204 S2000
G0 F9000 X25.787 Y91.973
M204 S500
G1 F1800 X32.673 Y98.858 E1650.095
M204 S2000
G0 F9000 X32.673 Y98.293
M204 S500
G1 F1800 X25.787 Y91.407 E1650.54845
M204 S2000
G0 F9000 X25.787 Y90.841
M204 S500
G1 F1800 X32.673 Y97.727 E1651.00191
M204 S2000
G0 F9000 X32.673 Y97.161
M204 S500
G1 F1800 X25.787 Y90.276 E1651.45533
M204 S2000
G0 F9000 X25.787 Y89.71
M204 S500
G1 F1800 X32.673 Y96.596 E1651.90878
M204 S2000
G0 F9000 X32.673 Y96.03
M204 S500
G1 F1800 X25.787 Y89.144 E1652.36224
M204 S2000
G0 F9000 X25.787 Y88.579
M204 S500
G1 F1800 X32.673 Y95.464 E1652.81566
M204 S2000
G0 F9000 X32.673 Y94.899
M204 S500
G1 F1800 X25.787 Y88.013 E1653.26912
M204 S2000
G0 F9000 X25.787 Y87.447
M204 S500
G1 F1800 X32.673 Y94.333 E1653.72257
M204 S2000
G0 F9000 X32.673 Y93.767
M204 S500
G1 F1800 X25.787 Y86.882 E1654.17599
M204 S2000
G0 F9000 X25.787 Y86.316
M204 S500
G1 F1800 X32.673 Y93.202 E1654.62945
M204 S2000
G0 F9000 X32.673 Y92.636
M204 S500
G1 F1800 X25.787 Y85.75 E1655.0829
M204 S2000
G0 F9000 X25.787 Y85.184
M204 S500
G1 F1800 X32.673 Y92.07 E1655.53636
M204 S2000
G0 F9000 X32.673 Y91.505
M204 S500
G1 F1800 X25.787 Y84.619 E1655.98981
M204 S2000
G0 F9000 X25.787 Y84.053
M204 S500
G1 F1800 X32.673 Y90.939 E1656.44327
M204 S2000
G0 F9000 X32.673 Y90.372
M204 S500
G1 F1800 X25.787 Y83.487 E1656.89669
M204 S2000
G0 F9000 X25.787 Y82.922
M204 S500
G1 F1800 X32.673 Y89.807 E1657.35011
M204 S2000
G0 F9000 X32.673 Y89.241
M204 S500
G1 F1800 X25.787 Y82.356 E1657.80353
M204 S2000
G0 F9000 X25.787 Y81.79
M204 S500
G1 F1800 X32.673 Y88.675 E1658.25696
M204 S2000
G0 F9000 X32.673 Y88.11
M204 S500
G1 F1800 X25.787 Y81.225 E1658.71038
M204 S2000
G0 F9000 X25.787 Y80.659
M204 S500
G1 F1800 X32.673 Y87.544 E1659.1638
M204 S2000
G0 F9000 X32.673 Y86.978
M204 S500
G1 F1800 X25.787 Y80.093 E1659.61722
M204 S2000
G0 F9000 X25.787 Y79.528
M204 S500
G1 F1800 X32.673 Y86.413 E1660.07064
M204 S2000
G0 F9000 X32.673 Y85.847
M204 S500
G1 F1800 X25.787 Y78.962 E1660.52406
M204 S2000
G0 F9000 X25.787 Y78.396
M204 S500
G1 F1800 X32.673 Y85.281 E1660.97749
M204 S2000
G0 F9000 X32.673 Y84.716
M204 S500
G1 F1800 X25.787 Y77.831 E1661.43091
M204 S2000
G0 F9000 X25.787 Y77.265
M204 S500
G1 F1800 X32.673 Y84.15 E1661.88433
M204 S2000
G0 F9000 X32.673 Y83.584
M204 S500
G1 F1800 X25.787 Y76.699 E1662.33775
M204 S2000
G0 F9000 X25.787 Y76.133
M204 S500
G1 F1800 X32.673 Y83.019 E1662.79121
M204 S2000
G0 F9000 X32.673 Y82.453
M204 S500
G1 F1800 X25.787 Y75.568 E1663.24463
M204 S2000
G0 F9000 X25.787 Y75.002
M204 S500
G1 F1800 X32.673 Y81.887 E1663.69805
M204 S2000
G0 F9000 X32.673 Y81.322
M204 S500
G1 F1800 X25.787 Y74.436 E1664.15151
M204 S2000
G0 F9000 X25.787 Y73.871
M204 S500
G1 F1800 X32.673 Y80.756 E1664.60493
M204 S2000
G0 F9000 X32.673 Y80.19
M204 S500
G1 F1800 X25.787 Y73.305 E1665.05835
M204 S2000
G0 F9000 X25.787 Y72.739
M204 S500
G1 F1800 X32.673 Y79.624 E1665.51177
M204 S2000
G0 F9000 X32.673 Y79.059
M204 S500
G1 F1800 X25.787 Y72.174 E1665.96519
M204 S2000
G0 F9000 X25.787 Y71.608
M204 S500
G1 F1800 X32.672 Y78.492 E1666.41855
M204 S2000
G0 F9000 X32.672 Y77.927
M204 S500
G1 F1800 X25.787 Y71.042 E1666.87194
M204 S2000
G0 F9000 X25.787 Y70.477
M204 S500
G1 F1800 X32.672 Y77.361 E1667.3253
M204 S2000
G0 F9000 X32.672 Y76.795
M204 S500
G1 F1800 X25.787 Y69.911 E1667.77865
M204 S2000
G0 F9000 X25.787 Y69.345
M204 S500
G1 F1800 X32.672 Y76.23 E1668.23204
M204 S2000
G0 F9000 X32.672 Y75.664
M204 S500
G1 F1800 X25.787 Y68.78 E1668.6854
M204 S2000
G0 F9000 X25.787 Y68.214
M204 S500
G1 F1800 X32.672 Y75.098 E1669.13875
M204 S2000
G0 F9000 X32.672 Y74.533
M204 S500
G1 F1800 X25.787 Y67.648 E1669.59214
M204 S2000
G0 F9000 X25.787 Y67.083
M204 S500
G1 F1800 X32.672 Y73.967 E1670.0455
M204 S2000
G0 F9000 X32.672 Y73.401
M204 S500
G1 F1800 X25.787 Y66.517 E1670.49885
M204 S2000
G0 F9000 X25.787 Y65.951
M204 S500
G1 F1800 X32.672 Y72.836 E1670.95224
M204 S2000
G0 F9000 X32.672 Y72.27
M204 S500
G1 F1800 X25.787 Y65.385 E1671.40563
M204 S2000
G0 F9000 X25.787 Y64.82
M204 S500
G1 F1800 X32.672 Y71.704 E1671.85899
M204 S2000
G0 F9000 X32.672 Y71.138
M204 S500
G1 F1800 X25.787 Y64.254 E1672.31234
M204 S2000
G0 F9000 X25.787 Y63.688
M204 S500
G1 F1800 X32.672 Y70.573 E1672.76573
M204 S2000
G0 F9000 X32.672 Y70.007
M204 S500
G1 F1800 X25.787 Y63.123 E1673.21909
M204 S2000
G0 F9000 X25.787 Y62.557
M204 S500
G1 F1800 X32.672 Y69.441 E1673.67244
M204 S2000
G0 F9000 X32.672 Y68.876
M204 S500
G1 F1800 X25.787 Y61.991 E1674.12583
M204 S2000
G0 F9000 X25.787 Y61.426
M204 S500
G1 F1800 X32.672 Y68.31 E1674.57919
M204 S2000
G0 F9000 X32.672 Y67.744
M204 S500
G1 F1800 X25.787 Y60.86 E1675.03255
M204 S2000
G0 F9000 X25.787 Y60.294
M204 S500
G1 F1800 X32.672 Y67.179 E1675.48594
M204 S2000
G0 F9000 X32.671 Y66.612
M204 S500
G1 F1800 X25.787 Y59.729 E1675.93923
M204 S2000
G0 F9000 X25.787 Y59.163
M204 S500
G1 F1800 X32.671 Y66.047 E1676.39255
M204 S2000
G0 F9000 X32.671 Y65.481
M204 S500
G1 F1800 X25.787 Y58.597 E1676.84587
M204 S2000
G0 F9000 X25.787 Y58.032
M204 S500
G1 F1800 X32.671 Y64.915 E1677.29916
M204 S2000
G0 F9000 X32.671 Y64.35
M204 S500
G1 F1800 X25.787 Y57.466 E1677.75248
M204 S2000
G0 F9000 X25.787 Y56.9
M204 S500
G1 F1800 X32.671 Y63.784 E1678.20581
M204 S2000
G0 F9000 X32.671 Y63.218
M204 S500
G1 F1800 X25.787 Y56.334 E1678.65913
M204 S2000
G0 F9000 X25.787 Y55.769
M204 S500
G1 F1800 X32.671 Y62.652 E1679.11242
M204 S2000
G0 F9000 X32.671 Y62.087
M204 S500
G1 F1800 X25.787 Y55.203 E1679.56574
M204 S2000
G0 F9000 X25.787 Y54.637
M204 S500
G1 F1800 X32.671 Y61.521 E1680.01907
M204 S2000
G0 F9000 X32.671 Y60.955
M204 S500
G1 F1800 X25.787 Y54.072 E1680.47236
M204 S2000
G0 F9000 X25.787 Y53.506
M204 S500
G1 F1800 X32.671 Y60.39 E1680.92568
M204 S2000
G0 F9000 X32.671 Y59.824
M204 S500
G1 F1800 X25.787 Y52.94 E1681.379
M204 S2000
G0 F9000 X25.787 Y52.375
M204 S500
G1 F1800 X32.671 Y59.258 E1681.83229
M204 S2000
G0 F9000 X32.671 Y58.693
M204 S500
G1 F1800 X25.787 Y51.809 E1682.28562
M204 S2000
G0 F9000 X25.787 Y51.243
M204 S500
G1 F1800 X32.671 Y58.127 E1682.73894
M204 S2000
G0 F9000 X32.671 Y57.561
M204 S500
G1 F1800 X25.787 Y50.678 E1683.19223
M204 S2000
G0 F9000 X25.787 Y50.112
M204 S500
G1 F1800 X32.671 Y56.996 E1683.64555
M204 S2000
G0 F9000 X32.671 Y56.43
M204 S500
G1 F1800 X25.787 Y49.546 E1684.09888
M204 S2000
G0 F9000 X25.787 Y48.981
M204 S500
G1 F1800 X32.671 Y55.864 E1684.55217
M204 S2000
G0 F9000 X32.67 Y55.298
M204 S500
G1 F1800 X25.787 Y48.415 E1685.00542
M204 S2000
G0 F9000 X25.787 Y47.849
M204 S500
G1 F1800 X32.67 Y54.732 E1685.45868
M204 S2000
G0 F9000 X32.67 Y54.167
M204 S500
G1 F1800 X25.787 Y47.284 E1685.91194
M204 S2000
G0 F9000 X25.787 Y46.718
M204 S500
G1 F1800 X32.67 Y53.601 E1686.3652
M204 S2000
G0 F9000 X32.67 Y53.035
M204 S500
G1 F1800 X25.787 Y46.152 E1686.81845
M204 S2000
G0 F9000 X25.787 Y45.586
M204 S500
G1 F1800 X32.67 Y52.469 E1687.27171
M204 S2000
G0 F9000 X32.67 Y51.904
M204 S500
G1 F1800 X25.787 Y45.021 E1687.72497
M204 S2000
G0 F9000 X25.787 Y44.455
M204 S500
G1 F1800 X32.67 Y51.338 E1688.17823
M204 S2000
G0 F9000 X32.67 Y50.772
M204 S500
G1 F1800 X25.787 Y43.889 E1688.63148
M204 S2000
G0 F9000 X25.787 Y43.324
M204 S500
G1 F1800 X32.67 Y50.207 E1689.08474
M204 S2000
G0 F9000 X32.67 Y49.641
M204 S500
G1 F1800 X25.787 Y42.758 E1689.538
M204 S2000
G0 F9000 X25.787 Y42.192
M204 S500
G1 F1800 X32.67 Y49.075 E1689.99126
M204 S2000
G0 F9000 X32.67 Y48.51
M204 S500
G1 F1800 X25.787 Y41.627 E1690.44451
M204 S2000
G0 F9000 X25.787 Y41.061
M204 S500
G1 F1800 X32.67 Y47.944 E1690.89777
M204 S2000
G0 F9000 X32.67 Y47.378
M204 S500
G1 F1800 X25.787 Y40.495 E1691.35103
M204 S2000
G0 F9000 X25.787 Y39.93
M204 S500
G1 F1800 X32.67 Y46.813 E1691.80428
M204 S2000
G0 F9000 X32.67 Y46.247
M204 S500
G1 F1800 X25.787 Y39.364 E1692.25754
M204 S2000
G0 F9000 X25.787 Y38.798
M204 S500
G1 F1800 X32.67 Y45.681 E1692.7108
M204 S2000
G0 F9000 X32.67 Y45.116
M204 S500
G1 F1800 X25.787 Y38.233 E1693.16406
M204 S2000
G0 F9000 X25.787 Y37.667
M204 S500
G1 F1800 X32.67 Y44.55 E1693.61731
M204 S2000
G0 F9000 X32.67 Y43.984
M204 S500
G1 F1800 X25.787 Y37.101 E1694.07057
M204 S2000
G0 F9000 X25.787 Y36.536
M204 S500
G1 F1800 X32.67 Y43.418 E1694.5238
M204 S2000
G0 F9000 X32.67 Y42.852
M204 S500
G1 F1800 X25.787 Y35.97 E1694.97702
M204 S2000
G0 F9000 X25.787 Y35.404
M204 S500
G1 F1800 X32.67 Y42.286 E1695.43024
M204 S2000
G0 F9000 X32.67 Y41.721
M204 S500
G1 F1800 X25.787 Y34.838 E1695.8835
M204 S2000
G0 F9000 X25.787 Y34.273
M204 S500
G1 F1800 X32.67 Y41.155 E1696.33673
M204 S2000
G0 F9000 X32.67 Y40.589
M204 S500
G1 F1800 X25.787 Y33.707 E1696.78995
M204 S2000
G0 F9000 X25.787 Y33.141
M204 S500
G1 F1800 X32.67 Y40.024 E1697.24321
M204 S2000
G0 F9000 X32.67 Y39.458
M204 S500
G1 F1800 X25.787 Y32.576 E1697.69643
M204 S2000
G0 F9000 X25.787 Y32.01
M204 S500
G1 F1800 X32.67 Y38.892 E1698.14966
M204 S2000
G0 F9000 X32.67 Y38.327
M204 S500
G1 F1800 X25.787 Y31.444 E1698.60291
M204 S2000
G0 F9000 X25.787 Y30.879
M204 S500
G1 F1800 X32.67 Y37.761 E1699.05614
M204 S2000
G0 F9000 X32.67 Y37.195
M204 S500
G1 F1800 X25.787 Y30.313 E1699.50936
M204 S2000
G0 F9000 X25.787 Y29.747
M204 S500
G1 F1800 X32.67 Y36.63 E1699.96262
M204 S2000
G0 F9000 X32.67 Y36.064
M204 S500
G1 F1800 X25.787 Y29.182 E1700.41584
M204 S2000
G0 F9000 X25.787 Y28.616
M204 S500
G1 F1800 X32.67 Y35.498 E1700.86907
M204 S2000
G0 F9000 X32.67 Y34.932
M204 S500
G1 F1800 X25.787 Y28.05 E1701.32229
M204 S2000
G0 F9000 X25.787 Y27.485
M204 S500
G1 F1800 X32.67 Y34.367 E1701.77552
M204 S2000
G0 F9000 X32.67 Y33.801
M204 S500
G1 F1800 X25.787 Y26.919 E1702.22874
M204 S2000
G0 F9000 X25.787 Y26.353
M204 S500
G1 F1800 X32.67 Y33.235 E1702.68197
M204 S2000
G0 F9000 X32.67 Y32.67
M204 S500
G1 F1800 X25.787 Y25.787 E1703.13522
M204 S2000
G0 F9000 X25.787 Y25.222
M204 S500
G1 F1800 X32.67 Y32.104 E1703.58845
M204 S2000
G0 F9000 X32.669 Y31.538
M204 S500
G1 F1800 X25.787 Y24.656 E1704.04164
M204 S2000
G0 F9000 X25.787 Y24.09
M204 S500
G1 F1800 X32.669 Y30.972 E1704.49483
M204 S2000
G0 F9000 X32.669 Y30.406
M204 S500
G1 F1800 X25.787 Y23.525 E1704.94799
M204 S2000
G0 F9000 X25.787 Y22.959
M204 S500
G1 F1800 X32.669 Y29.841 E1705.40118
M204 S2000
G0 F9000 X32.669 Y29.275
M204 S500
G1 F1800 X25.787 Y22.393 E1705.85437
M204 S2000
G0 F9000 X25.787 Y21.828
M204 S500
G1 F1800 X32.669 Y28.709 E1706.30753
M204 S2000
G0 F9000 X32.669 Y28.144
M204 S500
G1 F1800 X25.787 Y21.262 E1706.76072
M204 S2000
G0 F9000 X25.787 Y20.696
M204 S500
G1 F1800 X32.669 Y27.578 E1707.21391
M204 S2000
G0 F9000 X32.669 Y27.012
M204 S500
G1 F1800 X25.787 Y20.131 E1707.66707
M204 S2000
G0 F9000 X25.787 Y19.565
M204 S500
G1 F1800 X32.669 Y26.447 E1708.12026
M204 S2000
G0 F9000 X32.669 Y25.881
M204 S500
G1 F1800 X25.787 Y18.999 E1708.57345
M204 S2000
G0 F9000 X25.787 Y18.434
M204 S500
G1 F1800 X32.669 Y25.315 E1709.02661
M204 S2000
G0 F9000 X32.669 Y24.749
M204 S500
G1 F1800 X25.787 Y17.868 E1709.47977
M204 S2000
G0 F9000 X25.787 Y17.302
M204 S500
G1 F1800 X32.669 Y24.184 E1709.93296
M204 S2000
G0 F9000 X32.669 Y23.618
M204 S500
G1 F1800 X25.787 Y16.737 E1710.38612
M204 S2000
G0 F9000 X25.787 Y16.171
M204 S500
G1 F1800 X32.669 Y23.052 E1710.83928
M204 S2000
G0 F9000 X32.669 Y22.487
M204 S500
G1 F1800 X25.787 Y15.605 E1711.29247
M204 S2000
G0 F9000 X25.787 Y15.039
M204 S500
G1 F1800 X32.669 Y21.921 E1711.74566
M204 S2000
G0 F9000 X32.669 Y21.355
M204 S500
G1 F1800 X25.787 Y14.474 E1712.19882
M204 S2000
G0 F9000 X25.787 Y13.908
M204 S500
G1 F1800 X32.669 Y20.79 E1712.65201
M204 S2000
G0 F9000 X32.669 Y20.224
M204 S500
G1 F1800 X25.787 Y13.342 E1713.1052
M204 S2000
G0 F9000 X25.787 Y12.777
M204 S500
G1 F1800 X32.668 Y19.658 E1713.55833
M204 S2000
G0 F9000 X32.668 Y19.092
M204 S500
G1 F1800 X25.787 Y12.211 E1714.01146
M204 S2000
G0 F9000 X25.787 Y11.645
M204 S500
G1 F1800 X32.668 Y18.526 E1714.46458
M204 S2000
G0 F9000 X32.668 Y17.961
M204 S500
G1 F1800 X25.787 Y11.08 E1714.91771
M204 S2000
G0 F9000 X25.787 Y10.514
M204 S500
G1 F1800 X32.668 Y17.395 E1715.37083
M204 S2000
G0 F9000 X32.668 Y16.829
M204 S500
G1 F1800 X25.787 Y9.948 E1715.82396
M204 S2000
G0 F9000 X25.787 Y9.383
M204 S500
G1 F1800 X32.668 Y16.263 E1716.27705
M204 S2000
G0 F9000 X32.668 Y15.698
M204 S500
G1 F1800 X25.787 Y8.817 E1716.73018
M204 S2000
G0 F9000 X25.913 Y8.376
M204 S500
G1 F1800 X32.668 Y15.132 E1717.17504
M204 S2000
G0 F9000 X32.668 Y14.566
M204 S500
G1 F1800 X26.478 Y8.376 E1717.58266
M204 S2000
G0 F9000 X27.044 Y8.376
M204 S500
G1 F1800 X32.668 Y14.001 E1717.95304
M204 S2000
G0 F9000 X32.668 Y13.435
M204 S500
G1 F1800 X27.61 Y8.376 E1718.28615
M204 S2000
G0 F9000 X28.175 Y8.376
M204 S500
G1 F1800 X32.668 Y12.869 E1718.58203
M204 S2000
G0 F9000 X32.668 Y12.304
M204 S500
G1 F1800 X28.741 Y8.376 E1718.84066
M204 S2000
G0 F9000 X29.307 Y8.376
M204 S500
G1 F1800 X32.668 Y11.738 E1719.06202
M204 S2000
G0 F9000 X32.668 Y11.172
M204 S500
G1 F1800 X29.872 Y8.376 E1719.24614
M204 S2000
G0 F9000 X30.438 Y8.376
M204 S500
G1 F1800 X32.668 Y10.607 E1719.39302
M204 S2000
G0 F9000 X32.668 Y10.041
M204 S500
G1 F1800 X31.004 Y8.376 E1719.50263
M204 S2000
G0 F9000 X31.569 Y8.376
M204 S500
G1 F1800 X32.668 Y9.475 E1719.575
M204 S2000
G0 F9000 X32.668 Y8.91
M204 S500
G1 F1800 X32.135 Y8.376 E1719.61014
M204 S2000
G1 F2400 E1718.81014
G0 F9000 X32.135 Y7.916
G0 X33.056 Y7.988
G0 X33.39 Y103.02
G0 X34.163 Y103.281
G0 X34.162 Y103.742
M204 S500
G1 F2400 E1719.61014
G1 F1800 X41.292 Y110.871 E1720.07962
M204 S2000
G0 F9000 X41.857 Y110.871
M204 S500
G1 F1800 X34.728 Y103.742 E1720.54908
M204 S2000
G0 F9000 X35.294 Y103.742
M204 S500
G1 F1800 X42.423 Y110.871 E1721.01854
M204 S2000
G0 F9000 X42.989 Y110.871
M204 S500
G1 F1800 X35.86 Y103.742 E1721.488
M204 S2000
G0 F9000 X36.425 Y103.742
M204 S500
G1 F1800 X43.554 Y110.871 E1721.95745
M204 S2000
G0 F9000 X44.121 Y110.872
M204 S500
G1 F1800 X36.991 Y103.742 E1722.42697
M204 S2000
G0 F9000 X37.557 Y103.742
M204 S500
G1 F1800 X44.686 Y110.872 E1722.89646
M204 S2000
G0 F9000 X45.252 Y110.872
M204 S500
G1 F1800 X38.122 Y103.742 E1723.36599
M204 S2000
G0 F9000 X38.688 Y103.742
M204 S500
G1 F1800 X45.818 Y110.872 E1723.83551
M204 S2000
G0 F9000 X46.383 Y110.872
M204 S500
G1 F1800 X39.254 Y103.742 E1724.305
M204 S2000
G0 F9000 X39.819 Y103.742
M204 S500
G1 F1800 X46.949 Y110.872 E1724.77452
M204 S2000
G0 F9000 X47.515 Y110.872
M204 S500
G1 F1800 X40.385 Y103.742 E1725.24405
M204 S2000
G0 F9000 X40.951 Y103.742
M204 S500
G1 F1800 X48.081 Y110.872 E1725.71357
M204 S2000
G0 F9000 X48.647 Y110.872
M204 S500
G1 F1800 X41.516 Y103.742 E1726.18312
M204 S2000
G0 F9000 X42.082 Y103.742
M204 S500
G1 F1800 X49.213 Y110.872 E1726.65268
M204 S2000
G0 F9000 X49.778 Y110.872
M204 S500
G1 F1800 X42.648 Y103.742 E1727.1222
M204 S2000
G0 F9000 X43.214 Y103.742
M204 S500
G1 F1800 X50.344 Y110.872 E1727.59172
M204 S2000
G0 F9000 X50.91 Y110.872
M204 S500
G1 F1800 X43.78 Y103.742 E1728.06125
M204 S2000
G0 F9000 X44.345 Y103.742
M204 S500
G1 F1800 X51.476 Y110.873 E1728.53084
M204 S2000
G0 F9000 X52.042 Y110.873
M204 S500
G1 F1800 X44.911 Y103.742 E1729.00042
M204 S2000
G0 F9000 X45.477 Y103.742
M204 S500
G1 F1800 X52.607 Y110.873 E1729.46998
M204 S2000
G0 F9000 X53.173 Y110.873
M204 S500
G1 F1800 X46.043 Y103.742 E1729.93954
M204 S2000
G0 F9000 X46.608 Y103.742
M204 S500
G1 F1800 X53.739 Y110.873 E1730.40912
M204 S2000
G0 F9000 X54.304 Y110.873
M204 S500
G1 F1800 X47.174 Y103.742 E1730.87868
M204 S2000
G0 F9000 X47.74 Y103.742
M204 S500
G1 F1800 X54.871 Y110.874 E1731.3483
M204 S2000
G0 F9000 X55.436 Y110.874
M204 S500
G1 F1800 X48.305 Y103.742 E1731.81792
M204 S2000
G0 F9000 X48.871 Y103.742
M204 S500
G1 F1800 X56.002 Y110.874 E1732.28754
M204 S2000
G0 F9000 X56.568 Y110.874
M204 S500
G1 F1800 X49.437 Y103.742 E1732.75717
M204 S2000
G0 F9000 X50.002 Y103.742
M204 S500
G1 F1800 X57.134 Y110.874 E1733.22682
M204 S2000
G0 F9000 X57.699 Y110.874
M204 S500
G1 F1800 X50.568 Y103.742 E1733.69644
M204 S2000
G0 F9000 X51.134 Y103.742
M204 S500
G1 F1800 X58.265 Y110.874 E1734.16606
M204 S2000
G0 F9000 X58.831 Y110.874
M204 S500
G1 F1800 X51.699 Y103.742 E1734.63572
M204 S2000
G0 F9000 X52.266 Y103.743
M204 S500
G1 F1800 X59.397 Y110.874 E1735.10531
M204 S2000
G0 F9000 X59.963 Y110.874
M204 S500
G1 F1800 X52.831 Y103.743 E1735.57493
M204 S2000
G0 F9000 X53.397 Y103.743
M204 S500
G1 F1800 X60.528 Y110.874 E1736.04452
M204 S2000
G0 F9000 X61.094 Y110.874
M204 S500
G1 F1800 X53.963 Y103.743 E1736.5141
M204 S2000
G0 F9000 X54.529 Y103.743
M204 S500
G1 F1800 X61.66 Y110.874 E1736.98369
M204 S2000
G0 F9000 X62.226 Y110.875
M204 S500
G1 F1800 X55.094 Y103.743 E1737.45335
M204 S2000
G0 F9000 X55.66 Y103.743
M204 S500
G1 F1800 X62.792 Y110.875 E1737.923
M204 S2000
G0 F9000 X63.357 Y110.875
M204 S500
G1 F1800 X56.226 Y103.743 E1738.39262
M204 S2000
G0 F9000 X56.791 Y103.743
M204 S500
G1 F1800 X63.923 Y110.875 E1738.86228
M204 S2000
G0 F9000 X64.489 Y110.875
M204 S500
G1 F1800 X57.357 Y103.743 E1739.33193
M204 S2000
G0 F9000 X57.923 Y103.743
M204 S500
G1 F1800 X65.055 Y110.875 E1739.80159
M204 S2000
G0 F9000 X65.62 Y110.875
M204 S500
G1 F1800 X58.488 Y103.743 E1740.27124
M204 S2000
G0 F9000 X59.054 Y103.743
M204 S500
G1 F1800 X66.187 Y110.876 E1740.74096
M204 S2000
G0 F9000 X66.752 Y110.876
M204 S500
G1 F1800 X59.62 Y103.743 E1741.21065
M204 S2000
G0 F9000 X60.185 Y103.743
M204 S500
G1 F1800 X67.318 Y110.876 E1741.68037
M204 S2000
G0 F9000 X67.884 Y110.876
M204 S500
G1 F1800 X60.752 Y103.744 E1742.15002
M204 S2000
G0 F9000 X61.317 Y103.744
M204 S500
G1 F1800 X68.449 Y110.876 E1742.61968
M204 S2000
G0 F9000 X69.015 Y110.876
M204 S500
G1 F1800 X61.883 Y103.744 E1743.08933
M204 S2000
G0 F9000 X62.449 Y103.744
M204 S500
G1 F1800 X69.627 Y110.922 E1743.56201
M204 S2000
G0 F9000 X69.779 Y109.942
M204 S500
G1 F1800 X63.58 Y103.744 E1743.9702
M204 S2000
G0 F9000 X63.015 Y103.744
M204 S500
G1 F1800 X75.53 Y116.26 E1744.79436
M204 S2000
G0 F9000 X74.965 Y116.26
M204 S500
G1 F1800 X70.706 Y112.001 E1745.07483
M204 S2000
G0 F9000 X70.788 Y112.648
M204 S500
G1 F1800 X74.399 Y116.26 E1745.31265
M204 S2000
G0 F9000 X73.833 Y116.26
M204 S500
G1 F1800 X70.788 Y113.214 E1745.5132
M204 S2000
G0 F9000 X70.788 Y113.78
M204 S500
G1 F1800 X73.268 Y116.26 E1745.67651
M204 S2000
G0 F9000 X72.702 Y116.26
M204 S500
G1 F1800 X70.788 Y114.346 E1745.80255
M204 S2000
G0 F9000 X70.788 Y114.911
M204 S500
G1 F1800 X72.136 Y116.26 E1745.89135
M204 S2000
G0 F9000 X71.571 Y116.26
M204 S500
G1 F1800 X70.788 Y115.477 E1745.94292
M204 S2000
G0 F9000 X70.788 Y116.043
M204 S500
G1 F1800 X71.035 Y116.29 E1745.95918
M204 S2000
G0 F9000 X71.124 Y116.743
G0 X76.096 Y116.72
G0 X76.096 Y116.26
M204 S500
G1 F1800 X70.617 Y110.78 E1746.32002
M204 S2000
G0 F9000 X71.315 Y110.913
M204 S500
G1 F1800 X76.662 Y116.26 E1746.67213
M204 S2000
G0 F9000 X77.227 Y116.26
M204 S500
G1 F1800 X71.88 Y110.913 E1747.02423
M204 S2000
G0 F9000 X72.447 Y110.913
M204 S500
G1 F1800 X77.793 Y116.26 E1747.37631
M204 S2000
G0 F9000 X78.359 Y116.26
M204 S500
G1 F1800 X73.012 Y110.913 E1747.72842
M204 S2000
G0 F9000 X73.578 Y110.913
M204 S500
G1 F1800 X78.664 Y115.999 E1748.06334
M204 S2000
G0 F9000 X78.664 Y115.434
M204 S500
G1 F1800 X74.144 Y110.914 E1748.36099
M204 S2000
G0 F9000 X74.71 Y110.914
M204 S500
G1 F1800 X78.664 Y114.868 E1748.62137
M204 S2000
G0 F9000 X78.664 Y114.302
M204 S500
G1 F1800 X75.276 Y110.915 E1748.84444
M204 S2000
G0 F9000 X75.842 Y110.915
M204 S500
G1 F1800 X78.664 Y113.737 E1749.03027
M204 S2000
G0 F9000 X78.664 Y113.171
M204 S500
G1 F1800 X76.409 Y110.915 E1749.1788
M204 S2000
G0 F9000 X76.974 Y110.915
M204 S500
G1 F1800 X78.664 Y112.605 E1749.29009
M204 S2000
G0 F9000 X78.664 Y112.04
M204 S500
G1 F1800 X77.541 Y110.916 E1749.36408
M204 S2000
G0 F9000 X78.106 Y110.916
M204 S500
G1 F1800 X78.664 Y111.474 E1749.40082
M204 S2000
G0 F9000 X79.124 Y111.474
G0 X79.052 Y110.528
G0 X70.39 Y110.197
G0 X70.128 Y109.266
G0 X69.668 Y109.266
M204 S500
G1 F1800 X64.146 Y103.744 E1749.76446
M204 S2000
G0 F9000 X64.712 Y103.744
M204 S500
G1 F1800 X69.668 Y108.701 E1750.09085
M204 S2000
G0 F9000 X69.668 Y108.134
M204 S500
G1 F1800 X65.277 Y103.744 E1750.37997
M204 S2000
G0 F9000 X65.843 Y103.744
M204 S500
G1 F1800 X69.668 Y107.569 E1750.63185
M204 S2000
G0 F9000 X69.667 Y107.002
M204 S500
G1 F1800 X66.409 Y103.744 E1750.8464
M204 S2000
G0 F9000 X66.974 Y103.744
M204 S500
G1 F1800 X69.666 Y106.436 E1751.02367
M204 S2000
G0 F9000 X69.666 Y105.87
M204 S500
G1 F1800 X67.54 Y103.744 E1751.16367
M204 S2000
G0 F9000 X68.106 Y103.744
M204 S500
G1 F1800 X69.666 Y105.304 E1751.2664
M204 S2000
G0 F9000 X69.666 Y104.738
M204 S500
G1 F1800 X68.671 Y103.744 E1751.33189
M204 S2000
G0 F9000 X69.237 Y103.744
M204 S500
G1 F1800 X69.665 Y104.172 E1751.36008
M204 S2000
G1 F2400 E1750.56008
;MESH:NONMESH
G0 F300 X69.665 Y104.172 Z4.4
G0 F9000 X70.125 Y104.172
G0 X70.39 Y110.197
G0 X79.052 Y110.528
G0 X79.052 Y116.648
G0 X70.39 Y116.985
G0 X70.39 Y119.165
G0 X76.154 Y119.174
G0 X79.052 Y119.5
G0 X79.224 Y126.816
;TIME_ELAPSED:1890.996237
;LAYER:15
M204 S500
;TYPE:WALL-INNER
;MESH:kapaklar (1).stl
G1 F2400 E1751.36008
G1 F1800 X79.224 Y110.356 E1752.12652
G1 X71.228 Y110.356 E1752.49885
G1 X70.968 Y110.322 E1752.51106
G1 X70.757 Y110.239 E1752.52162
G1 X70.45 Y109.985 E1752.54017
G1 X70.313 Y109.762 E1752.55236
G1 X70.228 Y109.357 E1752.57163
G1 X70.224 Y103.188 E1752.85888
G1 X34.118 Y103.184 E1754.54013
G1 X33.777 Y103.077 E1754.55677
G1 X33.542 Y102.912 E1754.57014
G1 X33.353 Y102.67 E1754.58444
G1 X33.228 Y102.303 E1754.60249
G1 X33.228 Y7.816 E1759.0022
G1 X25.228 Y7.816 E1759.37471
G1 X25.229 Y111.431 E1764.19946
G1 X69.228 Y111.432 E1766.24824
G1 X69.488 Y111.466 E1766.26045
G1 X69.844 Y111.643 E1766.27896
G1 X70.006 Y111.803 E1766.28957
G1 X70.143 Y112.026 E1766.30175
G1 X70.228 Y112.432 E1766.32107
G1 X70.228 Y126.816 E1766.99085
G1 X79.224 Y126.816 E1767.40974
M204 S2000
G0 F9000 X79.624 Y127.216
M204 S500
G1 F1800 X79.624 Y109.956 E1768.21344
G1 X71.228 Y109.956 E1768.60439
G1 X70.945 Y109.886 E1768.61796
G1 X70.761 Y109.734 E1768.62908
G1 X70.679 Y109.6 E1768.63639
G1 X70.628 Y109.357 E1768.64795
G1 X70.624 Y102.788 E1768.95383
G1 X34.162 Y102.784 E1770.65166
G1 X33.881 Y102.675 E1770.66569
G1 X33.755 Y102.555 E1770.67379
G1 X33.628 Y102.257 E1770.68888
G1 X33.628 Y7.416 E1775.10507
G1 X24.828 Y7.416 E1775.51484
G1 X24.829 Y111.831 E1780.37684
G1 X69.228 Y111.832 E1782.44424
G1 X69.511 Y111.902 E1782.45782
G1 X69.695 Y112.054 E1782.46893
G1 X69.777 Y112.188 E1782.47624
G1 X69.828 Y112.432 E1782.48785
G1 X69.828 Y127.216 E1783.17626
G1 X79.624 Y127.216 E1783.6324
M204 S2000
G0 F9000 X80.024 Y127.616
M204 S500
;TYPE:WALL-OUTER
G1 F1800 X80.024 Y109.556 E1784.47335
G1 X71.176 Y109.55 E1784.88535
G1 X71.028 Y109.416 E1784.89464
G1 X71.024 Y102.388 E1785.2219
G1 X34.184 Y102.384 E1786.93732
G1 X34.07 Y102.308 E1786.9437
G1 X34.03 Y102.219 E1786.94825
G1 X34.028 Y7.016 E1791.3813
G1 X24.428 Y7.016 E1791.82831
G1 X24.429 Y112.231 E1796.72756
G1 X69.28 Y112.238 E1798.81601
G1 X69.428 Y112.372 E1798.82531
G1 X69.428 Y127.616 E1799.53513
G1 X80.024 Y127.616 E1800.02853
M204 S2000
G0 F9000 X79.745 Y127.337
G0 X79.124 Y126.456
G0 X78.864 Y126.456
M204 S500
;TYPE:SKIN
G1 F1800 X70.588 Y126.456 E1800.41389
G1 X70.584 Y112.395 E1801.06863
G1 X70.472 Y111.875 E1801.0934
G1 X70.298 Y111.593 E1801.10883
G1 X69.979 Y111.27 E1801.12997
G1 X69.556 Y111.113 E1801.15098
G1 X69.26 Y111.074 E1801.16488
G1 X25.588 Y111.068 E1803.19843
G1 X25.588 Y8.176 E1807.98952
G1 X32.868 Y8.176 E1808.3285
G1 X32.87 Y102.366 E1812.71438
G1 X33.036 Y102.841 E1812.73781
G1 X33.294 Y103.174 E1812.75743
G1 X33.609 Y103.395 E1812.77535
G1 X34.053 Y103.545 E1812.79717
G1 X69.864 Y103.548 E1814.46468
G1 X69.871 Y109.392 E1814.7368
G1 X69.981 Y109.909 E1814.76141
G1 X70.182 Y110.226 E1814.77889
G1 X70.474 Y110.51 E1814.79786
G1 X70.85 Y110.659 E1814.81669
G1 X71.199 Y110.714 E1814.83314
G1 X78.864 Y110.716 E1815.19006
G1 X78.864 Y126.456 E1815.92298
M204 S2000
G0 F9000 X78.664 Y126.115
M204 S500
G1 F1800 X78.522 Y126.256 E1815.9323
M204 S2000
G0 F9000 X77.956 Y126.256
M204 S500
G1 F1800 X78.664 Y125.549 E1815.97889
M204 S2000
G0 F9000 X78.664 Y124.983
M204 S500
G1 F1800 X77.391 Y126.256 E1816.06271
M204 S2000
G0 F9000 X76.825 Y126.256
M204 S500
G1 F1800 X78.664 Y124.418 E1816.18378
M204 S2000
G0 F9000 X78.664 Y123.852
M204 S500
G1 F1800 X76.259 Y126.256 E1816.34212
M204 S2000
G0 F9000 X75.694 Y126.256
M204 S500
G1 F1800 X78.664 Y123.286 E1816.5377
M204 S2000
G0 F9000 X78.664 Y122.721
M204 S500
G1 F1800 X75.128 Y126.256 E1816.77052
M204 S2000
G0 F9000 X74.562 Y126.256
M204 S500
G1 F1800 X78.664 Y122.155 E1817.04061
M204 S2000
G0 F9000 X78.664 Y121.589
M204 S500
G1 F1800 X73.997 Y126.256 E1817.34794
M204 S2000
G0 F9000 X73.431 Y126.256
M204 S500
G1 F1800 X78.664 Y121.023 E1817.69254
M204 S2000
G0 F9000 X78.664 Y120.458
M204 S500
G1 F1800 X72.865 Y126.256 E1818.07439
M204 S2000
G0 F9000 X72.3 Y126.256
M204 S500
G1 F1800 X78.664 Y119.892 E1818.49347
M204 S2000
G0 F9000 X78.664 Y119.326
M204 S500
G1 F1800 X71.734 Y126.256 E1818.94982
M204 S2000
G0 F9000 X71.168 Y126.256
M204 S500
G1 F1800 X78.664 Y118.761 E1819.44341
M204 S2000
G0 F9000 X78.664 Y118.195
M204 S500
G1 F1800 X70.788 Y126.07 E1819.96202
M204 S2000
G0 F9000 X70.788 Y125.504
M204 S500
G1 F1800 X78.664 Y117.629 E1820.48064
M204 S2000
G0 F9000 X78.664 Y117.064
M204 S500
G1 F1800 X70.788 Y124.939 E1820.99926
M204 S2000
G0 F9000 X70.788 Y124.373
M204 S500
G1 F1800 X78.664 Y116.498 E1821.51787
M204 S2000
G0 F9000 X78.664 Y115.932
M204 S500
G1 F1800 X70.788 Y123.807 E1822.03649
M204 S2000
G0 F9000 X70.788 Y123.242
M204 S500
G1 F1800 X78.664 Y115.367 E1822.5551
M204 S2000
G0 F9000 X78.664 Y114.801
M204 S500
G1 F1800 X70.788 Y122.676 E1823.07372
M204 S2000
G0 F9000 X70.788 Y122.11
M204 S500
G1 F1800 X78.664 Y114.235 E1823.59233
M204 S2000
G0 F9000 X78.664 Y113.67
M204 S500
G1 F1800 X70.788 Y121.545 E1824.11095
M204 S2000
G0 F9000 X70.788 Y120.979
M204 S500
G1 F1800 X78.664 Y113.104 E1824.62956
M204 S2000
G0 F9000 X78.664 Y112.538
M204 S500
G1 F1800 X70.788 Y120.413 E1825.14818
M204 S2000
G0 F9000 X70.788 Y119.848
M204 S500
G1 F1800 X78.664 Y111.972 E1825.66682
M204 S2000
G0 F9000 X78.664 Y111.407
M204 S500
G1 F1800 X70.788 Y119.282 E1826.18544
M204 S2000
G0 F9000 X70.788 Y118.716
M204 S500
G1 F1800 X78.589 Y110.915 E1826.69915
M204 S2000
G0 F9000 X78.024 Y110.915
M204 S500
G1 F1800 X70.788 Y118.15 E1827.17562
M204 S2000
G0 F9000 X70.788 Y117.585
M204 S500
G1 F1800 X77.458 Y110.915 E1827.61485
M204 S2000
G0 F9000 X76.893 Y110.915
M204 S500
G1 F1800 X70.788 Y117.019 E1828.01684
M204 S2000
G0 F9000 X70.788 Y116.453
M204 S500
G1 F1800 X76.327 Y110.915 E1828.38156
M204 S2000
G0 F9000 X75.762 Y110.914
M204 S500
G1 F1800 X70.788 Y115.888 E1828.70911
M204 S2000
G0 F9000 X70.788 Y115.322
M204 S500
G1 F1800 X75.197 Y110.914 E1828.99941
M204 S2000
G0 F9000 X74.632 Y110.913
M204 S500
G1 F1800 X70.788 Y114.756 E1829.25252
M204 S2000
G0 F9000 X70.788 Y114.191
M204 S500
G1 F1800 X74.066 Y110.913 E1829.46838
M204 S2000
G0 F9000 X73.501 Y110.913
M204 S500
G1 F1800 X70.788 Y113.625 E1829.647
M204 S2000
G0 F9000 X70.788 Y113.059
M204 S500
G1 F1800 X72.935 Y110.913 E1829.78835
M204 S2000
G0 F9000 X72.37 Y110.912
M204 S500
G1 F1800 X70.788 Y112.494 E1829.89253
M204 S2000
G0 F9000 X70.709 Y112.008
M204 S500
G1 F1800 X71.805 Y110.912 E1829.9647
M204 S2000
G0 F9000 X71.239 Y110.912
M204 S500
G1 F1800 X70.542 Y111.608 E1830.01057
M204 S2000
G0 F9000 X70.289 Y111.296
M204 S500
G1 F1800 X70.751 Y110.834 E1830.04099
M204 S2000
G0 F9000 X70.351 Y110.668
M204 S500
G1 F1800 X69.968 Y111.051 E1830.06621
M204 S2000
G0 F9000 X69.543 Y110.911
M204 S500
G1 F1800 X70.05 Y110.404 E1830.0996
M204 S2000
G0 F9000 X69.835 Y110.053
M204 S500
G1 F1800 X69.012 Y110.876 E1830.1538
M204 S2000
G0 F9000 X68.446 Y110.876
M204 S500
G1 F1800 X69.711 Y109.611 E1830.2371
M204 S2000
G0 F9000 X69.668 Y109.089
M204 S500
G1 F1800 X67.88 Y110.876 E1830.35481
M204 S2000
G0 F9000 X67.314 Y110.876
M204 S500
G1 F1800 X69.668 Y108.523 E1830.50979
M204 S2000
G0 F9000 X69.667 Y107.958
M204 S500
G1 F1800 X66.749 Y110.876 E1830.70194
M204 S2000
G0 F9000 X66.183 Y110.876
M204 S500
G1 F1800 X69.666 Y107.393 E1830.93131
M204 S2000
G0 F9000 X69.666 Y106.828
M204 S500
G1 F1800 X65.618 Y110.876 E1831.19787
M204 S2000
G0 F9000 X65.052 Y110.876
M204 S500
G1 F1800 X69.666 Y106.263 E1831.50168
M204 S2000
G0 F9000 X69.666 Y105.697
M204 S500
G1 F1800 X64.487 Y110.876 E1831.84273
M204 S2000
G0 F9000 X63.921 Y110.876
M204 S500
G1 F1800 X69.665 Y105.132 E1832.22098
M204 S2000
G0 F9000 X69.664 Y104.567
M204 S500
G1 F1800 X63.355 Y110.876 E1832.63644
M204 S2000
G0 F9000 X62.79 Y110.876
M204 S500
G1 F1800 X69.664 Y104.001 E1833.08913
M204 S2000
G0 F9000 X69.352 Y103.747
M204 S500
G1 F1800 X62.224 Y110.876 E1833.55856
M204 S2000
G0 F9000 X61.659 Y110.875
M204 S500
G1 F1800 X68.787 Y103.747 E1834.02795
M204 S2000
G0 F9000 X68.221 Y103.747
M204 S500
G1 F1800 X61.093 Y110.875 E1834.49734
M204 S2000
G0 F9000 X60.528 Y110.875
M204 S500
G1 F1800 X67.655 Y103.747 E1834.9667
M204 S2000
G0 F9000 X67.09 Y103.747
M204 S500
G1 F1800 X59.962 Y110.875 E1835.43609
M204 S2000
G0 F9000 X59.396 Y110.875
M204 S500
G1 F1800 X66.524 Y103.747 E1835.90548
M204 S2000
G0 F9000 X65.958 Y103.747
M204 S500
G1 F1800 X58.831 Y110.875 E1836.37484
M204 S2000
G0 F9000 X58.266 Y110.874
M204 S500
G1 F1800 X65.393 Y103.747 E1836.84416
M204 S2000
G0 F9000 X64.827 Y103.747
M204 S500
G1 F1800 X57.7 Y110.874 E1837.31349
M204 S2000
G0 F9000 X57.134 Y110.874
M204 S500
G1 F1800 X64.261 Y103.747 E1837.78281
M204 S2000
G0 F9000 X63.695 Y103.747
M204 S500
G1 F1800 X56.569 Y110.874 E1838.25211
M204 S2000
G0 F9000 X56.003 Y110.874
M204 S500
G1 F1800 X63.13 Y103.747 E1838.72143
M204 S2000
G0 F9000 X62.564 Y103.747
M204 S500
G1 F1800 X55.437 Y110.874 E1839.19076
M204 S2000
G0 F9000 X54.871 Y110.874
M204 S500
G1 F1800 X61.998 Y103.747 E1839.66008
M204 S2000
G0 F9000 X61.433 Y103.747
M204 S500
G1 F1800 X54.307 Y110.874 E1840.12937
M204 S2000
G0 F9000 X53.741 Y110.874
M204 S500
G1 F1800 X60.867 Y103.747 E1840.59867
M204 S2000
G0 F9000 X60.302 Y103.747
M204 S500
G1 F1800 X53.175 Y110.874 E1841.06799
M204 S2000
G0 F9000 X52.609 Y110.874
M204 S500
G1 F1800 X59.736 Y103.747 E1841.53732
M204 S2000
G0 F9000 X59.171 Y103.747
M204 S500
G1 F1800 X52.044 Y110.874 E1842.00664
M204 S2000
G0 F9000 X51.478 Y110.874
M204 S500
G1 F1800 X58.605 Y103.747 E1842.47597
M204 S2000
G0 F9000 X58.039 Y103.747
M204 S500
G1 F1800 X50.913 Y110.873 E1842.94523
M204 S2000
G0 F9000 X50.347 Y110.873
M204 S500
G1 F1800 X57.474 Y103.747 E1843.41452
M204 S2000
G0 F9000 X56.908 Y103.747
M204 S500
G1 F1800 X49.782 Y110.873 E1843.88378
M204 S2000
G0 F9000 X49.216 Y110.873
M204 S500
G1 F1800 X56.342 Y103.747 E1844.35304
M204 S2000
G0 F9000 X55.777 Y103.747
M204 S500
G1 F1800 X48.65 Y110.873 E1844.82233
M204 S2000
G0 F9000 X48.085 Y110.873
M204 S500
G1 F1800 X55.211 Y103.747 E1845.29159
M204 S2000
G0 F9000 X54.645 Y103.747
M204 S500
G1 F1800 X47.52 Y110.872 E1845.76078
M204 S2000
G0 F9000 X46.954 Y110.872
M204 S500
G1 F1800 X54.08 Y103.747 E1846.23001
M204 S2000
G0 F9000 X53.514 Y103.747
M204 S500
G1 F1800 X46.388 Y110.872 E1846.69923
M204 S2000
G0 F9000 X45.823 Y110.872
M204 S500
G1 F1800 X52.948 Y103.747 E1847.16843
M204 S2000
G0 F9000 X52.382 Y103.747
M204 S500
G1 F1800 X45.257 Y110.872 E1847.63762
M204 S2000
G0 F9000 X44.691 Y110.872
M204 S500
G1 F1800 X51.817 Y103.746 E1848.10688
M204 S2000
G0 F9000 X51.252 Y103.746
M204 S500
G1 F1800 X44.126 Y110.872 E1848.57614
M204 S2000
G0 F9000 X43.561 Y110.872
M204 S500
G1 F1800 X50.686 Y103.746 E1849.04537
M204 S2000
G0 F9000 X50.12 Y103.746
M204 S500
G1 F1800 X42.995 Y110.872 E1849.51459
M204 S2000
G0 F9000 X42.429 Y110.872
M204 S500
G1 F1800 X49.555 Y103.746 E1849.98385
M204 S2000
G0 F9000 X48.989 Y103.746
M204 S500
G1 F1800 X41.864 Y110.872 E1850.45308
M204 S2000
G0 F9000 X41.298 Y110.872
M204 S500
G1 F1800 X48.423 Y103.746 E1850.9223
M204 S2000
G0 F9000 X47.858 Y103.746
M204 S500
G1 F1800 X40.732 Y110.872 E1851.39156
M204 S2000
G0 F9000 X40.167 Y110.871
M204 S500
G1 F1800 X47.292 Y103.746 E1851.86076
M204 S2000
G0 F9000 X46.726 Y103.746
M204 S500
G1 F1800 X39.602 Y110.871 E1852.32992
M204 S2000
G0 F9000 X39.036 Y110.871
M204 S500
G1 F1800 X46.161 Y103.746 E1852.79911
M204 S2000
G0 F9000 X45.595 Y103.746
M204 S500
G1 F1800 X38.47 Y110.871 E1853.2683
M204 S2000
G0 F9000 X37.904 Y110.871
M204 S500
G1 F1800 X45.029 Y103.746 E1853.7375
M204 S2000
G0 F9000 X44.464 Y103.746
M204 S500
G1 F1800 X37.339 Y110.871 E1854.20669
M204 S2000
G0 F9000 X36.773 Y110.871
M204 S500
G1 F1800 X43.898 Y103.746 E1854.67588
M204 S2000
G0 F9000 X43.332 Y103.746
M204 S500
G1 F1800 X36.208 Y110.87 E1855.14501
M204 S2000
G0 F9000 X35.642 Y110.87
M204 S500
G1 F1800 X42.767 Y103.745 E1855.61421
M204 S2000
G0 F9000 X42.202 Y103.745
M204 S500
G1 F1800 X35.077 Y110.87 E1856.0834
M204 S2000
G0 F9000 X34.511 Y110.87
M204 S500
G1 F1800 X41.636 Y103.745 E1856.55259
M204 S2000
G0 F9000 X41.07 Y103.745
M204 S500
G1 F1800 X33.945 Y110.87 E1857.02179
M204 S2000
G0 F9000 X33.38 Y110.87
M204 S500
G1 F1800 X40.504 Y103.745 E1857.49095
M204 S2000
G0 F9000 X39.939 Y103.745
M204 S500
G1 F1800 X32.815 Y110.869 E1857.96007
M204 S2000
G0 F9000 X32.249 Y110.869
M204 S500
G1 F1800 X39.373 Y103.745 E1858.4292
M204 S2000
G0 F9000 X38.807 Y103.745
M204 S500
G1 F1800 X31.683 Y110.869 E1858.89833
M204 S2000
G0 F9000 X31.118 Y110.869
M204 S500
G1 F1800 X38.242 Y103.745 E1859.36746
M204 S2000
G0 F9000 X37.676 Y103.745
M204 S500
G1 F1800 X30.552 Y110.869 E1859.83658
M204 S2000
G0 F9000 X29.986 Y110.869
M204 S500
G1 F1800 X37.11 Y103.745 E1860.30571
M204 S2000
G0 F9000 X36.545 Y103.745
M204 S500
G1 F1800 X29.421 Y110.869 E1860.77484
M204 S2000
G0 F9000 X28.856 Y110.869
M204 S500
G1 F1800 X35.979 Y103.745 E1861.24393
M204 S2000
G0 F9000 X35.413 Y103.745
M204 S500
G1 F1800 X28.29 Y110.869 E1861.71303
M204 S2000
G0 F9000 X27.724 Y110.869
M204 S500
G1 F1800 X34.848 Y103.745 E1862.18216
M204 S2000
G0 F9000 X34.282 Y103.745
M204 S500
G1 F1800 X27.159 Y110.869 E1862.65125
M204 S2000
G0 F9000 X26.593 Y110.869
M204 S500
G1 F1800 X33.793 Y103.669 E1863.12538
M204 S2000
G0 F9000 X33.402 Y103.494
M204 S500
G1 F1800 X26.027 Y110.869 E1863.61104
M204 S2000
G0 F9000 X25.788 Y110.542
M204 S500
G1 F1800 X33.093 Y103.237 E1864.09209
M204 S2000
G0 F9000 X32.852 Y102.912
M204 S500
G1 F1800 X25.788 Y109.976 E1864.55726
M204 S2000
G0 F9000 X25.788 Y109.411
M204 S500
G1 F1800 X32.705 Y102.494 E1865.01276
M204 S2000
G0 F9000 X32.672 Y101.961
M204 S500
G1 F1800 X25.788 Y108.845 E1865.46608
M204 S2000
G0 F9000 X25.788 Y108.279
M204 S500
G1 F1800 X32.672 Y101.396 E1865.91937
M204 S2000
G0 F9000 X32.672 Y100.83
M204 S500
G1 F1800 X25.788 Y107.714 E1866.3727
M204 S2000
G0 F9000 X25.788 Y107.148
M204 S500
G1 F1800 X32.672 Y100.264 E1866.82602
M204 S2000
G0 F9000 X32.672 Y99.699
M204 S500
G1 F1800 X25.788 Y106.582 E1867.27931
M204 S2000
G0 F9000 X25.788 Y106.017
M204 S500
G1 F1800 X32.672 Y99.133 E1867.73263
M204 S2000
G0 F9000 X32.672 Y98.567
M204 S500
G1 F1800 X25.788 Y105.451 E1868.18595
M204 S2000
G0 F9000 X25.788 Y104.885
M204 S500
G1 F1800 X32.672 Y98.001 E1868.63928
M204 S2000
G0 F9000 X32.672 Y97.436
M204 S500
G1 F1800 X25.788 Y104.319 E1869.09257
M204 S2000
G0 F9000 X25.788 Y103.754
M204 S500
G1 F1800 X32.672 Y96.87 E1869.54589
M204 S2000
G0 F9000 X32.672 Y96.304
M204 S500
G1 F1800 X25.788 Y103.188 E1869.99921
M204 S2000
G0 F9000 X25.788 Y102.622
M204 S500
G1 F1800 X32.672 Y95.739 E1870.4525
M204 S2000
G0 F9000 X32.672 Y95.173
M204 S500
G1 F1800 X25.788 Y102.057 E1870.90583
M204 S2000
G0 F9000 X25.788 Y101.491
M204 S500
G1 F1800 X32.672 Y94.607 E1871.35915
M204 S2000
G0 F9000 X32.672 Y94.042
M204 S500
G1 F1800 X25.788 Y100.925 E1871.81244
M204 S2000
G0 F9000 X25.788 Y100.36
M204 S500
G1 F1800 X32.672 Y93.476 E1872.26576
M204 S2000
G0 F9000 X32.672 Y92.91
M204 S500
G1 F1800 X25.788 Y99.794 E1872.71909
M204 S2000
G0 F9000 X25.788 Y99.228
M204 S500
G1 F1800 X32.672 Y92.345 E1873.17238
M204 S2000
G0 F9000 X32.672 Y91.779
M204 S500
G1 F1800 X25.788 Y98.663 E1873.6257
M204 S2000
G0 F9000 X25.788 Y98.097
M204 S500
G1 F1800 X32.672 Y91.213 E1874.07902
M204 S2000
G0 F9000 X32.672 Y90.648
M204 S500
G1 F1800 X25.788 Y97.531 E1874.53231
M204 S2000
G0 F9000 X25.788 Y96.966
M204 S500
G1 F1800 X32.672 Y90.082 E1874.98564
M204 S2000
G0 F9000 X32.672 Y89.516
M204 S500
G1 F1800 X25.788 Y96.4 E1875.43896
M204 S2000
G0 F9000 X25.788 Y95.834
M204 S500
G1 F1800 X32.671 Y88.951 E1875.89222
M204 S2000
G0 F9000 X32.671 Y88.386
M204 S500
G1 F1800 X25.788 Y95.268 E1876.34544
M204 S2000
G0 F9000 X25.788 Y94.703
M204 S500
G1 F1800 X32.671 Y87.82 E1876.7987
M204 S2000
G0 F9000 X32.671 Y87.254
M204 S500
G1 F1800 X25.788 Y94.137 E1877.25196
M204 S2000
G0 F9000 X25.788 Y93.571
M204 S500
G1 F1800 X32.671 Y86.688 E1877.70521
M204 S2000
G0 F9000 X32.671 Y86.123
M204 S500
G1 F1800 X25.788 Y93.006 E1878.15847
M204 S2000
G0 F9000 X25.788 Y92.44
M204 S500
G1 F1800 X32.671 Y85.557 E1878.61173
M204 S2000
G0 F9000 X32.671 Y84.991
M204 S500
G1 F1800 X25.788 Y91.874 E1879.06499
M204 S2000
G0 F9000 X25.788 Y91.309
M204 S500
G1 F1800 X32.671 Y84.426 E1879.51824
M204 S2000
G0 F9000 X32.671 Y83.86
M204 S500
G1 F1800 X25.788 Y90.743 E1879.9715
M204 S2000
G0 F9000 X25.788 Y90.177
M204 S500
G1 F1800 X32.671 Y83.294 E1880.42476
M204 S2000
G0 F9000 X32.671 Y82.729
M204 S500
G1 F1800 X25.788 Y89.612 E1880.87802
M204 S2000
G0 F9000 X25.788 Y89.046
M204 S500
G1 F1800 X32.671 Y82.163 E1881.33127
M204 S2000
G0 F9000 X32.671 Y81.597
M204 S500
G1 F1800 X25.788 Y88.48 E1881.78453
M204 S2000
G0 F9000 X25.788 Y87.915
M204 S500
G1 F1800 X32.671 Y81.032 E1882.23779
M204 S2000
G0 F9000 X32.671 Y80.466
M204 S500
G1 F1800 X25.788 Y87.349 E1882.69104
M204 S2000
G0 F9000 X25.788 Y86.783
M204 S500
G1 F1800 X32.671 Y79.9 E1883.1443
M204 S2000
G0 F9000 X32.671 Y79.335
M204 S500
G1 F1800 X25.788 Y86.218 E1883.59756
M204 S2000
G0 F9000 X25.788 Y85.652
M204 S500
G1 F1800 X32.671 Y78.769 E1884.05082
M204 S2000
G0 F9000 X32.671 Y78.203
M204 S500
G1 F1800 X25.788 Y85.086 E1884.50407
M204 S2000
G0 F9000 X25.788 Y84.52
M204 S500
G1 F1800 X32.671 Y77.637 E1884.95733
M204 S2000
G0 F9000 X32.671 Y77.072
M204 S500
G1 F1800 X25.788 Y83.955 E1885.41059
M204 S2000
G0 F9000 X25.788 Y83.389
M204 S500
G1 F1800 X32.671 Y76.506 E1885.86385
M204 S2000
G0 F9000 X32.671 Y75.94
M204 S500
G1 F1800 X25.788 Y82.823 E1886.3171
M204 S2000
G0 F9000 X25.788 Y82.258
M204 S500
G1 F1800 X32.67 Y75.375 E1886.77033
M204 S2000
G0 F9000 X32.67 Y74.81
M204 S500
G1 F1800 X25.788 Y81.692 E1887.22352
M204 S2000
G0 F9000 X25.788 Y81.126
M204 S500
G1 F1800 X32.67 Y74.244 E1887.67671
M204 S2000
G0 F9000 X32.67 Y73.678
M204 S500
G1 F1800 X25.788 Y80.561 E1888.12993
M204 S2000
G0 F9000 X25.788 Y79.995
M204 S500
G1 F1800 X32.67 Y73.113 E1888.58313
M204 S2000
G0 F9000 X32.67 Y72.547
M204 S500
G1 F1800 X25.788 Y79.429 E1889.03632
M204 S2000
G0 F9000 X25.788 Y78.864
M204 S500
G1 F1800 X32.67 Y71.981 E1889.48954
M204 S2000
G0 F9000 X32.67 Y71.416
M204 S500
G1 F1800 X25.788 Y78.298 E1889.94273
M204 S2000
G0 F9000 X25.788 Y77.732
M204 S500
G1 F1800 X32.67 Y70.85 E1890.39593
M204 S2000
G0 F9000 X32.67 Y70.284
M204 S500
G1 F1800 X25.788 Y77.167 E1890.84915
M204 S2000
G0 F9000 X25.788 Y76.601
M204 S500
G1 F1800 X32.67 Y69.719 E1891.30234
M204 S2000
G0 F9000 X32.67 Y69.153
M204 S500
G1 F1800 X25.788 Y76.035 E1891.75553
M204 S2000
G0 F9000 X25.788 Y75.47
M204 S500
G1 F1800 X32.67 Y68.587 E1892.20876
M204 S2000
G0 F9000 X32.67 Y68.022
M204 S500
G1 F1800 X25.788 Y74.904 E1892.66195
M204 S2000
G0 F9000 X25.788 Y74.338
M204 S500
G1 F1800 X32.67 Y67.456 E1893.11514
M204 S2000
G0 F9000 X32.67 Y66.89
M204 S500
G1 F1800 X25.788 Y73.772 E1893.56833
M204 S2000
G0 F9000 X25.788 Y73.207
M204 S500
G1 F1800 X32.67 Y66.324 E1894.02156
M204 S2000
G0 F9000 X32.67 Y65.759
M204 S500
G1 F1800 X25.788 Y72.641 E1894.47475
M204 S2000
G0 F9000 X25.788 Y72.075
M204 S500
G1 F1800 X32.67 Y65.193 E1894.92794
M204 S2000
G0 F9000 X32.67 Y64.627
M204 S500
G1 F1800 X25.788 Y71.51 E1895.38116
M204 S2000
G0 F9000 X25.788 Y70.944
M204 S500
G1 F1800 X32.67 Y64.062 E1895.83435
M204 S2000
G0 F9000 X32.67 Y63.496
M204 S500
G1 F1800 X25.788 Y70.378 E1896.28755
M204 S2000
G0 F9000 X25.788 Y69.813
M204 S500
G1 F1800 X32.67 Y62.93 E1896.74077
M204 S2000
G0 F9000 X32.67 Y62.365
M204 S500
G1 F1800 X25.788 Y69.247 E1897.19396
M204 S2000
G0 F9000 X25.788 Y68.681
M204 S500
G1 F1800 X32.67 Y61.8 E1897.64712
M204 S2000
G0 F9000 X32.67 Y61.234
M204 S500
G1 F1800 X25.788 Y68.116 E1898.10031
M204 S2000
G0 F9000 X25.788 Y67.55
M204 S500
G1 F1800 X32.67 Y60.668 E1898.5535
M204 S2000
G0 F9000 X32.67 Y60.103
M204 S500
G1 F1800 X25.788 Y66.984 E1899.00666
M204 S2000
G0 F9000 X25.788 Y66.419
M204 S500
G1 F1800 X32.67 Y59.537 E1899.45985
M204 S2000
G0 F9000 X32.67 Y58.971
M204 S500
G1 F1800 X25.788 Y65.853 E1899.91304
M204 S2000
G0 F9000 X25.788 Y65.287
M204 S500
G1 F1800 X32.67 Y58.406 E1900.3662
M204 S2000
G0 F9000 X32.67 Y57.84
M204 S500
G1 F1800 X25.788 Y64.721 E1900.81936
M204 S2000
G0 F9000 X25.788 Y64.156
M204 S500
G1 F1800 X32.67 Y57.274 E1901.27255
M204 S2000
G0 F9000 X32.67 Y56.709
M204 S500
G1 F1800 X25.788 Y63.59 E1901.72571
M204 S2000
G0 F9000 X25.788 Y63.024
M204 S500
G1 F1800 X32.67 Y56.143 E1902.17887
M204 S2000
G0 F9000 X32.67 Y55.577
M204 S500
G1 F1800 X25.788 Y62.459 E1902.63206
M204 S2000
G0 F9000 X25.788 Y61.893
M204 S500
G1 F1800 X32.67 Y55.011 E1903.08525
M204 S2000
G0 F9000 X32.67 Y54.446
M204 S500
G1 F1800 X25.788 Y61.327 E1903.53841
M204 S2000
G0 F9000 X25.788 Y60.762
M204 S500
G1 F1800 X32.67 Y53.88 E1903.9916
M204 S2000
G0 F9000 X32.67 Y53.314
M204 S500
G1 F1800 X25.788 Y60.196 E1904.44479
M204 S2000
G0 F9000 X25.788 Y59.63
M204 S500
G1 F1800 X32.67 Y52.749 E1904.89795
M204 S2000
G0 F9000 X32.67 Y52.183
M204 S500
G1 F1800 X25.788 Y59.065 E1905.35114
M204 S2000
G0 F9000 X25.788 Y58.499
M204 S500
G1 F1800 X32.67 Y51.617 E1905.80434
M204 S2000
G0 F9000 X32.67 Y51.052
M204 S500
G1 F1800 X25.788 Y57.933 E1906.25749
M204 S2000
G0 F9000 X25.788 Y57.368
M204 S500
G1 F1800 X32.67 Y50.486 E1906.71069
M204 S2000
G0 F9000 X32.67 Y49.92
M204 S500
G1 F1800 X25.788 Y56.802 E1907.16388
M204 S2000
G0 F9000 X25.788 Y56.236
M204 S500
G1 F1800 X32.67 Y49.355 E1907.61704
M204 S2000
G0 F9000 X32.67 Y48.789
M204 S500
G1 F1800 X25.788 Y55.671 E1908.07023
M204 S2000
G0 F9000 X25.788 Y55.105
M204 S500
G1 F1800 X32.669 Y48.224 E1908.52335
M204 S2000
G0 F9000 X32.669 Y47.658
M204 S500
G1 F1800 X25.788 Y54.539 E1908.97648
M204 S2000
G0 F9000 X25.788 Y53.973
M204 S500
G1 F1800 X32.669 Y47.093 E1909.42957
M204 S2000
G0 F9000 X32.669 Y46.527
M204 S500
G1 F1800 X25.788 Y53.408 E1909.8827
M204 S2000
G0 F9000 X25.788 Y52.842
M204 S500
G1 F1800 X32.669 Y45.961 E1910.33582
M204 S2000
G0 F9000 X32.669 Y45.396
M204 S500
G1 F1800 X25.788 Y52.276 E1910.78891
M204 S2000
G0 F9000 X25.788 Y51.711
M204 S500
G1 F1800 X32.669 Y44.83 E1911.24204
M204 S2000
G0 F9000 X32.669 Y44.264
M204 S500
G1 F1800 X25.788 Y51.145 E1911.69517
M204 S2000
G0 F9000 X25.788 Y50.579
M204 S500
G1 F1800 X32.669 Y43.698 E1912.14829
M204 S2000
G0 F9000 X32.669 Y43.133
M204 S500
G1 F1800 X25.788 Y50.014 E1912.60142
M204 S2000
G0 F9000 X25.788 Y49.448
M204 S500
G1 F1800 X32.669 Y42.567 E1913.05454
M204 S2000
G0 F9000 X32.669 Y42.001
M204 S500
G1 F1800 X25.788 Y48.882 E1913.50767
M204 S2000
G0 F9000 X25.788 Y48.317
M204 S500
G1 F1800 X32.669 Y41.436 E1913.96079
M204 S2000
G0 F9000 X32.669 Y40.87
M204 S500
G1 F1800 X25.788 Y47.751 E1914.41392
M204 S2000
G0 F9000 X25.788 Y47.185
M204 S500
G1 F1800 X32.669 Y40.304 E1914.86705
M204 S2000
G0 F9000 X32.669 Y39.739
M204 S500
G1 F1800 X25.788 Y46.62 E1915.32017
M204 S2000
G0 F9000 X25.788 Y46.054
M204 S500
G1 F1800 X32.669 Y39.173 E1915.7733
M204 S2000
G0 F9000 X32.669 Y38.607
M204 S500
G1 F1800 X25.788 Y45.488 E1916.22642
M204 S2000
G0 F9000 X25.788 Y44.922
M204 S500
G1 F1800 X32.669 Y38.042 E1916.67951
M204 S2000
G0 F9000 X32.669 Y37.476
M204 S500
G1 F1800 X25.788 Y44.357 E1917.13264
M204 S2000
G0 F9000 X25.788 Y43.791
M204 S500
G1 F1800 X32.669 Y36.91 E1917.58577
M204 S2000
G0 F9000 X32.669 Y36.345
M204 S500
G1 F1800 X25.788 Y43.225 E1918.03886
M204 S2000
G0 F9000 X25.788 Y42.66
M204 S500
G1 F1800 X32.669 Y35.779 E1918.49198
M204 S2000
G0 F9000 X32.668 Y35.214
M204 S500
G1 F1800 X25.788 Y42.094 E1918.94504
M204 S2000
G0 F9000 X25.788 Y41.528
M204 S500
G1 F1800 X32.668 Y34.648 E1919.3981
M204 S2000
G0 F9000 X32.668 Y34.083
M204 S500
G1 F1800 X25.788 Y40.963 E1919.85116
M204 S2000
G0 F9000 X25.788 Y40.397
M204 S500
G1 F1800 X32.668 Y33.517 E1920.30422
M204 S2000
G0 F9000 X32.668 Y32.951
M204 S500
G1 F1800 X25.788 Y39.831 E1920.75728
M204 S2000
G0 F9000 X25.788 Y39.266
M204 S500
G1 F1800 X32.668 Y32.385 E1921.21038
M204 S2000
G0 F9000 X32.668 Y31.82
M204 S500
G1 F1800 X25.788 Y38.7 E1921.66344
M204 S2000
G0 F9000 X25.788 Y38.134
M204 S500
G1 F1800 X32.668 Y31.254 E1922.1165
M204 S2000
G0 F9000 X32.668 Y30.688
M204 S500
G1 F1800 X25.788 Y37.569 E1922.56959
M204 S2000
G0 F9000 X25.788 Y37.003
M204 S500
G1 F1800 X32.668 Y30.123 E1923.02265
M204 S2000
G0 F9000 X32.668 Y29.557
M204 S500
G1 F1800 X25.788 Y36.437 E1923.47571
M204 S2000
G0 F9000 X25.788 Y35.872
M204 S500
G1 F1800 X32.668 Y28.991 E1923.9288
M204 S2000
G0 F9000 X32.668 Y28.426
M204 S500
G1 F1800 X25.788 Y35.306 E1924.38186
M204 S2000
G0 F9000 X25.788 Y34.74
M204 S500
G1 F1800 X32.668 Y27.86 E1924.83492
M204 S2000
G0 F9000 X32.668 Y27.294
M204 S500
G1 F1800 X25.788 Y34.174 E1925.28798
M204 S2000
G0 F9000 X25.788 Y33.609
M204 S500
G1 F1800 X32.668 Y26.729 E1925.74104
M204 S2000
G0 F9000 X32.668 Y26.163
M204 S500
G1 F1800 X25.788 Y33.043 E1926.1941
M204 S2000
G0 F9000 X25.788 Y32.477
M204 S500
G1 F1800 X32.668 Y25.597 E1926.64716
M204 S2000
G0 F9000 X32.668 Y25.032
M204 S500
G1 F1800 X25.788 Y31.912 E1927.10022
M204 S2000
G0 F9000 X25.788 Y31.346
M204 S500
G1 F1800 X32.668 Y24.466 E1927.55328
M204 S2000
G0 F9000 X32.668 Y23.9
M204 S500
G1 F1800 X25.788 Y30.78 E1928.00634
M204 S2000
G0 F9000 X25.788 Y30.215
M204 S500
G1 F1800 X32.668 Y23.335 E1928.4594
M204 S2000
G0 F9000 X32.668 Y22.769
M204 S500
G1 F1800 X25.788 Y29.649 E1928.91246
M204 S2000
G0 F9000 X25.788 Y29.083
M204 S500
G1 F1800 X32.668 Y22.203 E1929.36552
M204 S2000
G0 F9000 X32.668 Y21.638
M204 S500
G1 F1800 X25.788 Y28.518 E1929.81858
M204 S2000
G0 F9000 X25.788 Y27.952
M204 S500
G1 F1800 X32.668 Y21.072 E1930.27164
M204 S2000
G0 F9000 X32.668 Y20.507
M204 S500
G1 F1800 X25.788 Y27.386 E1930.72466
M204 S2000
G0 F9000 X25.788 Y26.821
M204 S500
G1 F1800 X32.668 Y19.941 E1931.17772
M204 S2000
G0 F9000 X32.668 Y19.375
M204 S500
G1 F1800 X25.788 Y26.255 E1931.63078
M204 S2000
G0 F9000 X25.788 Y25.689
M204 S500
G1 F1800 X32.668 Y18.81 E1932.08381
M204 S2000
G0 F9000 X32.668 Y18.244
M204 S500
G1 F1800 X25.788 Y25.124 E1932.53687
M204 S2000
G0 F9000 X25.788 Y24.558
M204 S500
G1 F1800 X32.668 Y17.678 E1932.98993
M204 S2000
G0 F9000 X32.668 Y17.113
M204 S500
G1 F1800 X25.788 Y23.992 E1933.44296
M204 S2000
G0 F9000 X25.788 Y23.426
M204 S500
G1 F1800 X32.668 Y16.547 E1933.89598
M204 S2000
G0 F9000 X32.668 Y15.981
M204 S500
G1 F1800 X25.788 Y22.861 E1934.34904
M204 S2000
G0 F9000 X25.788 Y22.295
M204 S500
G1 F1800 X32.668 Y15.416 E1934.80207
M204 S2000
G0 F9000 X32.668 Y14.85
M204 S500
G1 F1800 X25.788 Y21.729 E1935.2551
M204 S2000
G0 F9000 X25.788 Y21.164
M204 S500
G1 F1800 X32.668 Y14.284 E1935.70816
M204 S2000
G0 F9000 X32.668 Y13.719
M204 S500
G1 F1800 X25.788 Y20.598 E1936.16118
M204 S2000
G0 F9000 X25.788 Y20.032
M204 S500
G1 F1800 X32.668 Y13.153 E1936.61421
M204 S2000
G0 F9000 X32.668 Y12.587
M204 S500
G1 F1800 X25.788 Y19.467 E1937.06727
M204 S2000
G0 F9000 X25.788 Y18.901
M204 S500
G1 F1800 X32.668 Y12.022 E1937.5203
M204 S2000
G0 F9000 X32.668 Y11.456
M204 S500
G1 F1800 X25.788 Y18.335 E1937.97332
M204 S2000
G0 F9000 X25.788 Y17.77
M204 S500
G1 F1800 X32.668 Y10.89 E1938.42638
M204 S2000
G0 F9000 X32.668 Y10.324
M204 S500
G1 F1800 X25.788 Y17.204 E1938.87944
M204 S2000
G0 F9000 X25.788 Y16.638
M204 S500
G1 F1800 X32.668 Y9.759 E1939.33247
M204 S2000
G0 F9000 X32.668 Y9.193
M204 S500
G1 F1800 X25.788 Y16.073 E1939.78553
M204 S2000
G0 F9000 X25.788 Y15.507
M204 S500
G1 F1800 X32.668 Y8.627 E1940.23859
M204 S2000
G0 F9000 X32.354 Y8.376
M204 S500
G1 F1800 X25.788 Y14.941 E1940.67094
M204 S2000
G0 F9000 X25.788 Y14.375
M204 S500
G1 F1800 X31.788 Y8.376 E1941.06602
M204 S2000
G0 F9000 X31.222 Y8.376
M204 S500
G1 F1800 X25.788 Y13.81 E1941.42385
M204 S2000
G0 F9000 X25.788 Y13.244
M204 S500
G1 F1800 X30.657 Y8.376 E1941.74445
M204 S2000
G0 F9000 X30.091 Y8.376
M204 S500
G1 F1800 X25.788 Y12.678 E1942.02778
M204 S2000
G0 F9000 X25.788 Y12.113
M204 S500
G1 F1800 X29.525 Y8.376 E1942.27387
M204 S2000
G0 F9000 X28.96 Y8.376
M204 S500
G1 F1800 X25.788 Y11.547 E1942.48272
M204 S2000
G0 F9000 X25.788 Y10.981
M204 S500
G1 F1800 X28.394 Y8.376 E1942.65429
M204 S2000
G0 F9000 X27.828 Y8.376
M204 S500
G1 F1800 X25.788 Y10.416 E1942.78863
M204 S2000
G0 F9000 X25.788 Y9.85
M204 S500
G1 F1800 X27.263 Y8.376 E1942.88573
M204 S2000
G0 F9000 X26.697 Y8.376
M204 S500
G1 F1800 X25.788 Y9.284 E1942.94555
M204 S2000
G0 F9000 X25.788 Y8.719
M204 S500
G1 F1800 X26.131 Y8.376 E1942.96814
M204 S2000
G1 F2400 E1942.16814
;MESH:NONMESH
G0 F300 X26.131 Y8.376 Z4.68
G0 F9000 X26.131 Y7.916
G0 X33.056 Y7.988
G0 X33.39 Y103.022
G0 X70.052 Y103.36
G0 X70.39 Y110.197
G0 X79.052 Y110.528
G0 X79.224 Y126.816
;TIME_ELAPSED:2058.677385
;LAYER:16
M204 S500
;TYPE:WALL-INNER
;MESH:kapaklar (1).stl
G1 F2400 E1942.96814
G1 F1800 X79.224 Y110.356 E1943.73459
G1 X71.228 Y110.356 E1944.10692
G1 X70.968 Y110.322 E1944.11913
G1 X70.757 Y110.239 E1944.12968
G1 X70.45 Y109.985 E1944.14824
G1 X70.313 Y109.762 E1944.16042
G1 X70.228 Y109.357 E1944.17969
G1 X70.224 Y103.188 E1944.46695
G1 X34.118 Y103.184 E1946.14819
G1 X33.777 Y103.077 E1946.16484
G1 X33.542 Y102.912 E1946.17821
G1 X33.353 Y102.67 E1946.1925
G1 X33.228 Y102.303 E1946.21056
G1 X33.228 Y7.816 E1950.61027
G1 X25.228 Y7.816 E1950.98278
G1 X25.229 Y111.431 E1955.80753
G1 X69.228 Y111.432 E1957.85631
G1 X69.488 Y111.466 E1957.86852
G1 X69.844 Y111.643 E1957.88703
G1 X70.006 Y111.803 E1957.89763
G1 X70.143 Y112.026 E1957.90982
G1 X70.228 Y112.432 E1957.92913
G1 X70.228 Y126.816 E1958.59891
G1 X79.224 Y126.816 E1959.01781
M204 S2000
G0 F9000 X79.624 Y127.216
M204 S500
G1 F1800 X79.624 Y109.956 E1959.8215
G1 X71.228 Y109.956 E1960.21246
G1 X70.945 Y109.886 E1960.22603
G1 X70.761 Y109.734 E1960.23714
G1 X70.679 Y109.6 E1960.24446
G1 X70.628 Y109.357 E1960.25602
G1 X70.624 Y102.788 E1960.5619
G1 X34.162 Y102.784 E1962.25972
G1 X33.881 Y102.675 E1962.27376
G1 X33.755 Y102.555 E1962.28186
G1 X33.628 Y102.257 E1962.29694
G1 X33.628 Y7.416 E1966.71314
G1 X24.828 Y7.416 E1967.1229
G1 X24.829 Y111.831 E1971.9849
G1 X69.228 Y111.832 E1974.05231
G1 X69.511 Y111.902 E1974.06588
G1 X69.695 Y112.054 E1974.077
G1 X69.777 Y112.188 E1974.08431
G1 X69.828 Y112.432 E1974.09592
G1 X69.828 Y127.216 E1974.78432
G1 X79.624 Y127.216 E1975.24047
M204 S2000
G0 F9000 X80.024 Y127.616
M204 S500
;TYPE:WALL-OUTER
G1 F1800 X80.024 Y109.556 E1976.08141
G1 X71.176 Y109.55 E1976.49341
G1 X71.028 Y109.416 E1976.50271
G1 X71.024 Y102.388 E1976.82996
G1 X34.184 Y102.384 E1978.54539
G1 X34.07 Y102.308 E1978.55177
G1 X34.03 Y102.219 E1978.55631
G1 X34.028 Y7.016 E1982.98936
G1 X24.428 Y7.016 E1983.43638
G1 X24.429 Y112.231 E1988.33563
G1 X69.28 Y112.238 E1990.42408
G1 X69.428 Y112.372 E1990.43338
G1 X69.428 Y127.616 E1991.1432
G1 X80.024 Y127.616 E1991.6366
M204 S2000
G0 F9000 X79.745 Y127.337
G0 X79.124 Y126.456
G0 X78.864 Y126.456
M204 S500
;TYPE:SKIN
G1 F1800 X70.588 Y126.456 E1992.02196
G1 X70.584 Y112.395 E1992.6767
G1 X70.472 Y111.875 E1992.70147
G1 X70.298 Y111.593 E1992.7169
G1 X69.979 Y111.27 E1992.73804
G1 X69.556 Y111.113 E1992.75905
G1 X69.26 Y111.074 E1992.77295
G1 X25.588 Y111.068 E1994.8065
G1 X25.588 Y8.176 E1999.59758
G1 X32.868 Y8.176 E1999.93657
G1 X32.87 Y102.366 E2004.32245
G1 X33.036 Y102.841 E2004.34588
G1 X33.294 Y103.174 E2004.3655
G1 X33.609 Y103.395 E2004.38341
G1 X34.053 Y103.545 E2004.40524
G1 X69.864 Y103.548 E2006.07275
G1 X69.871 Y109.392 E2006.34487
G1 X69.981 Y109.909 E2006.36948
G1 X70.182 Y110.226 E2006.38696
G1 X70.474 Y110.51 E2006.40593
G1 X70.85 Y110.659 E2006.42476
G1 X71.199 Y110.714 E2006.44121
G1 X78.864 Y110.716 E2006.79812
G1 X78.864 Y126.456 E2007.53104
M204 S2000
G1 F2400 E2006.73104
G0 F9000 X79.124 Y126.456
G0 X70.4 Y126.644
G0 X70.066 Y111.597
G0 X26.014 Y111.331
G0 X26.015 Y110.868
M204 S500
G1 F2400 E2007.53104
G1 F1800 X25.787 Y110.64 E2007.54606
M204 S2000
G0 F9000 X25.787 Y110.075
M204 S500
G1 F1800 X26.581 Y110.868 E2007.59831
M204 S2000
G0 F9000 X27.147 Y110.868
M204 S500
G1 F1800 X25.787 Y109.509 E2007.68784
M204 S2000
G0 F9000 X25.787 Y108.943
M204 S500
G1 F1800 X27.712 Y110.868 E2007.8146
M204 S2000
G0 F9000 X28.278 Y110.868
M204 S500
G1 F1800 X25.787 Y108.378 E2007.97861
M204 S2000
G0 F9000 X25.787 Y107.812
M204 S500
G1 F1800 X28.844 Y110.868 E2008.17988
M204 S2000
G0 F9000 X29.409 Y110.868
M204 S500
G1 F1800 X25.787 Y107.246 E2008.4184
M204 S2000
G0 F9000 X25.787 Y106.68
M204 S500
G1 F1800 X29.976 Y110.869 E2008.69425
M204 S2000
G0 F9000 X30.541 Y110.869
M204 S500
G1 F1800 X25.787 Y106.115 E2009.00731
M204 S2000
G0 F9000 X25.787 Y105.549
M204 S500
G1 F1800 X31.107 Y110.869 E2009.35764
M204 S2000
G0 F9000 X31.673 Y110.869
M204 S500
G1 F1800 X25.787 Y104.983 E2009.74524
M204 S2000
G0 F9000 X25.787 Y104.418
M204 S500
G1 F1800 X32.238 Y110.869 E2010.17005
M204 S2000
G0 F9000 X32.804 Y110.869
M204 S500
G1 F1800 X25.787 Y103.852 E2010.63213
M204 S2000
G0 F9000 X25.787 Y103.286
M204 S500
G1 F1800 X33.37 Y110.869 E2011.13149
M204 S2000
G0 F9000 X33.936 Y110.869
M204 S500
G1 F1800 X25.787 Y102.721 E2011.66808
M204 S2000
G0 F9000 X25.787 Y102.155
M204 S500
G1 F1800 X34.502 Y110.869 E2012.24194
M204 S2000
G0 F9000 X35.068 Y110.869
M204 S500
G1 F1800 X25.787 Y101.589 E2012.85308
M204 S2000
G0 F9000 X25.787 Y101.024
M204 S500
G1 F1800 X35.633 Y110.869 E2013.50142
M204 S2000
G0 F9000 X36.199 Y110.869
M204 S500
G1 F1800 X25.787 Y100.458 E2014.18704
M204 S2000
G0 F9000 X25.787 Y99.892
M204 S500
G1 F1800 X36.765 Y110.87 E2014.90996
M204 S2000
G0 F9000 X37.331 Y110.87
M204 S500
G1 F1800 X25.787 Y99.327 E2015.67012
M204 S2000
G0 F9000 X25.787 Y98.761
M204 S500
G1 F1800 X37.897 Y110.87 E2016.46755
M204 S2000
G0 F9000 X38.462 Y110.87
M204 S500
G1 F1800 X25.787 Y98.195 E2017.30222
M204 S2000
G0 F9000 X25.787 Y97.63
M204 S500
G1 F1800 X39.028 Y110.87 E2018.17413
M204 S2000
G0 F9000 X39.594 Y110.87
M204 S500
G1 F1800 X25.787 Y97.064 E2019.08331
M204 S2000
G0 F9000 X25.787 Y96.498
M204 S500
G1 F1800 X40.159 Y110.87 E2020.02973
M204 S2000
G0 F9000 X40.726 Y110.871
M204 S500
G1 F1800 X33.218 Y103.363 E2020.52415
G1 X33.099 Y103.244
G1 X25.787 Y95.932 E2021.00565
M204 S2000
G0 F9000 X25.787 Y95.367
M204 S500
G1 F1800 X32.673 Y102.252 E2021.45908
M204 S2000
G0 F9000 X32.673 Y101.686
M204 S500
G1 F1800 X25.787 Y94.801 E2021.9125
M204 S2000
G0 F9000 X25.787 Y94.235
M204 S500
G1 F1800 X32.673 Y101.121 E2022.36595
M204 S2000
G0 F9000 X32.673 Y100.555
M204 S500
G1 F1800 X25.787 Y93.67 E2022.81937
M204 S2000
G0 F9000 X25.787 Y93.104
M204 S500
G1 F1800 X32.673 Y99.989 E2023.2728
M204 S2000
G0 F9000 X32.673 Y99.423
M204 S500
G1 F1800 X25.787 Y92.538 E2023.72622
M204 S2000
G0 F9000 X25.787 Y91.973
M204 S500
G1 F1800 X32.673 Y98.858 E2024.17964
M204 S2000
G0 F9000 X32.673 Y98.292
M204 S500
G1 F1800 X25.787 Y91.407 E2024.63306
M204 S2000
G0 F9000 X25.787 Y90.841
M204 S500
G1 F1800 X32.673 Y97.726 E2025.08648
M204 S2000
G0 F9000 X32.673 Y97.161
M204 S500
G1 F1800 X25.787 Y90.276 E2025.53991
M204 S2000
G0 F9000 X25.787 Y89.71
M204 S500
G1 F1800 X32.673 Y96.595 E2025.99333
M204 S2000
G0 F9000 X32.673 Y96.029
M204 S500
G1 F1800 X25.787 Y89.144 E2026.44675
M204 S2000
G0 F9000 X25.787 Y88.579
M204 S500
G1 F1800 X32.673 Y95.464 E2026.90017
M204 S2000
G0 F9000 X32.673 Y94.898
M204 S500
G1 F1800 X25.787 Y88.013 E2027.35359
M204 S2000
G0 F9000 X25.787 Y87.447
M204 S500
G1 F1800 X32.673 Y94.332 E2027.80702
M204 S2000
G0 F9000 X32.673 Y93.767
M204 S500
G1 F1800 X25.787 Y86.882 E2028.26044
M204 S2000
G0 F9000 X25.787 Y86.316
M204 S500
G1 F1800 X32.673 Y93.201 E2028.71386
M204 S2000
G0 F9000 X32.673 Y92.635
M204 S500
G1 F1800 X25.787 Y85.75 E2029.16728
M204 S2000
G0 F9000 X25.787 Y85.184
M204 S500
G1 F1800 X32.673 Y92.07 E2029.62074
M204 S2000
G0 F9000 X32.673 Y91.504
M204 S500
G1 F1800 X25.787 Y84.619 E2030.07416
M204 S2000
G0 F9000 X25.787 Y84.053
M204 S500
G1 F1800 X32.673 Y90.938 E2030.52758
M204 S2000
G0 F9000 X32.673 Y90.372
M204 S500
G1 F1800 X25.787 Y83.487 E2030.981
M204 S2000
G0 F9000 X25.787 Y82.922
M204 S500
G1 F1800 X32.673 Y89.807 E2031.43442
M204 S2000
G0 F9000 X32.673 Y89.241
M204 S500
G1 F1800 X25.787 Y82.356 E2031.88785
M204 S2000
G0 F9000 X25.787 Y81.79
M204 S500
G1 F1800 X32.672 Y88.675 E2032.34123
M204 S2000
G0 F9000 X32.672 Y88.109
M204 S500
G1 F1800 X25.787 Y81.225 E2032.79459
M204 S2000
G0 F9000 X25.787 Y80.659
M204 S500
G1 F1800 X32.672 Y87.543 E2033.24795
M204 S2000
G0 F9000 X32.672 Y86.978
M204 S500
G1 F1800 X25.787 Y80.093 E2033.70134
M204 S2000
G0 F9000 X25.787 Y79.528
M204 S500
G1 F1800 X32.672 Y86.412 E2034.15469
M204 S2000
G0 F9000 X32.672 Y85.846
M204 S500
G1 F1800 X25.787 Y78.962 E2034.60805
M204 S2000
G0 F9000 X25.787 Y78.396
M204 S500
G1 F1800 X32.672 Y85.281 E2035.06144
M204 S2000
G0 F9000 X32.672 Y84.715
M204 S500
G1 F1800 X25.787 Y77.831 E2035.51479
M204 S2000
G0 F9000 X25.787 Y77.265
M204 S500
G1 F1800 X32.672 Y84.149 E2035.96815
M204 S2000
G0 F9000 X32.672 Y83.584
M204 S500
G1 F1800 X25.787 Y76.699 E2036.42154
M204 S2000
G0 F9000 X25.787 Y76.133
M204 S500
G1 F1800 X32.672 Y83.018 E2036.87493
M204 S2000
G0 F9000 X32.672 Y82.452
M204 S500
G1 F1800 X25.787 Y75.568 E2037.32828
M204 S2000
G0 F9000 X25.787 Y75.002
M204 S500
G1 F1800 X32.672 Y81.887 E2037.78167
M204 S2000
G0 F9000 X32.672 Y81.321
M204 S500
G1 F1800 X25.787 Y74.436 E2038.23506
M204 S2000
G0 F9000 X25.787 Y73.871
M204 S500
G1 F1800 X32.672 Y80.755 E2038.68842
M204 S2000
G0 F9000 X32.672 Y80.189
M204 S500
G1 F1800 X25.787 Y73.305 E2039.14177
M204 S2000
G0 F9000 X25.787 Y72.739
M204 S500
G1 F1800 X32.672 Y79.624 E2039.59516
M204 S2000
G0 F9000 X32.672 Y79.058
M204 S500
G1 F1800 X25.787 Y72.174 E2040.04852
M204 S2000
G0 F9000 X25.787 Y71.608
M204 S500
G1 F1800 X32.672 Y78.492 E2040.50187
M204 S2000
G0 F9000 X32.672 Y77.927
M204 S500
G1 F1800 X25.787 Y71.042 E2040.95526
M204 S2000
G0 F9000 X25.787 Y70.477
M204 S500
G1 F1800 X32.672 Y77.361 E2041.40862
M204 S2000
G0 F9000 X32.672 Y76.795
M204 S500
G1 F1800 X25.787 Y69.911 E2041.86198
M204 S2000
G0 F9000 X25.787 Y69.345
M204 S500
G1 F1800 X32.672 Y76.23 E2042.31537
M204 S2000
G0 F9000 X32.672 Y75.664
M204 S500
G1 F1800 X25.787 Y68.78 E2042.76872
M204 S2000
G0 F9000 X25.787 Y68.214
M204 S500
G1 F1800 X32.671 Y75.098 E2043.22204
M204 S2000
G0 F9000 X32.671 Y74.532
M204 S500
G1 F1800 X25.787 Y67.648 E2043.67537
M204 S2000
G0 F9000 X25.787 Y67.083
M204 S500
G1 F1800 X32.671 Y73.966 E2044.12866
M204 S2000
G0 F9000 X32.671 Y73.401
M204 S500
G1 F1800 X25.787 Y66.517 E2044.58198
M204 S2000
G0 F9000 X25.787 Y65.951
M204 S500
G1 F1800 X32.671 Y72.835 E2045.0353
M204 S2000
G0 F9000 X32.671 Y72.269
M204 S500
G1 F1800 X25.787 Y65.385 E2045.48863
M204 S2000
G0 F9000 X25.787 Y64.82
M204 S500
G1 F1800 X32.671 Y71.703 E2045.94192
M204 S2000
G0 F9000 X32.671 Y71.138
M204 S500
G1 F1800 X25.787 Y64.254 E2046.39524
M204 S2000
G0 F9000 X25.787 Y63.688
M204 S500
G1 F1800 X32.671 Y70.572 E2046.84856
M204 S2000
G0 F9000 X32.671 Y70.006
M204 S500
G1 F1800 X25.787 Y63.123 E2047.30185
M204 S2000
G0 F9000 X25.787 Y62.557
M204 S500
G1 F1800 X32.671 Y69.441 E2047.75518
M204 S2000
G0 F9000 X32.671 Y68.875
M204 S500
G1 F1800 X25.787 Y61.991 E2048.2085
M204 S2000
G0 F9000 X25.787 Y61.426
M204 S500
G1 F1800 X32.671 Y68.309 E2048.66179
M204 S2000
G0 F9000 X32.671 Y67.744
M204 S500
G1 F1800 X25.787 Y60.86 E2049.11511
M204 S2000
G0 F9000 X25.787 Y60.294
M204 S500
G1 F1800 X32.671 Y67.178 E2049.56844
M204 S2000
G0 F9000 X32.671 Y66.612
M204 S500
G1 F1800 X25.787 Y59.729 E2050.02173
M204 S2000
G0 F9000 X25.787 Y59.163
M204 S500
G1 F1800 X32.671 Y66.047 E2050.47505
M204 S2000
G0 F9000 X32.671 Y65.481
M204 S500
G1 F1800 X25.787 Y58.597 E2050.92837
M204 S2000
G0 F9000 X25.787 Y58.032
M204 S500
G1 F1800 X32.671 Y64.915 E2051.38166
M204 S2000
G0 F9000 X32.671 Y64.35
M204 S500
G1 F1800 X25.787 Y57.466 E2051.83499
M204 S2000
G0 F9000 X25.787 Y56.9
M204 S500
G1 F1800 X32.671 Y63.784 E2052.28831
M204 S2000
G0 F9000 X32.671 Y63.218
M204 S500
G1 F1800 X25.787 Y56.334 E2052.74163
M204 S2000
G0 F9000 X25.787 Y55.769
M204 S500
G1 F1800 X32.671 Y62.652 E2053.19492
M204 S2000
G0 F9000 X32.67 Y62.086
M204 S500
G1 F1800 X25.787 Y55.203 E2053.64818
M204 S2000
G0 F9000 X25.787 Y54.637
M204 S500
G1 F1800 X32.67 Y61.52 E2054.10144
M204 S2000
G0 F9000 X32.67 Y60.955
M204 S500
G1 F1800 X25.787 Y54.072 E2054.5547
M204 S2000
G0 F9000 X25.787 Y53.506
M204 S500
G1 F1800 X32.67 Y60.389 E2055.00795
M204 S2000
G0 F9000 X32.67 Y59.823
M204 S500
G1 F1800 X25.787 Y52.94 E2055.46121
M204 S2000
G0 F9000 X25.787 Y52.375
M204 S500
G1 F1800 X32.67 Y59.258 E2055.91447
M204 S2000
G0 F9000 X32.67 Y58.692
M204 S500
G1 F1800 X25.787 Y51.809 E2056.36772
M204 S2000
G0 F9000 X25.787 Y51.243
M204 S500
G1 F1800 X32.67 Y58.126 E2056.82098
M204 S2000
G0 F9000 X32.67 Y57.561
M204 S500
G1 F1800 X25.787 Y50.678 E2057.27424
M204 S2000
G0 F9000 X25.787 Y50.112
M204 S500
G1 F1800 X32.67 Y56.995 E2057.7275
M204 S2000
G0 F9000 X32.67 Y56.429
M204 S500
G1 F1800 X25.787 Y49.546 E2058.18075
M204 S2000
G0 F9000 X25.787 Y48.981
M204 S500
G1 F1800 X32.67 Y55.864 E2058.63401
M204 S2000
G0 F9000 X32.67 Y55.298
M204 S500
G1 F1800 X25.787 Y48.415 E2059.08727
M204 S2000
G0 F9000 X25.787 Y47.849
M204 S500
G1 F1800 X32.67 Y54.732 E2059.54053
M204 S2000
G0 F9000 X32.67 Y54.167
M204 S500
G1 F1800 X25.787 Y47.284 E2059.99378
M204 S2000
G0 F9000 X25.787 Y46.718
M204 S500
G1 F1800 X32.67 Y53.601 E2060.44704
M204 S2000
G0 F9000 X32.67 Y53.035
M204 S500
G1 F1800 X25.787 Y46.152 E2060.9003
M204 S2000
G0 F9000 X25.787 Y45.586
M204 S500
G1 F1800 X32.67 Y52.469 E2061.35355
M204 S2000
G0 F9000 X32.67 Y51.904
M204 S500
G1 F1800 X25.787 Y45.021 E2061.80681
M204 S2000
G0 F9000 X25.787 Y44.455
M204 S500
G1 F1800 X32.67 Y51.338 E2062.26007
M204 S2000
G0 F9000 X32.67 Y50.772
M204 S500
G1 F1800 X25.787 Y43.889 E2062.71333
M204 S2000
G0 F9000 X25.787 Y43.324
M204 S500
G1 F1800 X32.67 Y50.207 E2063.16658
M204 S2000
G0 F9000 X32.67 Y49.641
M204 S500
G1 F1800 X25.787 Y42.758 E2063.61984
M204 S2000
G0 F9000 X25.787 Y42.192
M204 S500
G1 F1800 X32.67 Y49.075 E2064.0731
M204 S2000
G0 F9000 X32.67 Y48.509
M204 S500
G1 F1800 X25.787 Y41.627 E2064.52632
M204 S2000
G0 F9000 X25.787 Y41.061
M204 S500
G1 F1800 X32.67 Y47.943 E2064.97955
M204 S2000
G0 F9000 X32.67 Y47.378
M204 S500
G1 F1800 X25.787 Y40.495 E2065.4328
M204 S2000
G0 F9000 X25.787 Y39.93
M204 S500
G1 F1800 X32.67 Y46.812 E2065.88603
M204 S2000
G0 F9000 X32.67 Y46.246
M204 S500
G1 F1800 X25.787 Y39.364 E2066.33925
M204 S2000
G0 F9000 X25.787 Y38.798
M204 S500
G1 F1800 X32.67 Y45.681 E2066.79251
M204 S2000
G0 F9000 X32.67 Y45.115
M204 S500
G1 F1800 X25.787 Y38.233 E2067.24574
M204 S2000
G0 F9000 X25.787 Y37.667
M204 S500
G1 F1800 X32.67 Y44.549 E2067.69896
M204 S2000
G0 F9000 X32.67 Y43.983
M204 S500
G1 F1800 X25.787 Y37.101 E2068.15218
M204 S2000
G0 F9000 X25.787 Y36.536
M204 S500
G1 F1800 X32.67 Y43.418 E2068.60541
M204 S2000
G0 F9000 X32.67 Y42.852
M204 S500
G1 F1800 X25.787 Y35.97 E2069.05863
M204 S2000
G0 F9000 X25.787 Y35.404
M204 S500
G1 F1800 X32.67 Y42.286 E2069.51186
M204 S2000
G0 F9000 X32.67 Y41.721
M204 S500
G1 F1800 X25.787 Y34.838 E2069.96511
M204 S2000
G0 F9000 X25.787 Y34.273
M204 S500
G1 F1800 X32.67 Y41.155 E2070.41834
M204 S2000
G0 F9000 X32.67 Y40.589
M204 S500
G1 F1800 X25.787 Y33.707 E2070.87156
M204 S2000
G0 F9000 X25.787 Y33.141
M204 S500
G1 F1800 X32.67 Y40.024 E2071.32482
M204 S2000
G0 F9000 X32.67 Y39.458
M204 S500
G1 F1800 X25.787 Y32.576 E2071.77804
M204 S2000
G0 F9000 X25.787 Y32.01
M204 S500
G1 F1800 X32.67 Y38.892 E2072.23127
M204 S2000
G0 F9000 X32.67 Y38.327
M204 S500
G1 F1800 X25.787 Y31.444 E2072.68453
M204 S2000
G0 F9000 X25.787 Y30.879
M204 S500
G1 F1800 X32.67 Y37.761 E2073.13775
M204 S2000
G0 F9000 X32.67 Y37.195
M204 S500
G1 F1800 X25.787 Y30.313 E2073.59098
M204 S2000
G0 F9000 X25.787 Y29.747
M204 S500
G1 F1800 X32.67 Y36.63 E2074.04423
M204 S2000
G0 F9000 X32.67 Y36.064
M204 S500
G1 F1800 X25.787 Y29.182 E2074.49746
M204 S2000
G0 F9000 X25.787 Y28.616
M204 S500
G1 F1800 X32.67 Y35.498 E2074.95068
M204 S2000
G0 F9000 X32.669 Y34.932
M204 S500
G1 F1800 X25.787 Y28.05 E2075.40387
M204 S2000
G0 F9000 X25.787 Y27.485
M204 S500
G1 F1800 X32.669 Y34.366 E2075.85703
M204 S2000
G0 F9000 X32.669 Y33.8
M204 S500
G1 F1800 X25.787 Y26.919 E2076.31019
M204 S2000
G0 F9000 X25.787 Y26.353
M204 S500
G1 F1800 X32.669 Y33.235 E2076.76338
M204 S2000
G0 F9000 X32.669 Y32.669
M204 S500
G1 F1800 X25.787 Y25.787 E2077.21657
M204 S2000
G0 F9000 X25.787 Y25.222
M204 S500
G1 F1800 X32.669 Y32.103 E2077.66973
M204 S2000
G0 F9000 X32.669 Y31.538
M204 S500
G1 F1800 X25.787 Y24.656 E2078.12292
M204 S2000
G0 F9000 X25.787 Y24.09
M204 S500
G1 F1800 X32.669 Y30.972 E2078.57611
M204 S2000
G0 F9000 X32.669 Y30.406
M204 S500
G1 F1800 X25.787 Y23.525 E2079.02927
M204 S2000
G0 F9000 X25.787 Y22.959
M204 S500
G1 F1800 X32.669 Y29.841 E2079.48246
M204 S2000
G0 F9000 X32.669 Y29.275
M204 S500
G1 F1800 X25.787 Y22.393 E2079.93566
M204 S2000
G0 F9000 X25.787 Y21.828
M204 S500
G1 F1800 X32.669 Y28.709 E2080.38881
M204 S2000
G0 F9000 X32.669 Y28.144
M204 S500
G1 F1800 X25.787 Y21.262 E2080.84201
M204 S2000
G0 F9000 X25.787 Y20.696
M204 S500
G1 F1800 X32.669 Y27.578 E2081.2952
M204 S2000
G0 F9000 X32.669 Y27.012
M204 S500
G1 F1800 X25.787 Y20.131 E2081.74836
M204 S2000
G0 F9000 X25.787 Y19.565
M204 S500
G1 F1800 X32.669 Y26.447 E2082.20155
M204 S2000
G0 F9000 X32.669 Y25.881
M204 S500
G1 F1800 X25.787 Y18.999 E2082.65474
M204 S2000
G0 F9000 X25.787 Y18.434
M204 S500
G1 F1800 X32.669 Y25.315 E2083.1079
M204 S2000
G0 F9000 X32.669 Y24.749
M204 S500
G1 F1800 X25.787 Y17.868 E2083.56106
M204 S2000
G0 F9000 X25.787 Y17.302
M204 S500
G1 F1800 X32.669 Y24.184 E2084.01425
M204 S2000
G0 F9000 X32.669 Y23.618
M204 S500
G1 F1800 X25.787 Y16.737 E2084.46741
M204 S2000
G0 F9000 X25.787 Y16.171
M204 S500
G1 F1800 X32.669 Y23.052 E2084.92056
M204 S2000
G0 F9000 X32.669 Y22.487
M204 S500
G1 F1800 X25.787 Y15.605 E2085.37376
M204 S2000
G0 F9000 X25.787 Y15.039
M204 S500
G1 F1800 X32.669 Y21.921 E2085.82695
M204 S2000
G0 F9000 X32.668 Y21.355
M204 S500
G1 F1800 X25.787 Y14.474 E2086.28007
M204 S2000
G0 F9000 X25.787 Y13.908
M204 S500
G1 F1800 X32.668 Y20.789 E2086.7332
M204 S2000
G0 F9000 X32.668 Y20.223
M204 S500
G1 F1800 X25.787 Y13.342 E2087.18632
M204 S2000
G0 F9000 X25.787 Y12.777
M204 S500
G1 F1800 X32.668 Y19.658 E2087.63945
M204 S2000
G0 F9000 X32.668 Y19.092
M204 S500
G1 F1800 X25.787 Y12.211 E2088.09257
M204 S2000
G0 F9000 X25.787 Y11.645
M204 S500
G1 F1800 X32.668 Y18.526 E2088.5457
M204 S2000
G0 F9000 X32.668 Y17.961
M204 S500
G1 F1800 X25.787 Y11.08 E2088.99883
M204 S2000
G0 F9000 X25.787 Y10.514
M204 S500
G1 F1800 X32.668 Y17.395 E2089.45195
M204 S2000
G0 F9000 X32.668 Y16.829
M204 S500
G1 F1800 X25.787 Y9.948 E2089.90508
M204 S2000
G0 F9000 X25.787 Y9.383
M204 S500
G1 F1800 X32.668 Y16.263 E2090.35817
M204 S2000
G0 F9000 X32.668 Y15.698
M204 S500
G1 F1800 X25.787 Y8.817 E2090.8113
M204 S2000
G0 F9000 X25.913 Y8.376
M204 S500
G1 F1800 X32.668 Y15.132 E2091.25616
M204 S2000
G0 F9000 X32.668 Y14.566
M204 S500
G1 F1800 X26.478 Y8.376 E2091.66378
M204 S2000
G0 F9000 X27.044 Y8.376
M204 S500
G1 F1800 X32.668 Y14.001 E2092.03416
M204 S2000
G0 F9000 X32.668 Y13.435
M204 S500
G1 F1800 X27.61 Y8.376 E2092.36727
M204 S2000
G0 F9000 X28.175 Y8.376
M204 S500
G1 F1800 X32.668 Y12.869 E2092.66314
M204 S2000
G0 F9000 X32.668 Y12.304
M204 S500
G1 F1800 X28.741 Y8.376 E2092.92178
M204 S2000
G0 F9000 X29.307 Y8.376
M204 S500
G1 F1800 X32.668 Y11.738 E2093.14314
M204 S2000
G0 F9000 X32.668 Y11.172
M204 S500
G1 F1800 X29.872 Y8.376 E2093.32726
M204 S2000
G0 F9000 X30.438 Y8.376
M204 S500
G1 F1800 X32.668 Y10.607 E2093.47414
M204 S2000
G0 F9000 X32.668 Y10.041
M204 S500
G1 F1800 X31.004 Y8.376 E2093.58375
M204 S2000
G0 F9000 X31.569 Y8.376
M204 S500
G1 F1800 X32.668 Y9.475 E2093.65612
M204 S2000
G0 F9000 X32.668 Y8.91
M204 S500
G1 F1800 X32.135 Y8.376 E2093.69125
M204 S2000
G1 F2400 E2092.89125
G0 F9000 X32.135 Y7.916
G0 X33.056 Y7.988
G0 X33.39 Y103.024
G0 X34.168 Y103.285
G0 X34.167 Y103.746
M204 S500
G1 F2400 E2093.69125
G1 F1800 X41.292 Y110.871 E2094.16045
M204 S2000
G0 F9000 X41.857 Y110.871
M204 S500
G1 F1800 X34.732 Y103.746 E2094.62964
M204 S2000
G0 F9000 X35.298 Y103.746
M204 S500
G1 F1800 X42.423 Y110.871 E2095.09883
M204 S2000
G0 F9000 X42.989 Y110.871
M204 S500
G1 F1800 X35.864 Y103.746 E2095.56803
M204 S2000
G0 F9000 X36.429 Y103.746
M204 S500
G1 F1800 X43.554 Y110.871 E2096.03722
M204 S2000
G0 F9000 X44.121 Y110.872
M204 S500
G1 F1800 X36.995 Y103.746 E2096.50648
M204 S2000
G0 F9000 X37.561 Y103.746
M204 S500
G1 F1800 X44.686 Y110.872 E2096.97571
M204 S2000
G0 F9000 X45.252 Y110.872
M204 S500
G1 F1800 X38.126 Y103.746 E2097.44497
M204 S2000
G0 F9000 X38.692 Y103.746
M204 S500
G1 F1800 X45.818 Y110.872 E2097.91423
M204 S2000
G0 F9000 X46.383 Y110.872
M204 S500
G1 F1800 X39.258 Y103.746 E2098.38345
M204 S2000
G0 F9000 X39.824 Y103.746
M204 S500
G1 F1800 X46.949 Y110.872 E2098.85268
M204 S2000
G0 F9000 X47.515 Y110.872
M204 S500
G1 F1800 X40.389 Y103.746 E2099.32194
M204 S2000
G0 F9000 X40.955 Y103.746
M204 S500
G1 F1800 X48.081 Y110.872 E2099.7912
M204 S2000
G0 F9000 X48.647 Y110.872
M204 S500
G1 F1800 X41.521 Y103.746 E2100.26046
M204 S2000
G0 F9000 X42.086 Y103.746
M204 S500
G1 F1800 X49.213 Y110.872 E2100.72975
M204 S2000
G0 F9000 X49.778 Y110.872
M204 S500
G1 F1800 X42.652 Y103.746 E2101.19901
M204 S2000
G0 F9000 X43.218 Y103.747
M204 S500
G1 F1800 X50.344 Y110.872 E2101.66823
M204 S2000
G0 F9000 X50.91 Y110.872
M204 S500
G1 F1800 X43.784 Y103.747 E2102.13746
M204 S2000
G0 F9000 X44.35 Y103.747
M204 S500
G1 F1800 X51.476 Y110.873 E2102.60672
M204 S2000
G0 F9000 X52.042 Y110.873
M204 S500
G1 F1800 X44.915 Y103.747 E2103.07601
M204 S2000
G0 F9000 X45.481 Y103.747
M204 S500
G1 F1800 X52.607 Y110.873 E2103.54527
M204 S2000
G0 F9000 X53.173 Y110.873
M204 S500
G1 F1800 X46.047 Y103.747 E2104.01453
M204 S2000
G0 F9000 X46.612 Y103.747
M204 S500
G1 F1800 X53.739 Y110.873 E2104.48382
M204 S2000
G0 F9000 X54.304 Y110.873
M204 S500
G1 F1800 X47.178 Y103.747 E2104.95308
M204 S2000
G0 F9000 X47.744 Y103.747
M204 S500
G1 F1800 X54.871 Y110.874 E2105.42241
M204 S2000
G0 F9000 X55.436 Y110.874
M204 S500
G1 F1800 X48.31 Y103.747 E2105.8917
M204 S2000
G0 F9000 X48.875 Y103.747
M204 S500
G1 F1800 X56.002 Y110.874 E2106.36102
M204 S2000
G0 F9000 X56.568 Y110.874
M204 S500
G1 F1800 X49.441 Y103.747 E2106.83035
M204 S2000
G0 F9000 X50.007 Y103.747
M204 S500
G1 F1800 X57.134 Y110.874 E2107.29967
M204 S2000
G0 F9000 X57.699 Y110.874
M204 S500
G1 F1800 X50.572 Y103.747 E2107.769
M204 S2000
G0 F9000 X51.138 Y103.747
M204 S500
G1 F1800 X58.265 Y110.874 E2108.23832
M204 S2000
G0 F9000 X58.831 Y110.874
M204 S500
G1 F1800 X51.704 Y103.747 E2108.70765
M204 S2000
G0 F9000 X52.27 Y103.747
M204 S500
G1 F1800 X59.397 Y110.874 E2109.17697
M204 S2000
G0 F9000 X59.963 Y110.874
M204 S500
G1 F1800 X52.836 Y103.747 E2109.6463
M204 S2000
G0 F9000 X53.401 Y103.747
M204 S500
G1 F1800 X60.528 Y110.874 E2110.11562
M204 S2000
G0 F9000 X61.094 Y110.874
M204 S500
G1 F1800 X53.967 Y103.747 E2110.58495
M204 S2000
G0 F9000 X54.533 Y103.747
M204 S500
G1 F1800 X61.66 Y110.874 E2111.05428
M204 S2000
G0 F9000 X62.226 Y110.875
M204 S500
G1 F1800 X55.098 Y103.747 E2111.52367
M204 S2000
G0 F9000 X55.664 Y103.747
M204 S500
G1 F1800 X62.792 Y110.875 E2111.99306
M204 S2000
G0 F9000 X63.357 Y110.875
M204 S500
G1 F1800 X56.23 Y103.747 E2112.46242
M204 S2000
G0 F9000 X56.796 Y103.747
M204 S500
G1 F1800 X63.923 Y110.875 E2112.93177
M204 S2000
G0 F9000 X64.489 Y110.875
M204 S500
G1 F1800 X57.361 Y103.747 E2113.40116
M204 S2000
G0 F9000 X57.927 Y103.747
M204 S500
G1 F1800 X65.055 Y110.875 E2113.87056
M204 S2000
G0 F9000 X65.62 Y110.875
M204 S500
G1 F1800 X58.493 Y103.747 E2114.33991
M204 S2000
G0 F9000 X59.058 Y103.747
M204 S500
G1 F1800 X66.187 Y110.876 E2114.80937
M204 S2000
G0 F9000 X66.752 Y110.876
M204 S500
G1 F1800 X59.624 Y103.747 E2115.27879
M204 S2000
G0 F9000 X60.19 Y103.747
M204 S500
G1 F1800 X67.318 Y110.876 E2115.74822
M204 S2000
G0 F9000 X67.884 Y110.876
M204 S500
G1 F1800 X60.756 Y103.748 E2116.21761
M204 S2000
G0 F9000 X61.322 Y103.748
M204 S500
G1 F1800 X68.449 Y110.876 E2116.68697
M204 S2000
G0 F9000 X69.015 Y110.876
M204 S500
G1 F1800 X61.887 Y103.748 E2117.15636
M204 S2000
G0 F9000 X62.453 Y103.748
M204 S500
G1 F1800 X69.627 Y110.922 E2117.62878
M204 S2000
G0 F9000 X69.779 Y109.942
M204 S500
G1 F1800 X63.584 Y103.748 E2118.0367
M204 S2000
G0 F9000 X63.019 Y103.748
M204 S500
G1 F1800 X78.664 Y119.393 E2119.06695
M204 S2000
G0 F9000 X78.664 Y119.959
M204 S500
G1 F1800 X70.706 Y112.001 E2119.59099
M204 S2000
G0 F9000 X70.788 Y112.648
M204 S500
G1 F1800 X78.664 Y120.524 E2120.10964
M204 S2000
G0 F9000 X78.664 Y121.09
M204 S500
G1 F1800 X70.788 Y113.214 E2120.62829
M204 S2000
G0 F9000 X70.788 Y113.78
M204 S500
G1 F1800 X78.664 Y121.656 E2121.14694
M204 S2000
G0 F9000 X78.664 Y122.221
M204 S500
G1 F1800 X70.788 Y114.346 E2121.66555
M204 S2000
G0 F9000 X70.788 Y114.911
M204 S500
G1 F1800 X78.664 Y122.787 E2122.1842
M204 S2000
G0 F9000 X78.664 Y123.353
M204 S500
G1 F1800 X70.788 Y115.477 E2122.70285
M204 S2000
G0 F9000 X70.788 Y116.043
M204 S500
G1 F1800 X78.664 Y123.918 E2123.22146
M204 S2000
G0 F9000 X78.664 Y124.484
M204 S500
G1 F1800 X70.788 Y116.608 E2123.74011
M204 S2000
G0 F9000 X70.788 Y117.174
M204 S500
G1 F1800 X78.664 Y125.05 E2124.25876
M204 S2000
G0 F9000 X78.664 Y125.615
M204 S500
G1 F1800 X70.788 Y117.74 E2124.77738
M204 S2000
G0 F9000 X70.788 Y118.305
M204 S500
G1 F1800 X78.664 Y126.181 E2125.29602
M204 S2000
G0 F9000 X78.173 Y126.256
M204 S500
G1 F1800 X70.788 Y118.871 E2125.78234
M204 S2000
G0 F9000 X70.788 Y119.437
M204 S500
G1 F1800 X77.607 Y126.256 E2126.23138
M204 S2000
G0 F9000 X77.041 Y126.256
M204 S500
G1 F1800 X70.788 Y120.002 E2126.64319
M204 S2000
G0 F9000 X70.788 Y120.568
M204 S500
G1 F1800 X76.476 Y126.256 E2127.01775
M204 S2000
G0 F9000 X75.91 Y126.256
M204 S500
G1 F1800 X70.788 Y121.134 E2127.35504
M204 S2000
G0 F9000 X70.788 Y121.699
M204 S500
G1 F1800 X75.344 Y126.256 E2127.6551
M204 S2000
G0 F9000 X74.779 Y126.256
M204 S500
G1 F1800 X70.788 Y122.265 E2127.91791
M204 S2000
G0 F9000 X70.788 Y122.831
M204 S500
G1 F1800 X74.213 Y126.256 E2128.14345
M204 S2000
G0 F9000 X73.647 Y126.256
M204 S500
G1 F1800 X70.788 Y123.396 E2128.33175
M204 S2000
G0 F9000 X70.788 Y123.962
M204 S500
G1 F1800 X73.082 Y126.256 E2128.48282
M204 S2000
G0 F9000 X72.516 Y126.256
M204 S500
G1 F1800 X70.788 Y124.528 E2128.59661
M204 S2000
G0 F9000 X70.788 Y125.094
M204 S500
G1 F1800 X71.95 Y126.256 E2128.67313
M204 S2000
G0 F9000 X71.385 Y126.256
M204 S500
G1 F1800 X70.788 Y125.659 E2128.71244
M204 S2000
G0 F9000 X70.328 Y125.659
G0 X70.4 Y126.644
G0 X79.052 Y126.644
G0 X79.124 Y118.827
G0 X78.664 Y118.827
M204 S500
G1 F1800 X70.617 Y110.78 E2129.24235
M204 S2000
G0 F9000 X71.315 Y110.913
M204 S500
G1 F1800 X78.664 Y118.261 E2129.72626
M204 S2000
G0 F9000 X78.664 Y117.696
M204 S500
G1 F1800 X71.88 Y110.913 E2130.17297
M204 S2000
G0 F9000 X72.447 Y110.913
M204 S500
G1 F1800 X78.664 Y117.13 E2130.58237
M204 S2000
G0 F9000 X78.664 Y116.564
M204 S500
G1 F1800 X73.012 Y110.913 E2130.95453
M204 S2000
G0 F9000 X73.578 Y110.913
M204 S500
G1 F1800 X78.664 Y115.999 E2131.28945
M204 S2000
G0 F9000 X78.664 Y115.433
M204 S500
G1 F1800 X74.144 Y110.914 E2131.58707
M204 S2000
G0 F9000 X74.71 Y110.914
M204 S500
G1 F1800 X78.664 Y114.867 E2131.84741
M204 S2000
G0 F9000 X78.664 Y114.302
M204 S500
G1 F1800 X75.276 Y110.915 E2132.07049
M204 S2000
G0 F9000 X75.842 Y110.915
M204 S500
G1 F1800 X78.664 Y113.736 E2132.25629
M204 S2000
G0 F9000 X78.664 Y113.17
M204 S500
G1 F1800 X76.409 Y110.915 E2132.40478
M204 S2000
G0 F9000 X76.974 Y110.915
M204 S500
G1 F1800 X78.664 Y112.605 E2132.51607
M204 S2000
G0 F9000 X78.664 Y112.039
M204 S500
G1 F1800 X77.541 Y110.916 E2132.59002
M204 S2000
G0 F9000 X78.106 Y110.916
M204 S500
G1 F1800 X78.664 Y111.473 E2132.62673
M204 S2000
G0 F9000 X79.124 Y111.473
G0 X79.052 Y110.528
G0 X70.39 Y110.197
G0 X70.128 Y109.266
G0 X69.668 Y109.266
M204 S500
G1 F1800 X64.15 Y103.748 E2132.9901
M204 S2000
G0 F9000 X64.716 Y103.748
M204 S500
G1 F1800 X69.668 Y108.701 E2133.31624
M204 S2000
G0 F9000 X69.668 Y108.134
M204 S500
G1 F1800 X65.282 Y103.748 E2133.60506
M204 S2000
G0 F9000 X65.847 Y103.748
M204 S500
G1 F1800 X69.668 Y107.569 E2133.85668
M204 S2000
G0 F9000 X69.667 Y107.002
M204 S500
G1 F1800 X66.413 Y103.748 E2134.07096
M204 S2000
G0 F9000 X66.979 Y103.748
M204 S500
G1 F1800 X69.666 Y106.436 E2134.24794
M204 S2000
G0 F9000 X69.666 Y105.87
M204 S500
G1 F1800 X67.544 Y103.748 E2134.38768
M204 S2000
G0 F9000 X68.11 Y103.748
M204 S500
G1 F1800 X69.666 Y105.304 E2134.49014
M204 S2000
G0 F9000 X69.666 Y104.738
M204 S500
G1 F1800 X68.676 Y103.748 E2134.55533
M204 S2000
G0 F9000 X69.241 Y103.748
M204 S500
G1 F1800 X69.665 Y104.172 E2134.58326
M204 S2000
G1 F2400 E2133.78326
;MESH:NONMESH
G0 F300 X69.665 Y104.172 Z4.96
G0 F9000 X70.125 Y104.172
G0 X70.39 Y110.197
G0 X79.052 Y110.528
G0 X79.224 Y126.816
;TIME_ELAPSED:2227.625077
;LAYER:17
M204 S500
;TYPE:WALL-INNER
;MESH:kapaklar (1).stl
G1 F2400 E2134.58326
G1 F1800 X79.224 Y110.356 E2135.3497
G1 X71.228 Y110.356 E2135.72203
G1 X70.968 Y110.322 E2135.73424
G1 X70.757 Y110.239 E2135.7448
G1 X70.45 Y109.985 E2135.76335
G1 X70.313 Y109.762 E2135.77554
G1 X70.228 Y109.357 E2135.79481
G1 X70.224 Y103.192 E2136.08187
G1 X34.097 Y103.188 E2137.7641
G1 X33.776 Y103.081 E2137.77985
G1 X33.541 Y102.916 E2137.79323
G1 X33.353 Y102.674 E2137.80749
G1 X33.228 Y102.307 E2137.82555
G1 X33.228 Y7.816 E2142.22544
G1 X25.228 Y7.816 E2142.59796
G1 X25.228 Y111.432 E2147.42275
G1 X69.228 Y111.432 E2149.47158
G1 X69.488 Y111.466 E2149.48379
G1 X69.844 Y111.643 E2149.5023
G1 X70.006 Y111.803 E2149.5129
G1 X70.143 Y112.026 E2149.52509
G1 X70.228 Y112.432 E2149.5444
G1 X70.228 Y126.816 E2150.21418
G1 X79.224 Y126.816 E2150.63307
M204 S2000
G0 F9000 X79.624 Y127.216
M204 S500
G1 F1800 X79.624 Y109.956 E2151.43677
G1 X71.228 Y109.956 E2151.82773
G1 X70.945 Y109.886 E2151.8413
G1 X70.761 Y109.734 E2151.85241
G1 X70.679 Y109.6 E2151.85973
G1 X70.628 Y109.357 E2151.87129
G1 X70.624 Y102.792 E2152.17698
G1 X34.148 Y102.788 E2153.87546
G1 X33.957 Y102.724 E2153.88484
G1 X33.816 Y102.625 E2153.89286
G1 X33.703 Y102.48 E2153.90142
G1 X33.628 Y102.261 E2153.9122
G1 X33.628 Y7.416 E2158.32858
G1 X24.828 Y7.416 E2158.73835
G1 X24.828 Y111.832 E2163.60039
G1 X69.228 Y111.832 E2165.66784
G1 X69.511 Y111.902 E2165.68142
G1 X69.695 Y112.054 E2165.69253
G1 X69.777 Y112.188 E2165.69985
G1 X69.828 Y112.432 E2165.71145
G1 X69.828 Y127.216 E2166.39986
G1 X79.624 Y127.216 E2166.856
M204 S2000
G0 F9000 X80.024 Y127.616
M204 S500
;TYPE:WALL-OUTER
G1 F1800 X80.024 Y109.556 E2167.69695
G1 X71.176 Y109.55 E2168.10895
G1 X71.028 Y109.416 E2168.11825
G1 X71.024 Y102.392 E2168.44531
G1 X34.193 Y102.386 E2170.16032
G1 X34.09 Y102.334 E2170.16569
G1 X34.03 Y102.223 E2170.17157
G1 X34.028 Y7.016 E2174.6048
G1 X24.428 Y7.016 E2175.05182
G1 X24.428 Y112.232 E2179.95112
G1 X69.28 Y112.238 E2182.03961
G1 X69.428 Y112.372 E2182.04891
G1 X69.428 Y127.616 E2182.75874
G1 X80.024 Y127.616 E2183.25213
M204 S2000
G0 F9000 X79.745 Y127.337
G0 X79.124 Y126.456
G0 X78.864 Y126.456
M204 S500
;TYPE:SKIN
G1 F1800 X70.588 Y126.456 E2183.63749
G1 X70.584 Y112.395 E2184.29223
G1 X70.472 Y111.875 E2184.317
G1 X70.298 Y111.593 E2184.33243
G1 X69.979 Y111.27 E2184.35357
G1 X69.556 Y111.113 E2184.37458
G1 X69.26 Y111.074 E2184.38848
G1 X25.588 Y111.072 E2186.42203
G1 X25.588 Y8.176 E2191.2133
G1 X32.868 Y8.176 E2191.55229
G1 X32.87 Y102.37 E2195.93836
G1 X33.036 Y102.845 E2195.96179
G1 X33.294 Y103.178 E2195.9814
G1 X33.614 Y103.402 E2195.99959
G1 X34.042 Y103.549 E2196.02066
G1 X69.864 Y103.552 E2197.68869
G1 X69.871 Y109.392 E2197.96062
G1 X69.981 Y109.909 E2197.98523
G1 X70.182 Y110.226 E2198.00271
G1 X70.474 Y110.51 E2198.02168
G1 X70.85 Y110.659 E2198.04051
G1 X71.199 Y110.714 E2198.05696
G1 X78.864 Y110.716 E2198.41388
G1 X78.864 Y126.456 E2199.1468
M204 S2000
G0 F9000 X78.664 Y126.115
M204 S500
G1 F1800 X78.522 Y126.256 E2199.15612
M204 S2000
G0 F9000 X77.956 Y126.256
M204 S500
G1 F1800 X78.664 Y125.549 E2199.20271
M204 S2000
G0 F9000 X78.664 Y124.983
M204 S500
G1 F1800 X77.391 Y126.256 E2199.28653
M204 S2000
G0 F9000 X76.825 Y126.256
M204 S500
G1 F1800 X78.664 Y124.418 E2199.4076
M204 S2000
G0 F9000 X78.664 Y123.852
M204 S500
G1 F1800 X76.259 Y126.256 E2199.56594
M204 S2000
G0 F9000 X75.694 Y126.256
M204 S500
G1 F1800 X78.664 Y123.286 E2199.76152
M204 S2000
G0 F9000 X78.664 Y122.721
M204 S500
G1 F1800 X75.128 Y126.256 E2199.99434
M204 S2000
G0 F9000 X74.562 Y126.256
M204 S500
G1 F1800 X78.664 Y122.155 E2200.26443
M204 S2000
G0 F9000 X78.664 Y121.589
M204 S500
G1 F1800 X73.997 Y126.256 E2200.57176
M204 S2000
G0 F9000 X73.431 Y126.256
M204 S500
G1 F1800 X78.664 Y121.023 E2200.91636
M204 S2000
G0 F9000 X78.664 Y120.458
M204 S500
G1 F1800 X72.865 Y126.256 E2201.29821
M204 S2000
G0 F9000 X72.3 Y126.256
M204 S500
G1 F1800 X78.664 Y119.892 E2201.71729
M204 S2000
G0 F9000 X78.664 Y119.326
M204 S500
G1 F1800 X71.734 Y126.256 E2202.17364
M204 S2000
G0 F9000 X71.168 Y126.256
M204 S500
G1 F1800 X78.664 Y118.761 E2202.66723
M204 S2000
G0 F9000 X78.664 Y118.195
M204 S500
G1 F1800 X70.788 Y126.07 E2203.18584
M204 S2000
G0 F9000 X70.788 Y125.504
M204 S500
G1 F1800 X78.664 Y117.629 E2203.70446
M204 S2000
G0 F9000 X78.664 Y117.064
M204 S500
G1 F1800 X70.788 Y124.939 E2204.22307
M204 S2000
G0 F9000 X70.788 Y124.373
M204 S500
G1 F1800 X78.664 Y116.498 E2204.74169
M204 S2000
G0 F9000 X78.664 Y115.932
M204 S500
G1 F1800 X70.788 Y123.807 E2205.26031
M204 S2000
G0 F9000 X70.788 Y123.242
M204 S500
G1 F1800 X78.664 Y115.367 E2205.77892
M204 S2000
G0 F9000 X78.664 Y114.801
M204 S500
G1 F1800 X70.788 Y122.676 E2206.29754
M204 S2000
G0 F9000 X70.788 Y122.11
M204 S500
G1 F1800 X78.664 Y114.235 E2206.81615
M204 S2000
G0 F9000 X78.664 Y113.67
M204 S500
G1 F1800 X70.788 Y121.545 E2207.33477
M204 S2000
G0 F9000 X70.788 Y120.979
M204 S500
G1 F1800 X78.664 Y113.104 E2207.85338
M204 S2000
G0 F9000 X78.664 Y112.538
M204 S500
G1 F1800 X70.788 Y120.413 E2208.372
M204 S2000
G0 F9000 X70.788 Y119.848
M204 S500
G1 F1800 X78.664 Y111.972 E2208.89064
M204 S2000
G0 F9000 X78.664 Y111.407
M204 S500
G1 F1800 X70.788 Y119.282 E2209.40926
M204 S2000
G0 F9000 X70.788 Y118.716
M204 S500
G1 F1800 X78.589 Y110.915 E2209.92297
M204 S2000
G0 F9000 X78.024 Y110.915
M204 S500
G1 F1800 X70.788 Y118.15 E2210.39944
M204 S2000
G0 F9000 X70.788 Y117.585
M204 S500
G1 F1800 X77.458 Y110.915 E2210.83867
M204 S2000
G0 F9000 X76.893 Y110.915
M204 S500
G1 F1800 X70.788 Y117.019 E2211.24066
M204 S2000
G0 F9000 X70.788 Y116.453
M204 S500
G1 F1800 X76.327 Y110.915 E2211.60538
M204 S2000
G0 F9000 X75.762 Y110.914
M204 S500
G1 F1800 X70.788 Y115.888 E2211.93293
M204 S2000
G0 F9000 X70.788 Y115.322
M204 S500
G1 F1800 X75.197 Y110.914 E2212.22323
M204 S2000
G0 F9000 X74.632 Y110.913
M204 S500
G1 F1800 X70.788 Y114.756 E2212.47634
M204 S2000
G0 F9000 X70.788 Y114.191
M204 S500
G1 F1800 X74.066 Y110.913 E2212.6922
M204 S2000
G0 F9000 X73.501 Y110.913
M204 S500
G1 F1800 X70.788 Y113.625 E2212.87082
M204 S2000
G0 F9000 X70.788 Y113.059
M204 S500
G1 F1800 X72.935 Y110.913 E2213.01217
M204 S2000
G0 F9000 X72.37 Y110.912
M204 S500
G1 F1800 X70.788 Y112.494 E2213.11635
M204 S2000
G0 F9000 X70.709 Y112.008
M204 S500
G1 F1800 X71.805 Y110.912 E2213.18852
M204 S2000
G0 F9000 X71.239 Y110.912
M204 S500
G1 F1800 X70.542 Y111.608 E2213.23439
M204 S2000
G0 F9000 X70.289 Y111.296
M204 S500
G1 F1800 X70.751 Y110.834 E2213.26481
M204 S2000
G0 F9000 X70.351 Y110.668
M204 S500
G1 F1800 X69.968 Y111.051 E2213.29003
M204 S2000
G0 F9000 X69.543 Y110.91
M204 S500
G1 F1800 X70.064 Y110.389 E2213.32434
M204 S2000
G0 F9000 X69.835 Y110.053
M204 S500
G1 F1800 X69.012 Y110.876 E2213.37854
M204 S2000
G0 F9000 X68.446 Y110.876
M204 S500
G1 F1800 X69.711 Y109.611 E2213.46184
M204 S2000
G0 F9000 X69.668 Y109.089
M204 S500
G1 F1800 X67.88 Y110.876 E2213.57955
M204 S2000
G0 F9000 X67.314 Y110.876
M204 S500
G1 F1800 X69.668 Y108.523 E2213.73453
M204 S2000
G0 F9000 X69.667 Y107.958
M204 S500
G1 F1800 X66.749 Y110.876 E2213.92669
M204 S2000
G0 F9000 X66.183 Y110.876
M204 S500
G1 F1800 X69.666 Y107.393 E2214.15605
M204 S2000
G0 F9000 X69.666 Y106.828
M204 S500
G1 F1800 X65.617 Y110.876 E2214.42265
M204 S2000
G0 F9000 X65.052 Y110.876
M204 S500
G1 F1800 X69.666 Y106.263 E2214.72646
M204 S2000
G0 F9000 X69.666 Y105.697
M204 S500
G1 F1800 X64.486 Y110.876 E2215.06753
M204 S2000
G0 F9000 X63.92 Y110.876
M204 S500
G1 F1800 X69.665 Y105.132 E2215.44582
M204 S2000
G0 F9000 X69.664 Y104.567
M204 S500
G1 F1800 X63.355 Y110.876 E2215.86128
M204 S2000
G0 F9000 X62.79 Y110.876
M204 S500
G1 F1800 X69.664 Y104.001 E2216.31398
M204 S2000
G0 F9000 X69.348 Y103.752
M204 S500
G1 F1800 X62.224 Y110.876 E2216.7831
M204 S2000
G0 F9000 X61.658 Y110.876
M204 S500
G1 F1800 X68.782 Y103.752 E2217.25223
M204 S2000
G0 F9000 X68.217 Y103.752
M204 S500
G1 F1800 X61.093 Y110.876 E2217.72136
M204 S2000
G0 F9000 X60.527 Y110.876
M204 S500
G1 F1800 X67.651 Y103.752 E2218.19049
M204 S2000
G0 F9000 X67.085 Y103.752
M204 S500
G1 F1800 X59.961 Y110.876 E2218.65961
M204 S2000
G0 F9000 X59.396 Y110.876
M204 S500
G1 F1800 X66.52 Y103.752 E2219.12874
M204 S2000
G0 F9000 X65.954 Y103.752
M204 S500
G1 F1800 X58.83 Y110.876 E2219.59787
M204 S2000
G0 F9000 X58.264 Y110.876
M204 S500
G1 F1800 X65.388 Y103.752 E2220.067
M204 S2000
G0 F9000 X64.823 Y103.752
M204 S500
G1 F1800 X57.698 Y110.876 E2220.53616
M204 S2000
G0 F9000 X57.133 Y110.876
M204 S500
G1 F1800 X64.257 Y103.752 E2221.00528
M204 S2000
G0 F9000 X63.691 Y103.752
M204 S500
G1 F1800 X56.568 Y110.875 E2221.47435
M204 S2000
G0 F9000 X56.002 Y110.875
M204 S500
G1 F1800 X63.126 Y103.752 E2221.94344
M204 S2000
G0 F9000 X62.56 Y103.752
M204 S500
G1 F1800 X55.436 Y110.875 E2222.41253
M204 S2000
G0 F9000 X54.871 Y110.875
M204 S500
G1 F1800 X61.994 Y103.752 E2222.8816
M204 S2000
G0 F9000 X61.428 Y103.752
M204 S500
G1 F1800 X54.305 Y110.875 E2223.35066
M204 S2000
G0 F9000 X53.739 Y110.875
M204 S500
G1 F1800 X60.863 Y103.752 E2223.81975
M204 S2000
G0 F9000 X60.298 Y103.751
M204 S500
G1 F1800 X53.174 Y110.875 E2224.28888
M204 S2000
G0 F9000 X52.608 Y110.875
M204 S500
G1 F1800 X59.732 Y103.751 E2224.75801
M204 S2000
G0 F9000 X59.166 Y103.751
M204 S500
G1 F1800 X52.042 Y110.875 E2225.22714
M204 S2000
G0 F9000 X51.477 Y110.875
M204 S500
G1 F1800 X58.601 Y103.751 E2225.69626
M204 S2000
G0 F9000 X58.035 Y103.751
M204 S500
G1 F1800 X50.911 Y110.875 E2226.16539
M204 S2000
G0 F9000 X50.346 Y110.874
M204 S500
G1 F1800 X57.469 Y103.751 E2226.63445
M204 S2000
G0 F9000 X56.904 Y103.751
M204 S500
G1 F1800 X49.78 Y110.874 E2227.10355
M204 S2000
G0 F9000 X49.215 Y110.874
M204 S500
G1 F1800 X56.338 Y103.751 E2227.57261
M204 S2000
G0 F9000 X55.772 Y103.751
M204 S500
G1 F1800 X48.649 Y110.874 E2228.04167
M204 S2000
G0 F9000 X48.083 Y110.874
M204 S500
G1 F1800 X55.207 Y103.751 E2228.51077
M204 S2000
G0 F9000 X54.641 Y103.751
M204 S500
G1 F1800 X47.518 Y110.874 E2228.97983
M204 S2000
G0 F9000 X46.952 Y110.874
M204 S500
G1 F1800 X54.075 Y103.751 E2229.44889
M204 S2000
G0 F9000 X53.51 Y103.751
M204 S500
G1 F1800 X46.386 Y110.874 E2229.91798
M204 S2000
G0 F9000 X45.821 Y110.874
M204 S500
G1 F1800 X52.944 Y103.751 E2230.38704
M204 S2000
G0 F9000 X52.378 Y103.751
M204 S500
G1 F1800 X45.255 Y110.874 E2230.85611
M204 S2000
G0 F9000 X44.689 Y110.874
M204 S500
G1 F1800 X51.813 Y103.75 E2231.32523
M204 S2000
G0 F9000 X51.248 Y103.75
M204 S500
G1 F1800 X44.124 Y110.874 E2231.79436
M204 S2000
G0 F9000 X43.558 Y110.874
M204 S500
G1 F1800 X50.682 Y103.75 E2232.26349
M204 S2000
G0 F9000 X50.116 Y103.75
M204 S500
G1 F1800 X42.993 Y110.874 E2232.73258
M204 S2000
G0 F9000 X42.427 Y110.874
M204 S500
G1 F1800 X49.551 Y103.75 E2233.20171
M204 S2000
G0 F9000 X48.985 Y103.75
M204 S500
G1 F1800 X41.861 Y110.874 E2233.67084
M204 S2000
G0 F9000 X41.296 Y110.874
M204 S500
G1 F1800 X48.419 Y103.75 E2234.13993
M204 S2000
G0 F9000 X47.853 Y103.75
M204 S500
G1 F1800 X40.73 Y110.874 E2234.60903
M204 S2000
G0 F9000 X40.164 Y110.874
M204 S500
G1 F1800 X47.288 Y103.75 E2235.07816
M204 S2000
G0 F9000 X46.722 Y103.75
M204 S500
G1 F1800 X39.599 Y110.874 E2235.54725
M204 S2000
G0 F9000 X39.033 Y110.874
M204 S500
G1 F1800 X46.156 Y103.75 E2236.01635
M204 S2000
G0 F9000 X45.591 Y103.75
M204 S500
G1 F1800 X38.467 Y110.874 E2236.48547
M204 S2000
G0 F9000 X37.902 Y110.873
M204 S500
G1 F1800 X45.025 Y103.75 E2236.95453
M204 S2000
G0 F9000 X44.459 Y103.75
M204 S500
G1 F1800 X37.337 Y110.873 E2237.42356
M204 S2000
G0 F9000 X36.771 Y110.873
M204 S500
G1 F1800 X43.894 Y103.75 E2237.89262
M204 S2000
G0 F9000 X43.328 Y103.75
M204 S500
G1 F1800 X36.205 Y110.873 E2238.36169
M204 S2000
G0 F9000 X35.64 Y110.873
M204 S500
G1 F1800 X42.763 Y103.75 E2238.83075
M204 S2000
G0 F9000 X42.197 Y103.75
M204 S500
G1 F1800 X35.074 Y110.873 E2239.29981
M204 S2000
G0 F9000 X34.508 Y110.873
M204 S500
G1 F1800 X41.632 Y103.75 E2239.7689
M204 S2000
G0 F9000 X41.066 Y103.75
M204 S500
G1 F1800 X33.943 Y110.873 E2240.23797
M204 S2000
G0 F9000 X33.377 Y110.873
M204 S500
G1 F1800 X40.5 Y103.75 E2240.70703
M204 S2000
G0 F9000 X39.935 Y103.75
M204 S500
G1 F1800 X32.811 Y110.873 E2241.17612
M204 S2000
G0 F9000 X32.245 Y110.873
M204 S500
G1 F1800 X39.369 Y103.75 E2241.64522
M204 S2000
G0 F9000 X38.803 Y103.75
M204 S500
G1 F1800 X31.681 Y110.872 E2242.11421
M204 S2000
G0 F9000 X31.115 Y110.872
M204 S500
G1 F1800 X38.238 Y103.75 E2242.58324
M204 S2000
G0 F9000 X37.672 Y103.75
M204 S500
G1 F1800 X30.549 Y110.872 E2243.05227
M204 S2000
G0 F9000 X29.983 Y110.872
M204 S500
G1 F1800 X37.106 Y103.75 E2243.5213
M204 S2000
G0 F9000 X36.54 Y103.75
M204 S500
G1 F1800 X29.418 Y110.872 E2243.9903
M204 S2000
G0 F9000 X28.852 Y110.872
M204 S500
G1 F1800 X35.975 Y103.75 E2244.45932
M204 S2000
G0 F9000 X35.409 Y103.75
M204 S500
G1 F1800 X28.286 Y110.872 E2244.92835
M204 S2000
G0 F9000 X27.721 Y110.872
M204 S500
G1 F1800 X34.843 Y103.75 E2245.39735
M204 S2000
G0 F9000 X34.278 Y103.75
M204 S500
G1 F1800 X27.155 Y110.872 E2245.86638
M204 S2000
G0 F9000 X26.589 Y110.872
M204 S500
G1 F1800 X33.788 Y103.673 E2246.34044
M204 S2000
G0 F9000 X33.4 Y103.496
M204 S500
G1 F1800 X26.024 Y110.872 E2246.82617
M204 S2000
G0 F9000 X25.788 Y110.542
M204 S500
G1 F1800 X33.091 Y103.239 E2247.30708
M204 S2000
G0 F9000 X32.851 Y102.913
M204 S500
G1 F1800 X25.788 Y109.976 E2247.77219
M204 S2000
G0 F9000 X25.788 Y109.411
M204 S500
G1 F1800 X32.704 Y102.494 E2248.22766
M204 S2000
G0 F9000 X32.673 Y101.961
M204 S500
G1 F1800 X25.788 Y108.845 E2248.68101
M204 S2000
G0 F9000 X25.788 Y108.279
M204 S500
G1 F1800 X32.673 Y101.395 E2249.13437
M204 S2000
G0 F9000 X32.673 Y100.829
M204 S500
G1 F1800 X25.788 Y107.714 E2249.58776
M204 S2000
G0 F9000 X25.788 Y107.148
M204 S500
G1 F1800 X32.673 Y100.263 E2250.04115
M204 S2000
G0 F9000 X32.673 Y99.698
M204 S500
G1 F1800 X25.788 Y106.582 E2250.4945
M204 S2000
G0 F9000 X25.788 Y106.017
M204 S500
G1 F1800 X32.673 Y99.132 E2250.94789
M204 S2000
G0 F9000 X32.673 Y98.566
M204 S500
G1 F1800 X25.788 Y105.451 E2251.40128
M204 S2000
G0 F9000 X25.788 Y104.885
M204 S500
G1 F1800 X32.673 Y98.001 E2251.85464
M204 S2000
G0 F9000 X32.673 Y97.435
M204 S500
G1 F1800 X25.788 Y104.319 E2252.30799
M204 S2000
G0 F9000 X25.788 Y103.754
M204 S500
G1 F1800 X32.673 Y96.869 E2252.76138
M204 S2000
G0 F9000 X32.673 Y96.304
M204 S500
G1 F1800 X25.788 Y103.188 E2253.21474
M204 S2000
G0 F9000 X25.788 Y102.622
M204 S500
G1 F1800 X32.673 Y95.738 E2253.66809
M204 S2000
G0 F9000 X32.673 Y95.172
M204 S500
G1 F1800 X25.788 Y102.057 E2254.12148
M204 S2000
G0 F9000 X25.788 Y101.491
M204 S500
G1 F1800 X32.673 Y94.607 E2254.57484
M204 S2000
G0 F9000 X32.673 Y94.041
M204 S500
G1 F1800 X25.788 Y100.925 E2255.02819
M204 S2000
G0 F9000 X25.788 Y100.36
M204 S500
G1 F1800 X32.673 Y93.475 E2255.48158
M204 S2000
G0 F9000 X32.673 Y92.91
M204 S500
G1 F1800 X25.788 Y99.794 E2255.93494
M204 S2000
G0 F9000 X25.788 Y99.228
M204 S500
G1 F1800 X32.673 Y92.344 E2256.3883
M204 S2000
G0 F9000 X32.673 Y91.778
M204 S500
G1 F1800 X25.788 Y98.663 E2256.84168
M204 S2000
G0 F9000 X25.788 Y98.097
M204 S500
G1 F1800 X32.673 Y91.213 E2257.29504
M204 S2000
G0 F9000 X32.672 Y90.648
M204 S500
G1 F1800 X25.788 Y97.531 E2257.74833
M204 S2000
G0 F9000 X25.788 Y96.966
M204 S500
G1 F1800 X32.672 Y90.082 E2258.20165
M204 S2000
G0 F9000 X32.672 Y89.516
M204 S500
G1 F1800 X25.788 Y96.4 E2258.65498
M204 S2000
G0 F9000 X25.788 Y95.834
M204 S500
G1 F1800 X32.672 Y88.95 E2259.1083
M204 S2000
G0 F9000 X32.672 Y88.385
M204 S500
G1 F1800 X25.788 Y95.268 E2259.56159
M204 S2000
G0 F9000 X25.788 Y94.703
M204 S500
G1 F1800 X32.672 Y87.819 E2260.01491
M204 S2000
G0 F9000 X32.672 Y87.253
M204 S500
G1 F1800 X25.788 Y94.137 E2260.46824
M204 S2000
G0 F9000 X25.788 Y93.571
M204 S500
G1 F1800 X32.672 Y86.688 E2260.92153
M204 S2000
G0 F9000 X32.672 Y86.122
M204 S500
G1 F1800 X25.788 Y93.006 E2261.37485
M204 S2000
G0 F9000 X25.788 Y92.44
M204 S500
G1 F1800 X32.672 Y85.556 E2261.82817
M204 S2000
G0 F9000 X32.672 Y84.991
M204 S500
G1 F1800 X25.788 Y91.874 E2262.28146
M204 S2000
G0 F9000 X25.788 Y91.309
M204 S500
G1 F1800 X32.672 Y84.425 E2262.73479
M204 S2000
G0 F9000 X32.672 Y83.859
M204 S500
G1 F1800 X25.788 Y90.743 E2263.18811
M204 S2000
G0 F9000 X25.788 Y90.177
M204 S500
G1 F1800 X32.672 Y83.294 E2263.6414
M204 S2000
G0 F9000 X32.672 Y82.728
M204 S500
G1 F1800 X25.788 Y89.612 E2264.09472
M204 S2000
G0 F9000 X25.788 Y89.046
M204 S500
G1 F1800 X32.672 Y82.162 E2264.54805
M204 S2000
G0 F9000 X32.672 Y81.597
M204 S500
G1 F1800 X25.788 Y88.48 E2265.00134
M204 S2000
G0 F9000 X25.788 Y87.915
M204 S500
G1 F1800 X32.672 Y81.031 E2265.45466
M204 S2000
G0 F9000 X32.672 Y80.465
M204 S500
G1 F1800 X25.788 Y87.349 E2265.90798
M204 S2000
G0 F9000 X25.788 Y86.783
M204 S500
G1 F1800 X32.672 Y79.9 E2266.36127
M204 S2000
G0 F9000 X32.672 Y79.334
M204 S500
G1 F1800 X25.788 Y86.218 E2266.8146
M204 S2000
G0 F9000 X25.788 Y85.652
M204 S500
G1 F1800 X32.671 Y78.769 E2267.26785
M204 S2000
G0 F9000 X32.671 Y78.203
M204 S500
G1 F1800 X25.788 Y85.086 E2267.72111
M204 S2000
G0 F9000 X25.788 Y84.52
M204 S500
G1 F1800 X32.671 Y77.637 E2268.17437
M204 S2000
G0 F9000 X32.671 Y77.072
M204 S500
G1 F1800 X25.788 Y83.955 E2268.62763
M204 S2000
G0 F9000 X25.788 Y83.389
M204 S500
G1 F1800 X32.671 Y76.506 E2269.08088
M204 S2000
G0 F9000 X32.671 Y75.94
M204 S500
G1 F1800 X25.788 Y82.823 E2269.53414
M204 S2000
G0 F9000 X25.788 Y82.258
M204 S500
G1 F1800 X32.671 Y75.375 E2269.9874
M204 S2000
G0 F9000 X32.671 Y74.809
M204 S500
G1 F1800 X25.788 Y81.692 E2270.44065
M204 S2000
G0 F9000 X25.788 Y81.126
M204 S500
G1 F1800 X32.671 Y74.243 E2270.89391
M204 S2000
G0 F9000 X32.671 Y73.678
M204 S500
G1 F1800 X25.788 Y80.561 E2271.34717
M204 S2000
G0 F9000 X25.788 Y79.995
M204 S500
G1 F1800 X32.671 Y73.112 E2271.80043
M204 S2000
G0 F9000 X32.671 Y72.546
M204 S500
G1 F1800 X25.788 Y79.429 E2272.25368
M204 S2000
G0 F9000 X25.788 Y78.864
M204 S500
G1 F1800 X32.671 Y71.981 E2272.70694
M204 S2000
G0 F9000 X32.671 Y71.415
M204 S500
G1 F1800 X25.788 Y78.298 E2273.1602
M204 S2000
G0 F9000 X25.788 Y77.732
M204 S500
G1 F1800 X32.671 Y70.849 E2273.61346
M204 S2000
G0 F9000 X32.671 Y70.284
M204 S500
G1 F1800 X25.788 Y77.167 E2274.06671
M204 S2000
G0 F9000 X25.788 Y76.601
M204 S500
G1 F1800 X32.671 Y69.718 E2274.51997
M204 S2000
G0 F9000 X32.671 Y69.152
M204 S500
G1 F1800 X25.788 Y76.035 E2274.97323
M204 S2000
G0 F9000 X25.788 Y75.47
M204 S500
G1 F1800 X32.671 Y68.587 E2275.42648
M204 S2000
G0 F9000 X32.671 Y68.021
M204 S500
G1 F1800 X25.788 Y74.904 E2275.87974
M204 S2000
G0 F9000 X25.788 Y74.338
M204 S500
G1 F1800 X32.671 Y67.455 E2276.333
M204 S2000
G0 F9000 X32.67 Y66.89
M204 S500
G1 F1800 X25.788 Y73.772 E2276.78619
M204 S2000
G0 F9000 X25.788 Y73.207
M204 S500
G1 F1800 X32.67 Y66.324 E2277.23942
M204 S2000
G0 F9000 X32.67 Y65.759
M204 S500
G1 F1800 X25.788 Y72.641 E2277.69261
M204 S2000
G0 F9000 X25.788 Y72.075
M204 S500
G1 F1800 X32.67 Y65.193 E2278.1458
M204 S2000
G0 F9000 X32.67 Y64.627
M204 S500
G1 F1800 X25.788 Y71.51 E2278.59902
M204 S2000
G0 F9000 X25.788 Y70.944
M204 S500
G1 F1800 X32.67 Y64.062 E2279.05221
M204 S2000
G0 F9000 X32.67 Y63.496
M204 S500
G1 F1800 X25.788 Y70.378 E2279.50541
M204 S2000
G0 F9000 X25.788 Y69.813
M204 S500
G1 F1800 X32.67 Y62.93 E2279.95863
M204 S2000
G0 F9000 X32.67 Y62.365
M204 S500
G1 F1800 X25.788 Y69.247 E2280.41182
M204 S2000
G0 F9000 X25.788 Y68.681
M204 S500
G1 F1800 X32.67 Y61.799 E2280.86501
M204 S2000
G0 F9000 X32.67 Y61.233
M204 S500
G1 F1800 X25.788 Y68.116 E2281.31824
M204 S2000
G0 F9000 X25.788 Y67.55
M204 S500
G1 F1800 X32.67 Y60.668 E2281.77143
M204 S2000
G0 F9000 X32.67 Y60.102
M204 S500
G1 F1800 X25.788 Y66.984 E2282.22462
M204 S2000
G0 F9000 X25.788 Y66.419
M204 S500
G1 F1800 X32.67 Y59.536 E2282.67784
M204 S2000
G0 F9000 X32.67 Y58.971
M204 S500
G1 F1800 X25.788 Y65.853 E2283.13104
M204 S2000
G0 F9000 X25.788 Y65.287
M204 S500
G1 F1800 X32.67 Y58.405 E2283.58423
M204 S2000
G0 F9000 X32.67 Y57.839
M204 S500
G1 F1800 X25.788 Y64.721 E2284.03742
M204 S2000
G0 F9000 X25.788 Y64.156
M204 S500
G1 F1800 X32.67 Y57.274 E2284.49061
M204 S2000
G0 F9000 X32.67 Y56.708
M204 S500
G1 F1800 X25.788 Y63.59 E2284.9438
M204 S2000
G0 F9000 X25.788 Y63.024
M204 S500
G1 F1800 X32.67 Y56.142 E2285.39699
M204 S2000
G0 F9000 X32.67 Y55.576
M204 S500
G1 F1800 X25.788 Y62.459 E2285.85022
M204 S2000
G0 F9000 X25.788 Y61.893
M204 S500
G1 F1800 X32.67 Y55.011 E2286.30341
M204 S2000
G0 F9000 X32.67 Y54.446
M204 S500
G1 F1800 X25.788 Y61.327 E2286.75657
M204 S2000
G0 F9000 X25.788 Y60.762
M204 S500
G1 F1800 X32.67 Y53.88 E2287.20976
M204 S2000
G0 F9000 X32.67 Y53.314
M204 S500
G1 F1800 X25.788 Y60.196 E2287.66295
M204 S2000
G0 F9000 X25.788 Y59.63
M204 S500
G1 F1800 X32.67 Y52.749 E2288.11611
M204 S2000
G0 F9000 X32.67 Y52.183
M204 S500
G1 F1800 X25.788 Y59.065 E2288.5693
M204 S2000
G0 F9000 X25.788 Y58.499
M204 S500
G1 F1800 X32.67 Y51.617 E2289.02249
M204 S2000
G0 F9000 X32.67 Y51.052
M204 S500
G1 F1800 X25.788 Y57.933 E2289.47565
M204 S2000
G0 F9000 X25.788 Y57.368
M204 S500
G1 F1800 X32.67 Y50.486 E2289.92884
M204 S2000
G0 F9000 X32.67 Y49.92
M204 S500
G1 F1800 X25.788 Y56.802 E2290.38203
M204 S2000
G0 F9000 X25.788 Y56.236
M204 S500
G1 F1800 X32.67 Y49.355 E2290.83519
M204 S2000
G0 F9000 X32.67 Y48.789
M204 S500
G1 F1800 X25.788 Y55.671 E2291.28838
M204 S2000
G0 F9000 X25.788 Y55.105
M204 S500
G1 F1800 X32.67 Y48.223 E2291.74157
M204 S2000
G0 F9000 X32.67 Y47.658
M204 S500
G1 F1800 X25.788 Y54.539 E2292.19473
M204 S2000
G0 F9000 X25.788 Y53.973
M204 S500
G1 F1800 X32.67 Y47.092 E2292.64789
M204 S2000
G0 F9000 X32.67 Y46.526
M204 S500
G1 F1800 X25.788 Y53.408 E2293.10108
M204 S2000
G0 F9000 X25.788 Y52.842
M204 S500
G1 F1800 X32.67 Y45.961 E2293.55424
M204 S2000
G0 F9000 X32.67 Y45.395
M204 S500
G1 F1800 X25.788 Y52.276 E2294.0074
M204 S2000
G0 F9000 X25.788 Y51.711
M204 S500
G1 F1800 X32.67 Y44.829 E2294.46059
M204 S2000
G0 F9000 X32.67 Y44.263
M204 S500
G1 F1800 X25.788 Y51.145 E2294.91378
M204 S2000
G0 F9000 X25.788 Y50.579
M204 S500
G1 F1800 X32.67 Y43.698 E2295.36694
M204 S2000
G0 F9000 X32.669 Y43.133
M204 S500
G1 F1800 X25.788 Y50.014 E2295.82007
M204 S2000
G0 F9000 X25.788 Y49.448
M204 S500
G1 F1800 X32.669 Y42.567 E2296.27319
M204 S2000
G0 F9000 X32.669 Y42.001
M204 S500
G1 F1800 X25.788 Y48.882 E2296.72632
M204 S2000
G0 F9000 X25.788 Y48.317
M204 S500
G1 F1800 X32.669 Y41.436 E2297.17944
M204 S2000
G0 F9000 X32.669 Y40.87
M204 S500
G1 F1800 X25.788 Y47.751 E2297.63257
M204 S2000
G0 F9000 X25.788 Y47.185
M204 S500
G1 F1800 X32.669 Y40.304 E2298.0857
M204 S2000
G0 F9000 X32.669 Y39.739
M204 S500
G1 F1800 X25.788 Y46.62 E2298.53882
M204 S2000
G0 F9000 X25.788 Y46.054
M204 S500
G1 F1800 X32.669 Y39.173 E2298.99195
M204 S2000
G0 F9000 X32.669 Y38.607
M204 S500
G1 F1800 X25.788 Y45.488 E2299.44507
M204 S2000
G0 F9000 X25.788 Y44.922
M204 S500
G1 F1800 X32.669 Y38.042 E2299.89816
M204 S2000
G0 F9000 X32.669 Y37.476
M204 S500
G1 F1800 X25.788 Y44.357 E2300.35129
M204 S2000
G0 F9000 X25.788 Y43.791
M204 S500
G1 F1800 X32.669 Y36.91 E2300.80442
M204 S2000
G0 F9000 X32.669 Y36.345
M204 S500
G1 F1800 X25.788 Y43.225 E2301.25751
M204 S2000
G0 F9000 X25.788 Y42.66
M204 S500
G1 F1800 X32.669 Y35.779 E2301.71063
M204 S2000
G0 F9000 X32.669 Y35.213
M204 S500
G1 F1800 X25.788 Y42.094 E2302.16376
M204 S2000
G0 F9000 X25.788 Y41.528
M204 S500
G1 F1800 X32.669 Y34.648 E2302.61685
M204 S2000
G0 F9000 X32.669 Y34.082
M204 S500
G1 F1800 X25.788 Y40.963 E2303.06998
M204 S2000
G0 F9000 X25.788 Y40.397
M204 S500
G1 F1800 X32.669 Y33.516 E2303.5231
M204 S2000
G0 F9000 X32.669 Y32.95
M204 S500
G1 F1800 X25.788 Y39.831 E2303.97623
M204 S2000
G0 F9000 X25.788 Y39.266
M204 S500
G1 F1800 X32.669 Y32.385 E2304.42936
M204 S2000
G0 F9000 X32.668 Y31.82
M204 S500
G1 F1800 X25.788 Y38.7 E2304.88241
M204 S2000
G0 F9000 X25.788 Y38.134
M204 S500
G1 F1800 X32.668 Y31.254 E2305.33547
M204 S2000
G0 F9000 X32.668 Y30.688
M204 S500
G1 F1800 X25.788 Y37.569 E2305.78857
M204 S2000
G0 F9000 X25.788 Y37.003
M204 S500
G1 F1800 X32.668 Y30.123 E2306.24163
M204 S2000
G0 F9000 X32.668 Y29.557
M204 S500
G1 F1800 X25.788 Y36.437 E2306.69469
M204 S2000
G0 F9000 X25.788 Y35.872
M204 S500
G1 F1800 X32.668 Y28.991 E2307.14778
M204 S2000
G0 F9000 X32.668 Y28.426
M204 S500
G1 F1800 X25.788 Y35.306 E2307.60084
M204 S2000
G0 F9000 X25.788 Y34.74
M204 S500
G1 F1800 X32.668 Y27.86 E2308.0539
M204 S2000
G0 F9000 X32.668 Y27.294
M204 S500
G1 F1800 X25.788 Y34.174 E2308.50696
M204 S2000
G0 F9000 X25.788 Y33.609
M204 S500
G1 F1800 X32.668 Y26.729 E2308.96002
M204 S2000
G0 F9000 X32.668 Y26.163
M204 S500
G1 F1800 X25.788 Y33.043 E2309.41308
M204 S2000
G0 F9000 X25.788 Y32.477
M204 S500
G1 F1800 X32.668 Y25.597 E2309.86614
M204 S2000
G0 F9000 X32.668 Y25.032
M204 S500
G1 F1800 X25.788 Y31.912 E2310.3192
M204 S2000
G0 F9000 X25.788 Y31.346
M204 S500
G1 F1800 X32.668 Y24.466 E2310.77226
M204 S2000
G0 F9000 X32.668 Y23.9
M204 S500
G1 F1800 X25.788 Y30.78 E2311.22532
M204 S2000
G0 F9000 X25.788 Y30.215
M204 S500
G1 F1800 X32.668 Y23.335 E2311.67838
M204 S2000
G0 F9000 X32.668 Y22.769
M204 S500
G1 F1800 X25.788 Y29.649 E2312.13144
M204 S2000
G0 F9000 X25.788 Y29.083
M204 S500
G1 F1800 X32.668 Y22.203 E2312.5845
M204 S2000
G0 F9000 X32.668 Y21.637
M204 S500
G1 F1800 X25.788 Y28.518 E2313.03759
M204 S2000
G0 F9000 X25.788 Y27.952
M204 S500
G1 F1800 X32.668 Y21.072 E2313.49065
M204 S2000
G0 F9000 X32.668 Y20.506
M204 S500
G1 F1800 X25.788 Y27.386 E2313.94371
M204 S2000
G0 F9000 X25.788 Y26.821
M204 S500
G1 F1800 X32.668 Y19.941 E2314.39677
M204 S2000
G0 F9000 X32.668 Y19.375
M204 S500
G1 F1800 X25.788 Y26.255 E2314.84983
M204 S2000
G0 F9000 X25.788 Y25.689
M204 S500
G1 F1800 X32.668 Y18.81 E2315.30285
M204 S2000
G0 F9000 X32.668 Y18.244
M204 S500
G1 F1800 X25.788 Y25.124 E2315.75591
M204 S2000
G0 F9000 X25.788 Y24.558
M204 S500
G1 F1800 X32.668 Y17.678 E2316.20897
M204 S2000
G0 F9000 X32.668 Y17.113
M204 S500
G1 F1800 X25.788 Y23.992 E2316.662
M204 S2000
G0 F9000 X25.788 Y23.426
M204 S500
G1 F1800 X32.668 Y16.547 E2317.11503
M204 S2000
G0 F9000 X32.668 Y15.981
M204 S500
G1 F1800 X25.788 Y22.861 E2317.56809
M204 S2000
G0 F9000 X25.788 Y22.295
M204 S500
G1 F1800 X32.668 Y15.416 E2318.02111
M204 S2000
G0 F9000 X32.668 Y14.85
M204 S500
G1 F1800 X25.788 Y21.729 E2318.47414
M204 S2000
G0 F9000 X25.788 Y21.164
M204 S500
G1 F1800 X32.668 Y14.284 E2318.9272
M204 S2000
G0 F9000 X32.668 Y13.719
M204 S500
G1 F1800 X25.788 Y20.598 E2319.38023
M204 S2000
G0 F9000 X25.788 Y20.032
M204 S500
G1 F1800 X32.668 Y13.153 E2319.83325
M204 S2000
G0 F9000 X32.668 Y12.587
M204 S500
G1 F1800 X25.788 Y19.467 E2320.28631
M204 S2000
G0 F9000 X25.788 Y18.901
M204 S500
G1 F1800 X32.668 Y12.022 E2320.73934
M204 S2000
G0 F9000 X32.668 Y11.456
M204 S500
G1 F1800 X25.788 Y18.335 E2321.19237
M204 S2000
G0 F9000 X25.788 Y17.77
M204 S500
G1 F1800 X32.668 Y10.89 E2321.64543
M204 S2000
G0 F9000 X32.668 Y10.324
M204 S500
G1 F1800 X25.788 Y17.204 E2322.09849
M204 S2000
G0 F9000 X25.788 Y16.638
M204 S500
G1 F1800 X32.668 Y9.759 E2322.55151
M204 S2000
G0 F9000 X32.668 Y9.193
M204 S500
G1 F1800 X25.788 Y16.073 E2323.00457
M204 S2000
G0 F9000 X25.788 Y15.507
M204 S500
G1 F1800 X32.668 Y8.627 E2323.45763
M204 S2000
G0 F9000 X32.354 Y8.376
M204 S500
G1 F1800 X25.788 Y14.941 E2323.88998
M204 S2000
G0 F9000 X25.788 Y14.375
M204 S500
G1 F1800 X31.788 Y8.376 E2324.28506
M204 S2000
G0 F9000 X31.222 Y8.376
M204 S500
G1 F1800 X25.788 Y13.81 E2324.6429
M204 S2000
G0 F9000 X25.788 Y13.244
M204 S500
G1 F1800 X30.657 Y8.376 E2324.9635
M204 S2000
G0 F9000 X30.091 Y8.376
M204 S500
G1 F1800 X25.788 Y12.678 E2325.24682
M204 S2000
G0 F9000 X25.788 Y12.113
M204 S500
G1 F1800 X29.525 Y8.376 E2325.49291
M204 S2000
G0 F9000 X28.96 Y8.376
M204 S500
G1 F1800 X25.788 Y11.547 E2325.70176
M204 S2000
G0 F9000 X25.788 Y10.981
M204 S500
G1 F1800 X28.394 Y8.376 E2325.87334
M204 S2000
G0 F9000 X27.828 Y8.376
M204 S500
G1 F1800 X25.788 Y10.416 E2326.00768
M204 S2000
G0 F9000 X25.788 Y9.85
M204 S500
G1 F1800 X27.263 Y8.376 E2326.10477
M204 S2000
G0 F9000 X26.697 Y8.376
M204 S500
G1 F1800 X25.788 Y9.284 E2326.1646
M204 S2000
G0 F9000 X25.788 Y8.719
M204 S500
G1 F1800 X26.131 Y8.376 E2326.18719
;TIME_ELAPSED:2392.733126
G1 F2400 E2325.38719
M140 S0
M107
G91 ;Relative positioning
G1 E-2 F2700 ;Retract a bit
G1 E-2 Z0.2 F2400 ;Retract and raise Z
G1 X5 Y5 F3000 ;Wipe out
G1 Z10 ;Raise Z more
G90 ;Absolute positioning

G1 X0 Y220.0 ;Present print
M106 S0 ;Turn-off fan
M104 S0 ;Turn-off hotend
M140 S0 ;Turn-off bed

M84 X Y E ;Disable all steppers but Z

M82 ;absolute extrusion mode
M104 S0
;End of Gcode
;SETTING_3 {"global_quality": "[general]\\nversion = 4\\nname = Standard Quality
;SETTING_3  #2\\ndefinition = creality_ender3s1\\n\\n[metadata]\\ntype = quality
;SETTING_3 _changes\\nquality_type = standard\\nsetting_version = 25\\n\\n[value
;SETTING_3 s]\\nadhesion_type = brim\\nlayer_height = 0.28\\nsupport_enable = Tr
;SETTING_3 ue\\nsupport_structure = normal\\nsupport_type = buildplate\\n\\n", "
;SETTING_3 extruder_quality": ["[general]\\nversion = 4\\nname = Standard Qualit
;SETTING_3 y #2\\ndefinition = creality_ender3s1\\n\\n[metadata]\\ntype = qualit
;SETTING_3 y_changes\\nquality_type = standard\\nsetting_version = 25\\nposition
;SETTING_3  = 0\\n\\n[values]\\nbrim_width = 3.0\\ncool_fan_speed = 30\\ncool_fa
;SETTING_3 n_speed_max = 50.0\\ncool_min_temperature = 240.0\\ninfill_sparse_den
;SETTING_3 sity = 15.0\\nmaterial_print_temperature = 240.0\\nsupport_angle = 50
;SETTING_3 .0\\nwall_line_count = 3\\n\\n"]}
